{"_id":{"$oid":"57d7c2047fea4b17a8f92e08"},"username":"infoKALTENG","url":"/infoKALTENG/status/583473079445135360?p=v","year":"15","entity":{"LOC":["selama","3"],"NUM":["62"],"CON":["penderita"]},"url_duplicate":["/infoKALTENG/status/583473079445135360?p=v"],"time":"1 Apr 15","id":"583473079445135360","entity_position":{"3":[1],"penderita":[3],"selama":[0],"62":[5]},"month":4,"text_tweet":"selama 3 bulan penderita/CON dbd 62/NUM kasus","day":1}
{"_id":{"$oid":"57d7c2047fea4b17a8f92e09"},"username":"metrobali","url":"/metrobali/status/583201433685643264?p=v","year":"15","entity":{"ORG":["rsud"],"NUM":["209"],"LOC":["wangaya"]},"url_duplicate":["/metrobali/status/583201433685643264?p=v"],"time":"1 Apr 15","id":"583201433685643264","entity_position":{"209":[3],"wangaya":[1],"rsud":[0]},"month":4,"text_tweet":"rsud/ORG wangaya terima 209/NUM pasien dbd via","day":1}
{"_id":{"$oid":"57d7c2047fea4b17a8f92e0a"},"username":"BALIisland_ID","url":"/BALIisland_ID/status/583179256278085633?p=v","year":"15","entity":{"LOC":["wangaya","denpasar","rumah","umum","wangaya","denpasar","bali"],"ORG":["rsud","rsud"],"NUM":["209"],"CON":["sakit"]},"url_duplicate":["/BALIisland_ID/status/583179256278085633?p=v"],"time":"1 Apr 15","id":"583179256278085633","entity_position":{"umum":[9],"bali":[14],"209":[4],"rumah":[7],"rsud":[0,11],"sakit":[8],"denpasar":[2,13],"wangaya":[1,12]},"month":4,"text_tweet":"rsud/ORG wangaya denpasar/LOC terima 209/NUM pasien dbd rumah sakit/CON umum daerah rsud/ORG wangaya denpasar/LOC bali menca","day":1}
{"_id":{"$oid":"57d7c2047fea4b17a8f92e0b"},"username":"antaranews_bali","url":"/antaranews_bali/status/583176644858224642?p=v","year":"15","entity":{"ORG":["rsud"],"NUM":["209"],"LOC":["wangaya","denpasar"]},"url_duplicate":["/antaranews_bali/status/583176644858224642?p=v","/victorcmambor/status/583187447296626688?p=v"],"time":"1 Apr 15","id":"583176644858224642","entity_position":{"209":[4],"wangaya":[1],"rsud":[0],"denpasar":[2]},"month":4,"text_tweet":"rsud/ORG wangaya denpasar/LOC terima 209/NUM pasien dbd","day":1}
{"_id":{"$oid":"57d7c2047fea4b17a8f92e0c"},"username":"bewaraco","url":"/bewaraco/status/583188714823680000?p=v","year":"15","entity":{"ORG":["rsud"],"NUM":["209"],"LOC":["wangaya"]},"url_duplicate":["/bewaraco/status/583188714823680000?p=v"],"time":"1 Apr 15","id":"583188714823680000","entity_position":{"209":[5],"wangaya":[2],"rsud":[1]},"month":4,"text_tweet":"duh rsud/ORG wangaya sudah terima 209/NUM pasien dbd","day":1}
{"_id":{"$oid":"57d7c2047fea4b17a8f92e0d"},"username":"RakyatBekasiCom","url":"/RakyatBekasiCom/status/583438988540829696?p=v","year":"15","entity":{"LOC":["babelan","rumah","bekasi"],"NUM":["4"],"CON":["diserang","sakit"]},"url_duplicate":["/RakyatBekasiCom/status/583438988540829696?p=v","/RakyatBekasiCom/status/583407777101418496?p=v","/RakyatBekasiCom/status/583252313495744512?p=v","/RakyatBekasiCom/status/583309532148973568?p=v"],"time":"1 Apr 15","id":"583438988540829696","entity_position":{"babelan":[4],"rumah":[6],"sakit":[7],"4":[2],"diserang":[0],"bekasi":[9]},"month":4,"text_tweet":"diserang/CON dbd 4/NUM warga babelan/LOC dilarikan rumah sakit/CON berita bekasi/LOC online","day":1}
{"_id":{"$oid":"57d7c2047fea4b17a8f92e0e"},"username":"MalangTercinta","url":"/MalangTercinta/status/583166898117935104?p=v","year":"15","entity":{"LOC":["malang","pembaruan","pembaruan"],"NUM":["5","5"],"CON":["renggut","renggut"]},"url_duplicate":["/MalangTercinta/status/583166898117935104?p=v","/MalangTercinta/status/583206083176562688?p=v","/MalangTercinta/status/583186125751189504?p=v","/MalangTercinta/status/583246909239857152?p=v"],"time":"1 Apr 15","id":"583166898117935104","entity_position":{"renggut":[1,11],"pembaruan":[7,9],"5":[2,12],"malang":[5]},"month":4,"text_tweet":"dbd renggut/CON 5/NUM nyawa di malang/LOC suara pembaruan suara pembaruan dbd renggut/CON 5/NUM nyawa","day":1}
{"_id":{"$oid":"57d7c2047fea4b17a8f92e0f"},"username":"infojatim","url":"/infojatim/status/583404227956842496?p=v","year":"15","entity":{"LOC":["malang","pembaruan"],"NUM":["5"],"CON":["renggut"]},"url_duplicate":["/infojatim/status/583404227956842496?p=v","/infojatim/status/583456185170309121?p=v","/infojatim/status/583223546727374848?p=v","/infojatim/status/583448389502676992?p=v","/infojatim/status/583505927862489089?p=v","/infojatim/status/583264475958013952?p=v"],"time":"1 Apr 15","id":"583404227956842496","entity_position":{"renggut":[1],"pembaruan":[7],"5":[2],"malang":[5]},"month":4,"text_tweet":"dbd renggut/CON 5/NUM nyawa di malang/LOC suara pembaruan","day":1}
{"_id":{"$oid":"57d7c2047fea4b17a8f92e10"},"username":"BE_Bengkulu","url":"/BE_Bengkulu/status/583448793753878528?p=v","year":"15","entity":{"LOC":["positif","fogging"],"NUM":["3"],"ORG":["dinkes"]},"url_duplicate":["/BE_Bengkulu/status/583448793753878528?p=v","/BE_Bengkulu/status/583403499553067008?p=v","/BE_Bengkulu/status/583516741155725313?p=v","/BE_Bengkulu/status/583263838398603264?p=v","/BE_Bengkulu/status/583161923375497216?p=v"],"time":"1 Apr 15","id":"583448793753878528","entity_position":{"3":[0],"positif":[2],"dinkes":[4],"fogging":[5]},"month":4,"text_tweet":"3/NUM warga positif dbd dinkes/ORG fogging","day":1}
{"_id":{"$oid":"57d7c2047fea4b17a8f92e11"},"username":"Manado_Today","url":"/Manado_Today/status/583606967769235457?p=v","year":"15","entity":{"LOC":["mitra","positif"],"NUM":["6"]},"url_duplicate":["/Manado_Today/status/583606967769235457?p=v"],"time":"2 Apr 15","id":"583606967769235457","entity_position":{"positif":[6],"mitra":[2],"6":[4]},"month":4,"text_tweet":"tahun 2015 mitra kantongi 6/NUM kasus positif dbd","day":2}
{"_id":{"$oid":"57d7c2047fea4b17a8f92e12"},"username":"infojatim","url":"/infojatim/status/583864711797579777?p=v","year":"15","entity":{"LOC":["malang","pembaruan"],"NUM":["5"],"CON":["renggut"]},"url_duplicate":["/infojatim/status/583864711797579777?p=v","/infojatim/status/583538945977290752?p=v","/infojatim/status/583638657187229696?p=v","/infojatim/status/583727606610034689?p=v","/infojatim/status/583814566099816448?p=v"],"time":"2 Apr 15","id":"583864711797579777","entity_position":{"renggut":[1],"pembaruan":[7],"5":[2],"malang":[5]},"month":4,"text_tweet":"dbd renggut/CON 5/NUM nyawa di malang/LOC suara pembaruan","day":2}
{"_id":{"$oid":"57d7c2047fea4b17a8f92e13"},"username":"infomaduraID","url":"/infomaduraID/status/583538452827734017?p=v","year":"15","entity":{"LOC":["3","pamekasanterserang"],"NUM":["280"]},"url_duplicate":["/infomaduraID/status/583538452827734017?p=v"],"time":"2 Apr 15","id":"583538452827734017","entity_position":{"280":[2],"3":[0],"pamekasanterserang":[5]},"month":4,"text_tweet":"3 bulan 280/NUM warga di pamekasanterserang dbd","day":2}
{"_id":{"$oid":"57d7c2047fea4b17a8f92e14"},"username":"infojatim","url":"/infojatim/status/583986826693615616?p=v","year":"15","entity":{"LOC":["malang","pembaruan"],"NUM":["5"],"CON":["renggut"]},"url_duplicate":["/infojatim/status/583986826693615616?p=v","/infojatim/status/584022567951826944?p=v","/infojatim/status/583933684862078977?p=v"],"time":"3 Apr 15","id":"583986826693615616","entity_position":{"renggut":[1],"pembaruan":[7],"5":[2],"malang":[5]},"month":4,"text_tweet":"dbd renggut/CON 5/NUM nyawa di malang/LOC suara pembaruan","day":3}
{"_id":{"$oid":"57d7c2047fea4b17a8f92e15"},"username":"kompascom","url":"/kompascom/status/584960520106582016?p=v","year":"15","entity":{"LOC":["miskin"],"NUM":["2"],"CON":["terserang","meninggal"]},"url_duplicate":["/kompascom/status/584960520106582016?p=v"],"time":"5 Apr 15","id":"584960520106582016","entity_position":{"miskin":[1],"meninggal":[7],"terserang":[2],"2":[5]},"month":4,"text_tweet":"warga miskin terserang/CON demam berdarah 2/NUM orang meninggal/CON","day":5}
{"_id":{"$oid":"57d7c2047fea4b17a8f92e16"},"username":"infojatim","url":"/infojatim/status/584889192871628800?p=v","year":"15","entity":{"LOC":["malang","pembaruan"],"NUM":["5"],"CON":["renggut"]},"url_duplicate":["/infojatim/status/584889192871628800?p=v"],"time":"5 Apr 15","id":"584889192871628800","entity_position":{"renggut":[1],"pembaruan":[7],"5":[2],"malang":[5]},"month":4,"text_tweet":"dbd renggut/CON 5/NUM nyawa di malang/LOC suara pembaruan","day":5}
{"_id":{"$oid":"57d7c2047fea4b17a8f92e17"},"username":"depoknews","url":"/depoknews/status/584897221436375040?p=v","year":"15","entity":{"LOC":["ratu","jaya","depok"],"NUM":["7"],"CON":["terjangkit"]},"url_duplicate":["/depoknews/status/584897221436375040?p=v"],"time":"5 Apr 15","id":"584897221436375040","entity_position":{"jaya":[3],"ratu":[2],"depok":[4],"7":[0],"terjangkit":[5]},"month":4,"text_tweet":"7/NUM warga ratu jaya depok terjangkit/CON dbd gt","day":5}
{"_id":{"$oid":"57d7c2047fea4b17a8f92e18"},"username":"depoknews","url":"/depoknews/status/584688434960183297?p=v","year":"15","entity":{"LOC":["ratu","jaya","depok"],"NUM":["7"],"CON":["terjangkit"]},"url_duplicate":["/depoknews/status/584688434960183297?p=v"],"time":"5 Apr 15","id":"584688434960183297","entity_position":{"jaya":[3],"ratu":[2],"depok":[4],"7":[0],"terjangkit":[5]},"month":4,"text_tweet":"7/NUM warga ratu jaya depok terjangkit/CON dbd","day":5}
{"_id":{"$oid":"57d7c2047fea4b17a8f92e19"},"username":"BambangParijoto","url":"/BambangParijoto/status/584967790647316480?p=v","year":"15","entity":{"LOC":["gondangrejo","gerakkan"],"NUM":["20"]},"url_duplicate":["/BambangParijoto/status/584967790647316480?p=v"],"time":"5 Apr 15","id":"584967790647316480","entity_position":{"gerakkan":[4],"gondangrejo":[3],"20":[0]},"month":4,"text_tweet":"20/NUM kasus dbd gondangrejo/LOC gerakkan psn serentak","day":5}
{"_id":{"$oid":"57d7c2047fea4b17a8f92e1a"},"username":"belengsultra","url":"/belengsultra/status/584737797141045249?p=v","year":"15","entity":{"LOC":["positif","rumbia","titik","rawan"],"NUM":["17"]},"url_duplicate":["/belengsultra/status/584737797141045249?p=v"],"time":"5 Apr 15","id":"584737797141045249","entity_position":{"positif":[2],"17":[0],"rumbia":[4],"rawan":[7],"titik":[6]},"month":4,"text_tweet":"17/NUM warga positif dbd rumbia/LOC jadi titik rawan","day":5}
{"_id":{"$oid":"57d7c2047fea4b17a8f92e1b"},"username":"bewaraco","url":"/bewaraco/status/585178501499748353?p=v","year":"15","entity":{"LOC":["miskin"],"NUM":["2"],"CON":["terserang","meninggal"]},"url_duplicate":["/bewaraco/status/585178501499748353?p=v"],"time":"6 Apr 15","id":"585178501499748353","entity_position":{"miskin":[1],"meninggal":[7],"terserang":[2],"2":[5]},"month":4,"text_tweet":"warga miskin terserang/CON demam berdarah 2/NUM orang meninggal/CON","day":6}
{"_id":{"$oid":"57d7c2047fea4b17a8f92e1c"},"username":"pkssemarang","url":"/pkssemarang/status/585287491755712513?p=v","year":"15","entity":{"LOC":["salah","salah"],"NUM":["1nya","1"]},"url_duplicate":["/pkssemarang/status/585287491755712513?p=v"],"time":"6 Apr 15","id":"585287491755712513","entity_position":{"1":[4],"salah":[0,3],"1nya":[1]},"month":4,"text_tweet":"salah 1nya/NUM anak salah 1/NUM warga","day":6}
{"_id":{"$oid":"57d7c2047fea4b17a8f92e1d"},"username":"kotapurwakarta","url":"/kotapurwakarta/status/585027073212690432?p=v","year":"15","entity":{"LOC":["banjar"],"ORG":["kota"],"NUM":["1"],"CON":["meninggal"]},"url_duplicate":["/kotapurwakarta/status/585027073212690432?p=v"],"time":"6 Apr 15","id":"585027073212690432","entity_position":{"1":[5],"meninggal":[7],"banjar":[4],"kota":[3]},"month":4,"text_tweet":"hingga maret di kota/ORG banjar/LOC 1/NUM orang meninggal/CON karena dbd","day":6}
{"_id":{"$oid":"57d7c2047fea4b17a8f92e1e"},"username":"infojatim","url":"/infojatim/status/585265765189726208?p=v","year":"15","entity":{"LOC":["malang","pembaruan"],"NUM":["5"],"CON":["renggut"]},"url_duplicate":["/infojatim/status/585265765189726208?p=v","/infojatim/status/585166614653345793?p=v","/infojatim/status/585230812766838785?p=v"],"time":"6 Apr 15","id":"585265765189726208","entity_position":{"renggut":[1],"pembaruan":[7],"5":[2],"malang":[5]},"month":4,"text_tweet":"dbd renggut/CON 5/NUM nyawa di malang/LOC suara pembaruan","day":6}
{"_id":{"$oid":"57d7c2047fea4b17a8f92e1f"},"username":"PemkotaBogor","url":"/PemkotaBogor/status/585288951600029697?p=v","year":"15","entity":{"LOC":["angka","bebas"],"NUM":["8"],"CON":["kematian"]},"url_duplicate":["/PemkotaBogor/status/585288951600029697?p=v"],"time":"6 Apr 15","id":"585288951600029697","entity_position":{"8":[2],"kematian":[3],"angka":[4],"bebas":[5]},"month":4,"text_tweet":"699 dbd 8/NUM kematian/CON angka bebas jentik 93","day":6}
{"_id":{"$oid":"57d7c2047fea4b17a8f92e20"},"username":"KilasJambi","url":"/KilasJambi/status/585091341429903360?p=v","year":"15","entity":{"LOC":["sarolangun"],"NUM":["50"],"CON":["dirawat"]},"url_duplicate":["/KilasJambi/status/585091341429903360?p=v"],"time":"6 Apr 15","id":"585091341429903360","entity_position":{"dirawat":[3],"50":[0],"sarolangun":[2]},"month":4,"text_tweet":"50/NUM warga sarolangun/LOC dirawat/CON karena dbd","day":6}
{"_id":{"$oid":"57d7c2047fea4b17a8f92e21"},"username":"pkssemarang","url":"/pkssemarang/status/585287335383703552?p=v","year":"15","entity":{"LOC":["terbantu","luas"],"NUM":["2"]},"url_duplicate":["/pkssemarang/status/585287335383703552?p=v"],"time":"6 Apr 15","id":"585287335383703552","entity_position":{"terbantu":[2],"2":[0],"luas":[8]},"month":4,"text_tweet":"2/NUM warga terbantu karena khawatir demam berdarah sudahmenyebarakan luas/LOC","day":6}
{"_id":{"$oid":"57d7c2047fea4b17a8f92e22"},"username":"dineke_DBD","url":"/dineke_DBD/status/585453971164106754?p=v","year":"15","entity":{"LOC":["semoga","angkatan","sukses","amin","sombong","o"],"NUM":["33"]},"url_duplicate":["/dineke_DBD/status/585453971164106754?p=v"],"time":"7 Apr 15","id":"585453971164106754","entity_position":{"amin":[5],"semoga":[0],"angkatan":[1],"sukses":[4],"o":[9],"33":[2],"sombong":[8]},"month":4,"text_tweet":"semoga angkatan/LOC 33/NUM orang sukses amin gak orang sombong o","day":7}
{"_id":{"$oid":"57d7c2047fea4b17a8f92e23"},"username":"Ohen_33135","url":"/Ohen_33135/status/585601090244239360?p=v","year":"15","entity":{"LOC":["suruh","utang","2","kali"],"NUM":["1"]},"url_duplicate":["/Ohen_33135/status/585601090244239360?p=v"],"time":"7 Apr 15","id":"585601090244239360","entity_position":{"suruh":[4],"utang":[6],"1":[8],"2":[10],"kali":[11]},"month":4,"text_tweet":"kalau plin plan di suruh/LOC nagihin utang kadang 1/NUM orang 2 kali udh bayar","day":7}
{"_id":{"$oid":"57d7c2047fea4b17a8f92e24"},"username":"infojatim","url":"/infojatim/status/585500151613153280?p=v","year":"15","entity":{"LOC":["malang","pembaruan"],"NUM":["5"],"CON":["renggut"]},"url_duplicate":["/infojatim/status/585500151613153280?p=v","/infojatim/status/585365468967342080?p=v","/infojatim/status/585481722587906049?p=v","/infojatim/status/585462737452556289?p=v","/infojatim/status/585400904729239552?p=v"],"time":"7 Apr 15","id":"585500151613153280","entity_position":{"renggut":[1],"pembaruan":[7],"5":[2],"malang":[5]},"month":4,"text_tweet":"dbd renggut/CON 5/NUM nyawa di malang/LOC suara pembaruan","day":7}
{"_id":{"$oid":"57d7c2047fea4b17a8f92e25"},"username":"infojatim","url":"/infojatim/status/586050334792916992?p=v","year":"15","entity":{"LOC":["malang","pembaruan"],"NUM":["5"],"CON":["renggut"]},"url_duplicate":["/infojatim/status/586050334792916992?p=v"],"time":"8 Apr 15","id":"586050334792916992","entity_position":{"renggut":[1],"pembaruan":[7],"5":[2],"malang":[5]},"month":4,"text_tweet":"dbd renggut/CON 5/NUM nyawa di malang/LOC suara pembaruan","day":8}
{"_id":{"$oid":"57d7c2047fea4b17a8f92e26"},"username":"BPBDJakarta","url":"/BPBDJakarta/status/585834018274353153?p=v","year":"15","entity":{"LOC":["2","indonesia","la","hujan","diatas","normal"],"NUM":["7"]},"url_duplicate":["/BPBDJakarta/status/585834018274353153?p=v"],"time":"8 Apr 15","id":"585834018274353153","entity_position":{"normal":[15],"diatas":[14],"la":[10],"indonesia":[6],"2":[0],"7":[1],"hujan":[13]},"month":4,"text_tweet":"2 7/NUM kasus demam berdarah di indonesia meningkat signifikan tahin la nina musim hujan diatas normal","day":8}
{"_id":{"$oid":"57d7c2047fea4b17a8f92e27"},"username":"Mama_jenar","url":"/Mama_jenar/status/586353430932795392?p=v","year":"15","entity":{"LOC":["kelas"],"NUM":["5"],"CON":["terkena"]},"url_duplicate":["/Mama_jenar/status/586353430932795392?p=v"],"time":"9 Apr 15","id":"586353430932795392","entity_position":{"5":[2],"kelas":[1],"terkena":[3]},"month":4,"text_tweet":"waktu kelas 5/NUM terkena/CON demam berdarah","day":9}
{"_id":{"$oid":"57d7c2047fea4b17a8f92e28"},"username":"jurnalsumatra","url":"/jurnalsumatra/status/586171781406273536?p=v","year":"15","entity":{"LOC":["bali"],"NUM":["12"],"CON":["meninggal"]},"url_duplicate":["/jurnalsumatra/status/586171781406273536?p=v"],"time":"9 Apr 15","id":"586171781406273536","entity_position":{"meninggal":[6],"12":[2],"bali":[5]},"month":4,"text_tweet":"new post 12/NUM orang di bali/LOC meninggal/CON akibat dbd","day":9}
{"_id":{"$oid":"57d7c2047fea4b17a8f92e29"},"username":"harapanrakyat_","url":"/harapanrakyat_/status/586261153443139584?p=v","year":"15","entity":{"LOC":["pangandaran","harapan","rakyat"],"NUM":["2"],"ORG":["rs"]},"url_duplicate":["/harapanrakyat_/status/586261153443139584?p=v"],"time":"9 Apr 15","id":"586261153443139584","entity_position":{"pangandaran":[5],"harapan":[8],"rakyat":[9],"2":[2],"rs":[7]},"month":4,"text_tweet":"karena dbd 2/NUM orang warga pangandaran/LOC dilarikan rs/ORG harapan rakyat online","day":9}
{"_id":{"$oid":"57d7c2047fea4b17a8f92e2a"},"username":"RRI","url":"/RRI/status/586105755092197376?p=v","year":"15","entity":{"LOC":["cilacap","3","dunia"],"NUM":["394"],"CON":["meninggal"]},"url_duplicate":["/RRI/status/586105755092197376?p=v"],"time":"9 Apr 15","id":"586105755092197376","entity_position":{"cilacap":[2],"meninggal":[7],"3":[6],"dunia":[8],"394":[4]},"month":4,"text_tweet":"dbd di cilacap/LOC tembus 394/NUM kasus 3 meninggal/CON dunia via","day":9}
{"_id":{"$oid":"57d7c2047fea4b17a8f92e2b"},"username":"DUTAFM_BALI","url":"/DUTAFM_BALI/status/586195322944102400?p=v","year":"15","entity":{"LOC":["bali"],"NUM":["12"],"CON":["meninggal"]},"url_duplicate":["/DUTAFM_BALI/status/586195322944102400?p=v"],"time":"9 Apr 15","id":"586195322944102400","entity_position":{"meninggal":[4],"12":[0],"bali":[3]},"month":4,"text_tweet":"12/NUM orang di bali/LOC meninggal/CON akibat dbd demam berdarah","day":9}
{"_id":{"$oid":"57d7c2047fea4b17a8f92e2c"},"username":"Welcome_Bali","url":"/Welcome_Bali/status/586140656197730305?p=v","year":"15","entity":{"LOC":["bali"],"NUM":["12"],"CON":["meninggal"]},"url_duplicate":["/Welcome_Bali/status/586140656197730305?p=v"],"time":"9 Apr 15","id":"586140656197730305","entity_position":{"meninggal":[4],"12":[0],"bali":[3]},"month":4,"text_tweet":"12/NUM orang di bali/LOC meninggal/CON akibat dbd","day":9}
{"_id":{"$oid":"57d7c2047fea4b17a8f92e2d"},"username":"dhynobima","url":"/dhynobima/status/586534725558251520?p=v","year":"15","entity":{"LOC":["tigaraksa"],"NUM":["10"],"CON":["terserang"]},"url_duplicate":["/dhynobima/status/586534725558251520?p=v"],"time":"10 Apr 15","id":"586534725558251520","entity_position":{"10":[1],"terserang":[4],"tigaraksa":[3]},"month":4,"text_tweet":"sebulan 10/NUM warga tigaraksa/LOC terserang/CON dbd kabar6 com","day":10}
{"_id":{"$oid":"57d7c2047fea4b17a8f92e2e"},"username":"fajaronline","url":"/fajaronline/status/586785677586534400?p=v","year":"15","entity":{"LOC":["kolut"],"NUM":["64"]},"url_duplicate":["/fajaronline/status/586785677586534400?p=v"],"time":"10 Apr 15","id":"586785677586534400","entity_position":{"64":[0],"kolut":[2]},"month":4,"text_tweet":"64/NUM warga kolut positif dbd","day":10}
{"_id":{"$oid":"57d7c2047fea4b17a8f92e2f"},"username":"BeritaPbgg","url":"/BeritaPbgg/status/586935376033419264?p=v","year":"15","entity":{"LOC":["purbalingga"],"NUM":["1"],"CON":["penderita","meninggal","merenggut","korban"]},"url_duplicate":["/BeritaPbgg/status/586935376033419264?p=v"],"time":"11 Apr 15","id":"586935376033419264","entity_position":{"purbalingga":[4],"merenggut":[11],"meninggal":[5],"1":[0],"penderita":[1],"korban":[12]},"month":4,"text_tweet":"1/NUM penderita/CON dbd di purbalingga/LOC meninggal/CON duniapenyakit demam berdarah dengue dbd merenggut/CON korban/CON","day":11}
{"_id":{"$oid":"57d7c2047fea4b17a8f92e30"},"username":"RiznaRizky","url":"/RiznaRizky/status/587785123329806336?p=v","year":"15","entity":{"LOC":["news","surabaya"],"NUM":["318"]},"url_duplicate":["/RiznaRizky/status/587785123329806336?p=v"],"time":"13 Apr 15","id":"587785123329806336","entity_position":{"news":[0],"surabaya":[2],"318":[4]},"month":4,"text_tweet":"news dbd surabaya/LOC capai 318/NUM kasus","day":13}
{"_id":{"$oid":"57d7c2047fea4b17a8f92e31"},"username":"haloLampung","url":"/haloLampung/status/587811813875552257?p=v","year":"15","entity":{"LOC":["bandarlampung","14","b"],"NUM":["08"],"CON":["penyakit"]},"url_duplicate":["/haloLampung/status/587811813875552257?p=v"],"time":"13 Apr 15","id":"587811813875552257","entity_position":{"08":[9],"bandarlampung":[3],"b":[14],"14":[6],"penyakit":[10]},"month":4,"text_tweet":"dbd ancam warga bandarlampung sepanjang tahun 14 apr 2015 08/NUM penyakit/CON demam berdarah dbd b","day":13}
{"_id":{"$oid":"57d7c2047fea4b17a8f92e32"},"username":"RRI","url":"/RRI/status/587571205122600961?p=v","year":"15","entity":{"LOC":["4","surabaya","via"],"NUM":["318"],"CON":["penderita"]},"url_duplicate":["/RRI/status/587571205122600961?p=v"],"time":"13 Apr 15","id":"587571205122600961","entity_position":{"surabaya":[6],"via":[9],"318":[7],"penderita":[3],"4":[0]},"month":4,"text_tweet":"4 bulan jumlah penderita/CON dbd di surabaya/LOC 318/NUM orang via","day":13}
{"_id":{"$oid":"57d7c2047fea4b17a8f92e33"},"username":"Infonya_Mas","url":"/Infonya_Mas/status/587580752499384322?p=v","year":"15","entity":{"LOC":["4","surabaya","surabaya","d"],"NUM":["318"],"CON":["penderita","penderita","penyakit"]},"url_duplicate":["/Infonya_Mas/status/587580752499384322?p=v"],"time":"13 Apr 15","id":"587580752499384322","entity_position":{"surabaya":[6,9],"318":[7],"d":[15],"penderita":[3,11],"4":[0],"penyakit":[12]},"month":4,"text_tweet":"4 bulan jumlah penderita/CON dbd di surabaya/LOC 318/NUM orang surabaya/LOC jumlah penderita/CON penyakit/CON demam berdarah d","day":13}
{"_id":{"$oid":"57d7c2047fea4b17a8f92e34"},"username":"InfoSurabaya123","url":"/InfoSurabaya123/status/587606053199548416?p=v","year":"15","entity":{"LOC":["4","surabaya"],"NUM":["318"],"CON":["penderita"]},"url_duplicate":["/InfoSurabaya123/status/587606053199548416?p=v"],"time":"13 Apr 15","id":"587606053199548416","entity_position":{"surabaya":[6],"penderita":[3],"318":[7],"4":[0]},"month":4,"text_tweet":"4 bulan jumlah penderita/CON dbd di surabaya/LOC 318/NUM orang","day":13}
{"_id":{"$oid":"57d7c2047fea4b17a8f92e35"},"username":"mediaindonesia","url":"/mediaindonesia/status/587809494379339776?p=v","year":"15","entity":{"LOC":["cirebon"],"NUM":["21"],"CON":["tewas"]},"url_duplicate":["/mediaindonesia/status/587809494379339776?p=v","/infokonserCRB/status/587819065411944448?p=v"],"time":"13 Apr 15","id":"587809494379339776","entity_position":{"tewas":[3],"cirebon":[2],"21":[0]},"month":4,"text_tweet":"21/NUM warga cirebon/LOC tewas/CON karena dbd","day":13}
{"_id":{"$oid":"57d7c2047fea4b17a8f92e36"},"username":"encietyco","url":"/encietyco/status/587935686319300608?p=v","year":"15","entity":{"LOC":["surabaya","surabaya"],"NUM":["318","318"],"CON":["penderita","penderita"]},"url_duplicate":["/encietyco/status/587935686319300608?p=v"],"time":"14 Apr 15","id":"587935686319300608","entity_position":{"surabaya":[2,11],"penderita":[0,9],"318":[4,13]},"month":4,"text_tweet":"penderita/CON dbd surabaya/LOC tembus 318/NUM orang puncaknya bulan ini penderita/CON dbd surabaya/LOC tembus 318/NUM orang","day":14}
{"_id":{"$oid":"57d7c2047fea4b17a8f92e37"},"username":"narastravika","url":"/narastravika/status/588220790572744704?p=v","year":"15","entity":{"LOC":["tetangga","rumah"],"NUM":["3"],"CON":["sakit"]},"url_duplicate":["/narastravika/status/588220790572744704?p=v"],"time":"14 Apr 15","id":"588220790572744704","entity_position":{"sakit":[6],"3":[1],"tetangga":[3],"rumah":[5]},"month":4,"text_tweet":"kemarin 3/NUM orang tetangga masuk rumah sakit/CON karna demam berdarah","day":14}
{"_id":{"$oid":"57d7c2047fea4b17a8f92e38"},"username":"KampusUnri","url":"/KampusUnri/status/588242264431788032?p=v","year":"15","entity":{"LOC":["marak","kuansing"],"NUM":["48"]},"url_duplicate":["/KampusUnri/status/588242264431788032?p=v"],"time":"15 Apr 15","id":"588242264431788032","entity_position":{"kuansing":[3],"marak":[1],"48":[4]},"month":4,"text_tweet":"dbd marak di kuansing 48/NUM kasus terdata sejak januari pertengahan april demam berdarah deng","day":15}
{"_id":{"$oid":"57d7c2047fea4b17a8f92e39"},"username":"BengkalisNet","url":"/BengkalisNet/status/588239403723653120?p=v","year":"15","entity":{"LOC":["marak","kuansing"],"NUM":["48"]},"url_duplicate":["/BengkalisNet/status/588239403723653120?p=v","/infoRIAU/status/588239421071208448?p=v"],"time":"15 Apr 15","id":"588239403723653120","entity_position":{"kuansing":[3],"marak":[1],"48":[4]},"month":4,"text_tweet":"dbd marak di kuansing 48/NUM kasus terdata halloriau","day":15}
{"_id":{"$oid":"57d7c2047fea4b17a8f92e3a"},"username":"GoBekasi","url":"/GoBekasi/status/588291440842842112?p=v","year":"15","entity":{"LOC":["segara","makmur"],"NUM":["6"],"CON":["terserang"]},"url_duplicate":["/GoBekasi/status/588291440842842112?p=v"],"time":"15 Apr 15","id":"588291440842842112","entity_position":{"segara":[2],"terserang":[5],"6":[0],"makmur":[3]},"month":4,"text_tweet":"6/NUM warga segara makmur positif terserang/CON dbd","day":15}
{"_id":{"$oid":"57d7c2047fea4b17a8f92e3b"},"username":"republikaonline","url":"/republikaonline/status/588624431427104768?p=v","year":"15","entity":{"LOC":["triwulan","sukabumi"],"NUM":["301"]},"url_duplicate":["/republikaonline/status/588624431427104768?p=v","/beritik/status/588625432183988224?p=v"],"time":"16 Apr 15","id":"588624431427104768","entity_position":{"triwulan":[0],"sukabumi":[5],"301":[7]},"month":4,"text_tweet":"triwulan pertama 2015 dbd di sukabumi/LOC capai 301/NUM kasus","day":16}
{"_id":{"$oid":"57d7c2047fea4b17a8f92e3c"},"username":"AsliMadiun","url":"/AsliMadiun/status/588873238538801152?p=v","year":"15","entity":{"LOC":["madiun","17","banjiri","frontpages"],"NUM":["4"],"ORG":["rsud"]},"url_duplicate":["/AsliMadiun/status/588873238538801152?p=v"],"time":"16 Apr 15","id":"588873238538801152","entity_position":{"banjiri":[6],"frontpages":[8],"17":[2],"rsud":[7],"madiun":[1],"4":[3]},"month":4,"text_tweet":"radar madiun 17 4/NUM pasien dbd banjiri rsud/ORG frontpages","day":16}
{"_id":{"$oid":"57d7c2047fea4b17a8f92e3d"},"username":"radarbmonline","url":"/radarbmonline/status/588911933413167104?p=v","year":"15","entity":{"CON":["meninggal"],"LOC":["lagi","tungoi","lolak","rupanya"],"NUM":["1"],"ORG":["desa"]},"url_duplicate":["/radarbmonline/status/588911933413167104?p=v"],"time":"16 Apr 15","id":"588911933413167104","entity_position":{"meninggal":[4],"desa":[7],"1":[1],"lagi":[0],"tungoi":[8],"lolak":[10],"rupanya":[11]},"month":4,"text_tweet":"lagi 1/NUM pasien dbd meninggal/CON terjadi di desa/ORG tungoi rb lolak/LOC rupanya demam berdarah dengue dbd","day":16}
{"_id":{"$oid":"57d7c2047fea4b17a8f92e3e"},"username":"ChinTAndini","url":"/ChinTAndini/status/588608823616671744?p=v","year":"15","entity":{"CON":["penyakit","dirawat"],"LOC":["ditanggung","1","2"],"NUM":["114"],"ORG":["bpjs"]},"url_duplicate":["/ChinTAndini/status/588608823616671744?p=v"],"time":"16 Apr 15","id":"588608823616671744","entity_position":{"dirawat":[4],"ditanggung":[2],"bpjs":[3],"1":[10],"114":[0],"2":[11],"penyakit":[1]},"month":4,"text_tweet":"114/NUM penyakit/CON ditanggung bpjs/ORG dirawat/CON inap typhoid fever dbd dm 1 2 hipertensi dll","day":16}
{"_id":{"$oid":"57d7c2047fea4b17a8f92e3f"},"username":"Sonora998","url":"/Sonora998/status/589010058211631104?p=v","year":"15","entity":{"LOC":["ledug","kembaran","seminggu"],"ORG":["desa"],"NUM":["5"],"CON":["terjangkit"]},"url_duplicate":["/Sonora998/status/589010058211631104?p=v"],"time":"17 Apr 15","id":"589010058211631104","entity_position":{"ledug":[4],"kembaran":[6],"seminggu":[7],"5":[1],"desa":[3],"terjangkit":[8]},"month":4,"text_tweet":"wartabanyumas 5/NUM warga desa/ORG ledug/LOC kecamatan kembaran/LOC seminggu terjangkit/CON dbd","day":17}
{"_id":{"$oid":"57d7c2047fea4b17a8f92e40"},"username":"info_Bengkalis","url":"/info_Bengkalis/status/589222330120806401?p=v","year":"15","entity":{"LOC":["sukajadi","ada","riau","pos"],"NUM":["2"]},"url_duplicate":["/info_Bengkalis/status/589222330120806401?p=v"],"time":"17 Apr 15","id":"589222330120806401","entity_position":{"ada":[2],"2":[3],"pos":[7],"sukajadi":[1],"riau":[6]},"month":4,"text_tweet":"di sukajadi ada 2/NUM kasus dbd riau pos","day":17}
{"_id":{"$oid":"57d7c2047fea4b17a8f92e41"},"username":"KabarBanua","url":"/KabarBanua/status/589429761031548929?p=v","year":"15","entity":{"LOC":["2","kalimantan","selatan","banjarmasin","banjarmasin"],"NUM":["494"],"CON":["penderita"]},"url_duplicate":["/KabarBanua/status/589429761031548929?p=v"],"time":"18 Apr 15","id":"589429761031548929","entity_position":{"penderita":[4],"selatan":[8],"2":[2],"banjarmasin":[9,11],"kalimantan":[7],"494":[3]},"month":4,"text_tweet":"hingga april 2 494/NUM penderita/CON dbd di kalimantan selatan banjarmasin/LOC post banjarmasin/LOC posthing","day":18}
{"_id":{"$oid":"57d7c2047fea4b17a8f92e42"},"username":"belengkalsel","url":"/belengkalsel/status/589418011318210562?p=v","year":"15","entity":{"LOC":["2","kalimantan","selatan"],"NUM":["494"],"CON":["penderita"]},"url_duplicate":["/belengkalsel/status/589418011318210562?p=v","/banjarmasinpost/status/589419033839013888?p=v"],"time":"18 Apr 15","id":"589418011318210562","entity_position":{"494":[3],"2":[2],"penderita":[4],"kalimantan":[7],"selatan":[8]},"month":4,"text_tweet":"hingga april 2 494/NUM penderita/CON dbd di kalimantan selatan","day":18}
{"_id":{"$oid":"57d7c2047fea4b17a8f92e43"},"username":"kabarutama","url":"/kabarutama/status/589948859830304768?p=v","year":"15","entity":{"LOC":["2","kalimantan","selatan"],"NUM":["494"],"CON":["penderita"]},"url_duplicate":["/kabarutama/status/589948859830304768?p=v"],"time":"19 Apr 15","id":"589948859830304768","entity_position":{"494":[3],"2":[2],"penderita":[4],"kalimantan":[7],"selatan":[8]},"month":4,"text_tweet":"hingga april 2 494/NUM penderita/CON dbd di kalimantan selatan","day":19}
{"_id":{"$oid":"57d7c2047fea4b17a8f92e44"},"username":"PuspitaFM","url":"/PuspitaFM/status/590033576378302464?p=v","year":"15","entity":{"CON":["terjangkit"],"LOC":["pandanwangi","ada"],"NUM":["15"],"ORG":["dinkes"]},"url_duplicate":["/PuspitaFM/status/590033576378302464?p=v"],"time":"19 Apr 15","id":"590033576378302464","entity_position":{"dinkes":[5],"pandanwangi":[2],"15":[0],"terjangkit":[3],"ada":[6]},"month":4,"text_tweet":"15/NUM warga pandanwangi/LOC terjangkit/CON dbd dinkes/ORG ada respon","day":19}
{"_id":{"$oid":"57d7c2047fea4b17a8f92e45"},"username":"MalangTimes","url":"/MalangTimes/status/590037075535081472?p=v","year":"15","entity":{"LOC":["pandanwangi"],"NUM":["15"],"CON":["terjangkit"]},"url_duplicate":["/MalangTimes/status/590037075535081472?p=v"],"time":"19 Apr 15","id":"590037075535081472","entity_position":{"pandanwangi":[2],"15":[0],"terjangkit":[3]},"month":4,"text_tweet":"15/NUM warga pandanwangi/LOC terjangkit/CON dbd","day":19}
{"_id":{"$oid":"57d7c2047fea4b17a8f92e46"},"username":"PuspitaFM","url":"/PuspitaFM/status/590088830427893760?p=v","year":"15","entity":{"LOC":["17","malang"],"NUM":["5"],"CON":["meninggal"]},"url_duplicate":["/PuspitaFM/status/590088830427893760?p=v"],"time":"20 Apr 15","id":"590088830427893760","entity_position":{"5":[2],"malang":[4],"17":[1],"meninggal":[5]},"month":4,"text_tweet":"simak 17 5/NUM warga malang/LOC meninggal/CON akibat dbd","day":20}
{"_id":{"$oid":"57d7c2047fea4b17a8f92e47"},"username":"suryamalang","url":"/suryamalang/status/590140387571798018?p=v","year":"15","entity":{"LOC":["sebanyak","1"],"NUM":["15"],"CON":["terjangkit","tewas"]},"url_duplicate":["/suryamalang/status/590140387571798018?p=v"],"time":"20 Apr 15","id":"590140387571798018","entity_position":{"1":[4],"sebanyak":[0],"terjangkit":[3],"15":[1],"tewas":[6]},"month":4,"text_tweet":"sebanyak 15/NUM orang terjangkit/CON 1 di tewas/CON","day":20}
{"_id":{"$oid":"57d7c2047fea4b17a8f92e48"},"username":"nctmerk","url":"/nctmerk/status/590126033061302272?p=v","year":"15","entity":{"LOC":["nah"],"NUM":["ketiga"],"CON":["penyakitnya"]},"url_duplicate":["/nctmerk/status/590126033061302272?p=v"],"time":"20 Apr 15","id":"590126033061302272","entity_position":{"nah":[0],"ketiga":[1],"penyakitnya":[2]},"month":4,"text_tweet":"nah ketiga/NUM penyakitnya/CON famous","day":20}
{"_id":{"$oid":"57d7c2047fea4b17a8f92e49"},"username":"ikiMalang","url":"/ikiMalang/status/590163638381580288?p=v","year":"15","entity":{"CON":["serang","meninggal"],"LOC":["pandanwangi","malang"],"NUM":["15"],"ORG":["kota"]},"url_duplicate":["/ikiMalang/status/590163638381580288?p=v","/MalangPos/status/590167305562116097?p=v"],"time":"20 Apr 15","id":"590163638381580288","entity_position":{"pandanwangi":[4],"serang":[1],"meninggal":[8],"15":[2],"malang":[6],"kota":[5]},"month":4,"text_tweet":"dbd serang/CON 15/NUM warga pandanwangi/LOC kota/ORG malang/LOC seorang meninggal/CON","day":20}
{"_id":{"$oid":"57d7c2047fea4b17a8f92e4a"},"username":"RRI","url":"/RRI/status/590190059690676224?p=v","year":"15","entity":{"CON":["serang","meninggal"],"LOC":["malang"],"NUM":["15","1"],"ORG":["kota"]},"url_duplicate":["/RRI/status/590190059690676224?p=v"],"time":"20 Apr 15","id":"590190059690676224","entity_position":{"serang":[1],"meninggal":[8],"1":[6],"15":[2],"malang":[5],"kota":[4]},"month":4,"text_tweet":"dbd serang/CON 15/NUM warga kota/ORG malang/LOC 1/NUM orang meninggal/CON via","day":20}
{"_id":{"$oid":"57d7c2047fea4b17a8f92e4b"},"username":"PuspitaFM","url":"/PuspitaFM/status/590112974473297921?p=v","year":"15","entity":{"LOC":["pandanwangi"],"NUM":["15"],"CON":["terjangkit"]},"url_duplicate":["/PuspitaFM/status/590112974473297921?p=v"],"time":"20 Apr 15","id":"590112974473297921","entity_position":{"pandanwangi":[2],"15":[0],"terjangkit":[3]},"month":4,"text_tweet":"15/NUM warga pandanwangi/LOC terjangkit/CON dbd","day":20}
{"_id":{"$oid":"57d7c2047fea4b17a8f92e4c"},"username":"updatejawatimur","url":"/updatejawatimur/status/590071719664070656?p=v","year":"15","entity":{"LOC":["malang"],"NUM":["15","1"],"CON":["terserang","meninggal"]},"url_duplicate":["/updatejawatimur/status/590071719664070656?p=v"],"time":"20 Apr 15","id":"590071719664070656","entity_position":{"1":[5],"15":[0],"terserang":[3],"malang":[2],"meninggal":[7]},"month":4,"text_tweet":"15/NUM warga malang/LOC terserang/CON dbd 1/NUM orang meninggal/CON","day":20}
{"_id":{"$oid":"57d7c2047fea4b17a8f92e4d"},"username":"info_malang","url":"/info_malang/status/590121641046245376?p=v","year":"15","entity":{"CON":["kena"],"LOC":["15","keluhkan","tolak","ada","rt","10"],"NUM":["1"],"ORG":["puskesmas"]},"url_duplicate":["/info_malang/status/590121641046245376?p=v"],"time":"20 Apr 15","id":"590121641046245376","entity_position":{"rt":[13],"10":[14],"kena":[2],"15":[0],"puskesmas":[6],"keluhkan":[5],"1":[10],"tolak":[7],"ada":[9]},"month":4,"text_tweet":"15 ambruk kena/CON dbd warga keluhkan puskesmas/ORG tolak fogging ada 1/NUM warga di rt 10 meningga","day":20}
{"_id":{"$oid":"57d7c2047fea4b17a8f92e4e"},"username":"bungtomsss","url":"/bungtomsss/status/590361213168521218?p=v","year":"15","entity":{"CON":["tewas"],"LOC":["malang","tolak"],"NUM":["1"],"ORG":["dinkes","kota"]},"url_duplicate":["/bungtomsss/status/590361213168521218?p=v"],"time":"20 Apr 15","id":"590361213168521218","entity_position":{"dinkes":[4],"tewas":[1],"1":[0],"tolak":[7],"malang":[6],"kota":[5]},"month":4,"text_tweet":"1/NUM tewas/CON karena dbd dinkes/ORG kota/ORG malang tolak fogging","day":20}
{"_id":{"$oid":"57d7c2047fea4b17a8f92e4f"},"username":"vuznamarzuqoh","url":"/vuznamarzuqoh/status/590734744599584769?p=v","year":"15","entity":{"LOC":["ada","daerah"],"NUM":["2"],"CON":["korban","terkena"]},"url_duplicate":["/vuznamarzuqoh/status/590734744599584769?p=v"],"time":"21 Apr 15","id":"590734744599584769","entity_position":{"ada":[1],"daerah":[9],"2":[2],"terkena":[5],"korban":[3]},"month":4,"text_tweet":"sudah ada 2/NUM korban/CON anak terkena/CON demam berdarah di daerah","day":21}
{"_id":{"$oid":"57d7c2047fea4b17a8f92e50"},"username":"Tidung_Woles","url":"/Tidung_Woles/status/590495487695826944?p=v","year":"15","entity":{"LOC":["diperkirakan","kep","diperkirakan","kep"],"NUM":["1000"],"CON":["kena","meninggal","kena"]},"url_duplicate":["/Tidung_Woles/status/590495487695826944?p=v","/PulauTidungTrav/status/590495627357749248?p=v"],"time":"21 Apr 15","id":"590495487695826944","entity_position":{"meninggal":[6],"kena":[1,10],"kep":[4,13],"1000":[5],"diperkirakan":[0,9]},"month":4,"text_tweet":"diperkirakan kena/CON dbd bocah kep 1000/NUM meninggal/CON poskotanews poskotanews diperkirakan kena/CON dbd bocah kep","day":21}
{"_id":{"$oid":"57d7c2047fea4b17a8f92e51"},"username":"jubelmalang","url":"/jubelmalang/status/590674638780268544?p=v","year":"15","entity":{"LOC":["rw","9","pandanwangi","blimbing","malang"],"NUM":["15","1"],"ORG":["kelurahan","kota"],"CON":["terkena","meninggal"]},"url_duplicate":["/jubelmalang/status/590674638780268544?p=v","/jubelmalang/status/590417942635884544?p=v","/jubelmalang/status/590523648546471937?p=v"],"time":"21 Apr 15","id":"590674638780268544","entity_position":{"rw":[2],"15":[0],"terkena":[9],"meninggal":[12],"kelurahan":[4],"1":[11],"pandanwangi":[5],"9":[3],"malang":[8],"blimbing":[6],"kota":[7]},"month":4,"text_tweet":"15/NUM warga rw 9 kelurahan/ORG pandanwangi blimbing kota/ORG malang/LOC terkena/CON dbd 1/NUM meninggal/CON","day":21}
{"_id":{"$oid":"57d7c2047fea4b17a8f92e52"},"username":"InfoBalikpapan","url":"/InfoBalikpapan/status/590515900920369152?p=v","year":"15","entity":{"LOC":["rt"],"NUM":["13"]},"url_duplicate":["/InfoBalikpapan/status/590515900920369152?p=v"],"time":"21 Apr 15","id":"590515900920369152","entity_position":{"rt":[4],"13":[0]},"month":4,"text_tweet":"13/NUM orang dbd di rt","day":21}
{"_id":{"$oid":"57d7c2047fea4b17a8f92e53"},"username":"infojatim","url":"/infojatim/status/590427568060391425?p=v","year":"15","entity":{"CON":["tewas"],"LOC":["malang","tolak"],"NUM":["1"],"ORG":["dinkes","kota"]},"url_duplicate":["/infojatim/status/590427568060391425?p=v"],"time":"21 Apr 15","id":"590427568060391425","entity_position":{"dinkes":[4],"tewas":[1],"1":[0],"tolak":[7],"malang":[6],"kota":[5]},"month":4,"text_tweet":"1/NUM tewas/CON karena dbd dinkes/ORG kota/ORG malang tolak fogging","day":21}
{"_id":{"$oid":"57d7c2047fea4b17a8f92e54"},"username":"mariamoee","url":"/mariamoee/status/591121345234087938?p=v","year":"15","entity":{"LOC":["cek","prodia","ada","klaten"],"NUM":["20"]},"url_duplicate":["/mariamoee/status/591121345234087938?p=v"],"time":"22 Apr 15","id":"591121345234087938","entity_position":{"cek":[0],"prodia":[5],"20":[9],"klaten":[13],"ada":[7]},"month":4,"text_tweet":"cek dg ns1 dhf di prodia ya ada diskon 20/NUM kasus db di klaten/LOC meningkat","day":22}
{"_id":{"$oid":"57d7c2047fea4b17a8f92e55"},"username":"info_malang","url":"/info_malang/status/590772739721441281?p=v","year":"15","entity":{"LOC":["4","kabupa"],"NUM":["45"],"CON":["terserang","penderita"]},"url_duplicate":["/info_malang/status/590772739721441281?p=v"],"time":"22 Apr 15","id":"590772739721441281","entity_position":{"terserang":[4],"penderita":[7],"kabupa":[13],"45":[2],"4":[0]},"month":4,"text_tweet":"4 bulan 45/NUM orang terserang/CON dbd malangtimes penderita/CON demam berdarah dengue db di kabupa","day":22}
{"_id":{"$oid":"57d7c2047fea4b17a8f92e56"},"username":"MalangTimes","url":"/MalangTimes/status/590788689443164160?p=v","year":"15","entity":{"LOC":["4"],"NUM":["45"],"CON":["terserang"]},"url_duplicate":["/MalangTimes/status/590788689443164160?p=v"],"time":"22 Apr 15","id":"590788689443164160","entity_position":{"terserang":[4],"45":[2],"4":[0]},"month":4,"text_tweet":"4 bulan 45/NUM orang terserang/CON dbd","day":22}
{"_id":{"$oid":"57d7c2047fea4b17a8f92e57"},"username":"infojatim","url":"/infojatim/status/591027925778051072?p=v","year":"15","entity":{"CON":["tewas"],"LOC":["malang","tolak"],"NUM":["1"],"ORG":["dinkes","kota"]},"url_duplicate":["/infojatim/status/591027925778051072?p=v","/infojatim/status/591112024593199104?p=v","/infojatim/status/590976233334276096?p=v"],"time":"22 Apr 15","id":"591027925778051072","entity_position":{"dinkes":[4],"tewas":[1],"1":[0],"tolak":[7],"malang":[6],"kota":[5]},"month":4,"text_tweet":"1/NUM tewas/CON karena dbd dinkes/ORG kota/ORG malang tolak fogging","day":22}
{"_id":{"$oid":"57d7c2047fea4b17a8f92e58"},"username":"tangselbersih","url":"/tangselbersih/status/591189505358467072?p=v","year":"15","entity":{"LOC":["lebak","pasir","jati"],"NUM":["12","12"],"CON":["diserang"]},"url_duplicate":["/tangselbersih/status/591189505358467072?p=v"],"time":"23 Apr 15","id":"591189505358467072","entity_position":{"lebak":[5],"12":[1,8],"pasir":[12],"jati":[13],"diserang":[3]},"month":4,"text_tweet":"sebulan 12/NUM orang diserang/CON dbd lebak/LOC snol sedikitnya 12/NUM orang warga kampung pasir jati rt 01","day":23}
{"_id":{"$oid":"57d7c2047fea4b17a8f92e59"},"username":"halo_pku","url":"/halo_pku/status/591183057358495744?p=v","year":"15","entity":{"LOC":["4","pekanbaru","pekanbaru"],"NUM":["355"]},"url_duplicate":["/halo_pku/status/591183057358495744?p=v"],"time":"23 Apr 15","id":"591183057358495744","entity_position":{"pekanbaru":[8,10],"355":[4],"4":[1]},"month":4,"text_tweet":"dalam 4 bulan terjadi 355/NUM kasus dbd di pekanbaru/LOC tribun pekanbaru/LOC","day":23}
{"_id":{"$oid":"57d7c2047fea4b17a8f92e5a"},"username":"detikriau","url":"/detikriau/status/591167918215409664?p=v","year":"15","entity":{"LOC":["4","pekanbaru"],"NUM":["355"]},"url_duplicate":["/detikriau/status/591167918215409664?p=v"],"time":"23 Apr 15","id":"591167918215409664","entity_position":{"pekanbaru":[8],"355":[4],"4":[1]},"month":4,"text_tweet":"dalam 4 bulan tercadi 355/NUM kasus dbd di pekanbaru/LOC","day":23}
{"_id":{"$oid":"57d7c2047fea4b17a8f92e5b"},"username":"jpnncom","url":"/jpnncom/status/591169647463899136?p=v","year":"15","entity":{"LOC":["diserang","lebak","dimana"],"NUM":["12"],"ORG":["pemkab"]},"url_duplicate":["/jpnncom/status/591169647463899136?p=v"],"time":"23 Apr 15","id":"591169647463899136","entity_position":{"lebak":[6],"12":[0],"pemkab":[5],"dimana":[7],"diserang":[2]},"month":4,"text_tweet":"12/NUM warga diserang demam berdarah pemkab/ORG lebak/LOC dimana","day":23}
{"_id":{"$oid":"57d7c2047fea4b17a8f92e5c"},"username":"RafiKurniatama","url":"/RafiKurniatama/status/591187821647376384?p=v","year":"15","entity":{"LOC":["diserang","lebak"],"NUM":["12"],"ORG":["pemkab"]},"url_duplicate":["/RafiKurniatama/status/591187821647376384?p=v","/kingINFOsehat/status/591171371624837120?p=v"],"time":"23 Apr 15","id":"591187821647376384","entity_position":{"lebak":[6],"12":[0],"pemkab":[5],"diserang":[2]},"month":4,"text_tweet":"12/NUM warga diserang demam berdarah pemkab/ORG lebak/LOC","day":23}
{"_id":{"$oid":"57d7c2047fea4b17a8f92e5d"},"username":"Nita_Maniizz","url":"/Nita_Maniizz/status/591827745610407936?p=v","year":"15","entity":{"LOC":["sup","ayam","bawa","trombosit","30","bang"],"NUM":["000"],"ORG":["rs"],"CON":["tinggal","kena"]},"url_duplicate":["/Nita_Maniizz/status/591827745610407936?p=v"],"time":"24 Apr 15","id":"591827745610407936","entity_position":{"bawa":[8],"ayam":[3],"rs":[9],"trombosit":[10],"30":[12],"bang":[19],"000":[13],"kena":[14],"sup":[2],"tinggal":[11]},"month":4,"text_tweet":"buru2 masakin sup ayam kampung angkak merah trs bawa rs/ORG trombosit tinggal/CON 30 000/NUM kena/CON dbd typus haduhh lengkaplah bang slammy","day":24}
{"_id":{"$oid":"57d7c2047fea4b17a8f92e5e"},"username":"jurnalsumatra","url":"/jurnalsumatra/status/591882692767064064?p=v","year":"15","entity":{"LOC":["new","lebak"],"NUM":["95"],"CON":["penderita"]},"url_duplicate":["/jurnalsumatra/status/591882692767064064?p=v"],"time":"25 Apr 15","id":"591882692767064064","entity_position":{"lebak":[5],"new":[0],"penderita":[2],"95":[7]},"month":4,"text_tweet":"new post penderita/CON dbd di lebak/LOC capai 95/NUM orang","day":25}
{"_id":{"$oid":"57d7c2047fea4b17a8f92e5f"},"username":"jurnalsumatra","url":"/jurnalsumatra/status/591880003727413248?p=v","year":"15","entity":{"LOC":["bojonegoro"],"NUM":["4"],"CON":["renggut"]},"url_duplicate":["/jurnalsumatra/status/591880003727413248?p=v"],"time":"25 Apr 15","id":"591880003727413248","entity_position":{"renggut":[3],"bojonegoro":[6],"4":[4]},"month":4,"text_tweet":"new post dbd renggut/CON 4/NUM warga bojonegoro/LOC","day":25}
{"_id":{"$oid":"57d7c2047fea4b17a8f92e60"},"username":"_siwonhyung","url":"/_siwonhyung/status/592232503563259905?p=v","year":"15","entity":{"LOC":["o","o","seekor","jantan","mendadak","seaworld"],"NUM":["25"],"CON":["mati"]},"url_duplicate":["/_siwonhyung/status/592232503563259905?p=v"],"time":"26 Apr 15","id":"592232503563259905","entity_position":{"seekor":[4],"25":[8],"o":[0,1],"mendadak":[10],"seaworld":[12],"jantan":[6],"mati":[9]},"month":4,"text_tweet":"o o rt kanduke seekor paus jantan berusia 25/NUM mati/CON mendadak di seaworld orlando akibat digigit nyamuk","day":26}
{"_id":{"$oid":"57d7c2047fea4b17a8f92e61"},"username":"ANTARABengkulu","url":"/ANTARABengkulu/status/592805193764499456?p=v","year":"15","entity":{"LOC":["curup"],"ORG":["rsud"],"NUM":["42"],"CON":["rawat"]},"url_duplicate":["/ANTARABengkulu/status/592805193764499456?p=v","/katawartadotcom/status/592907918590255106?p=v"],"time":"27 Apr 15","id":"592805193764499456","entity_position":{"curup":[1],"rawat":[2],"42":[3],"rsud":[0]},"month":4,"text_tweet":"rsud/ORG curup/LOC rawat/CON 42/NUM pasien demam berdarah","day":27}
{"_id":{"$oid":"57d7c2047fea4b17a8f92e62"},"username":"ANurKhafid","url":"/ANurKhafid/status/592589162848645121?p=v","year":"15","entity":{"LOC":["kendal","kendal"],"ORG":["dinas","kab"],"NUM":["6"],"CON":["penderita","meninggal"]},"url_duplicate":["/ANurKhafid/status/592589162848645121?p=v"],"time":"27 Apr 15","id":"592589162848645121","entity_position":{"kab":[5],"meninggal":[14],"dinas":[0],"penderita":[10],"6":[12],"kendal":[2,6]},"month":4,"text_tweet":"dinas/ORG kesehatan kendal/LOC 2014 di kab/ORG kendal/LOC tercatat 500 an penderita/CON dbd 6/NUM orang meninggal/CON","day":27}
{"_id":{"$oid":"57d7c2047fea4b17a8f92e63"},"username":"bkvchannel_BPN","url":"/bkvchannel_BPN/status/593023472974069760?p=v","year":"15","entity":{"CON":["meninggal","penderita","penyakit"],"LOC":["7","balikpapanmencatat","kini"],"NUM":["934"],"ORG":["kota"]},"url_duplicate":["/bkvchannel_BPN/status/593023472974069760?p=v"],"time":"28 Apr 15","id":"593023472974069760","entity_position":{"meninggal":[5],"kini":[11],"penderita":[12],"7":[4],"balikpapanmencatat":[9],"kota":[8],"penyakit":[13],"934":[2]},"month":4,"text_tweet":"dbd capai 934/NUM kasus 7 meninggal/CON duniadinas kesehatan kota/ORG balikpapanmencatat hingga kini/LOC penderita/CON penyakit/CON","day":28}
{"_id":{"$oid":"57d7c2047fea4b17a8f92e64"},"username":"dewy_19","url":"/dewy_19/status/593124864686325760?p=v","year":"15","entity":{"CON":["korban"],"LOC":["1","rumah","sampe","yadika"],"NUM":["2"],"ORG":["rsia"]},"url_duplicate":["/dewy_19/status/593124864686325760?p=v"],"time":"28 Apr 15","id":"593124864686325760","entity_position":{"rumah":[6],"sampe":[7],"1":[5],"2":[8],"korban":[9],"rsia":[14],"yadika":[15]},"month":4,"text_tweet":"come back again musim dbd 1 rumah sampe 2/NUM korban/CON spark the fire at rsia/ORG yadika","day":28}
{"_id":{"$oid":"57d7c2047fea4b17a8f92e65"},"username":"sindojateng","url":"/sindojateng/status/593380206028693504?p=v","year":"15","entity":{"LOC":["solo","melayang"],"NUM":["7"]},"url_duplicate":["/sindojateng/status/593380206028693504?p=v"],"time":"29 Apr 15","id":"593380206028693504","entity_position":{"solo":[0],"melayang":[3],"7":[1]},"month":4,"text_tweet":"solo/LOC 7/NUM nyawa melayang karena dbd","day":29}
{"_id":{"$oid":"57d7c2047fea4b17a8f92e66"},"username":"harian_METRO","url":"/harian_METRO/status/593409896428675072?p=v","year":"15","entity":{"LOC":["minsel"],"NUM":["3"],"CON":["penyakit","meninggal"]},"url_duplicate":["/harian_METRO/status/593409896428675072?p=v"],"time":"29 Apr 15","id":"593409896428675072","entity_position":{"meninggal":[9],"minsel":[3],"penyakit":[0],"3":[8]},"month":4,"text_tweet":"penyakit/CON dbd di minsel hingga april capai 52 3/NUM meninggal/CON","day":29}
{"_id":{"$oid":"57d7c2047fea4b17a8f92e67"},"username":"pikiran_rakyat","url":"/pikiran_rakyat/status/593432628398718976?p=v","year":"15","entity":{"LOC":["17","minggu"],"NUM":["7"],"CON":["meninggal"]},"url_duplicate":["/pikiran_rakyat/status/593432628398718976?p=v"],"time":"29 Apr 15","id":"593432628398718976","entity_position":{"minggu":[3],"17":[2],"7":[4],"meninggal":[6]},"month":4,"text_tweet":"pendidikan dalam 17 minggu 7/NUM orang meninggal/CON akibat dbd","day":29}
{"_id":{"$oid":"57d7c2047fea4b17a8f92e68"},"username":"pikiran_rakyat","url":"/pikiran_rakyat/status/593429966190022658?p=v","year":"15","entity":{"LOC":["raga","17","minggu"],"NUM":["7"],"CON":["meninggal"]},"url_duplicate":["/pikiran_rakyat/status/593429966190022658?p=v"],"time":"29 Apr 15","id":"593429966190022658","entity_position":{"minggu":[4],"raga":[1],"17":[3],"7":[5],"meninggal":[7]},"month":4,"text_tweet":"olah raga dalam 17 minggu 7/NUM orang meninggal/CON akibat dbd","day":29}
{"_id":{"$oid":"57d7c2047fea4b17a8f92e69"},"username":"WongSoloo","url":"/WongSoloo/status/593399877071077376?p=v","year":"15","entity":{"LOC":["solo","solo","solo","dinyatakan"],"NUM":["228","7","7"],"CON":["terserang","meninggal"]},"url_duplicate":["/WongSoloo/status/593399877071077376?p=v"],"time":"29 Apr 15","id":"593399877071077376","entity_position":{"solo":[1,9,12],"meninggal":[8],"terserang":[4],"7":[7,10],"228":[2],"dinyatakan":[13]},"month":4,"text_tweet":"di solo/LOC 228/NUM orang terserang/CON demam berdarah 7/NUM meninggal/CON solo/LOC 7/NUM warga solo/LOC dinyatakan","day":29}
{"_id":{"$oid":"57d7c2047fea4b17a8f92e6a"},"username":"JabarUpdates","url":"/JabarUpdates/status/593427318820868097?p=v","year":"15","entity":{"LOC":["17","minggu"],"NUM":["7"],"CON":["meninggal","penyakit"]},"url_duplicate":["/JabarUpdates/status/593427318820868097?p=v"],"time":"29 Apr 15","id":"593427318820868097","entity_position":{"minggu":[2],"17":[1],"penyakit":[11],"7":[3],"meninggal":[5]},"month":4,"text_tweet":"dalam 17 minggu 7/NUM orang meninggal/CON akibat dbd nasionalsolo prlm kasus penyakit/CON demam berdarah","day":29}
{"_id":{"$oid":"57d7c2047fea4b17a8f92e6b"},"username":"Promote_Bandung","url":"/Promote_Bandung/status/593428639833718785?p=v","year":"15","entity":{"LOC":["17","minggu","penyaki"],"NUM":["7"],"CON":["meninggal"]},"url_duplicate":["/Promote_Bandung/status/593428639833718785?p=v"],"time":"29 Apr 15","id":"593428639833718785","entity_position":{"minggu":[2],"penyaki":[11],"17":[1],"7":[3],"meninggal":[5]},"month":4,"text_tweet":"dalam 17 minggu 7/NUM orang meninggal/CON akibat dbd nasionalsolo prlm kasus penyaki","day":29}
{"_id":{"$oid":"57d7c2047fea4b17a8f92e6c"},"username":"ClickBandung","url":"/ClickBandung/status/593428598272307203?p=v","year":"15","entity":{"LOC":["17","minggu"],"NUM":["7"],"CON":["meninggal"]},"url_duplicate":["/ClickBandung/status/593428598272307203?p=v","/jawabarat/status/593427317977812992?p=v","/blog_cat_per/status/593505071641415680?p=v"],"time":"29 Apr 15","id":"593428598272307203","entity_position":{"minggu":[2],"17":[1],"7":[3],"meninggal":[5]},"month":4,"text_tweet":"dalam 17 minggu 7/NUM orang meninggal/CON akibat dbd","day":29}
{"_id":{"$oid":"57d7c2047fea4b17a8f92e6d"},"username":"PemkotJakut","url":"/PemkotJakut/status/593399586875580416?p=v","year":"15","entity":{"LOC":["kena","gondangdia"],"NUM":["8"],"CON":["penyakit"]},"url_duplicate":["/PemkotJakut/status/593399586875580416?p=v","/angkurhido/status/593392888332976128?p=v"],"time":"29 Apr 15","id":"593399586875580416","entity_position":{"gondangdia":[4],"8":[0],"kena":[2],"penyakit":[9]},"month":4,"text_tweet":"8/NUM warga kena dbd gondangdia/LOC difogging untuk mengantisipasi penyebaran penyakit/CON demam berdarah dengue dbd","day":29}
{"_id":{"$oid":"57d7c2047fea4b17a8f92e6e"},"username":"WelcomeJakarta","url":"/WelcomeJakarta/status/593393864469184512?p=v","year":"15","entity":{"LOC":["kena","gondangdia"],"NUM":["8"]},"url_duplicate":["/WelcomeJakarta/status/593393864469184512?p=v","/raidesss/status/593555075898847233?p=v","/Jakarta_Bangkit/status/593392880745517056?p=v"],"time":"29 Apr 15","id":"593393864469184512","entity_position":{"gondangdia":[4],"8":[0],"kena":[2]},"month":4,"text_tweet":"8/NUM warga kena dbd gondangdia/LOC difogging","day":29}
{"_id":{"$oid":"57d7c2047fea4b17a8f92e6f"},"username":"antarajateng","url":"/antarajateng/status/593660698330144770?p=v","year":"15","entity":{"LOC":["solo"],"NUM":["7"],"CON":["meninggal"]},"url_duplicate":["/antarajateng/status/593660698330144770?p=v"],"time":"29 Apr 15","id":"593660698330144770","entity_position":{"meninggal":[2],"7":[0],"solo":[6]},"month":4,"text_tweet":"7/NUM orang meninggal/CON akibat dbd di solo/LOC","day":29}
{"_id":{"$oid":"57d7c2047fea4b17a8f92e70"},"username":"Aspirasi_Jateng","url":"/Aspirasi_Jateng/status/593654547387584512?p=v","year":"15","entity":{"CON":["meninggal"],"LOC":["solo","solo","surakarta","sebany"],"NUM":["7"],"ORG":["kota"]},"url_duplicate":["/Aspirasi_Jateng/status/593654547387584512?p=v"],"time":"29 Apr 15","id":"593654547387584512","entity_position":{"solo":[6,7],"meninggal":[2],"sebany":[13],"surakarta":[12],"7":[0],"kota":[11]},"month":4,"text_tweet":"7/NUM orang meninggal/CON akibat dbd di solo solo antara jateng pemerintah kota/ORG surakarta sebany","day":29}
{"_id":{"$oid":"57d7c2047fea4b17a8f92e71"},"username":"WhySynergy","url":"/WhySynergy/status/593766112359231489?p=v","year":"15","entity":{"LOC":["saya","probolinggo"],"NUM":["3"]},"url_duplicate":["/WhySynergy/status/593766112359231489?p=v","/PejuangDetox/status/593948354725289987?p=v"],"time":"30 Apr 15","id":"593766112359231489","entity_position":{"probolinggo":[5],"3":[2],"saya":[1]},"month":4,"text_tweet":"wb saya 3/NUM orang anak probolinggo/LOC","day":30}
{"_id":{"$oid":"57d7c2047fea4b17a8f92e72"},"username":"blokberita","url":"/blokberita/status/593724466246455297?p=v","year":"15","entity":{"LOC":["4","solo"],"NUM":["7"],"CON":["merenggut"]},"url_duplicate":["/blokberita/status/593724466246455297?p=v"],"time":"30 Apr 15","id":"593724466246455297","entity_position":{"solo":[8],"4":[1],"7":[5],"merenggut":[4]},"month":4,"text_tweet":"dalam 4 bulan dbd merenggut/CON 7/NUM nyawa di solo/LOC","day":30}
{"_id":{"$oid":"57d7c2047fea4b17a8f92e73"},"username":"beritik","url":"/beritik/status/593721704343539712?p=v","year":"15","entity":{"LOC":["4","solo"],"NUM":["7"],"CON":["meninggal"]},"url_duplicate":["/beritik/status/593721704343539712?p=v"],"time":"30 Apr 15","id":"593721704343539712","entity_position":{"meninggal":[6],"4":[1],"7":[3],"solo":[8]},"month":4,"text_tweet":"dalam 4 bulan 7/NUM pasien dbd meninggal/CON di solo/LOC by","day":30}
{"_id":{"$oid":"57d7c2047fea4b17a8f92e74"},"username":"republikaonline","url":"/republikaonline/status/593719700221079552?p=v","year":"15","entity":{"LOC":["4","solo"],"NUM":["7"],"CON":["meninggal"]},"url_duplicate":["/republikaonline/status/593719700221079552?p=v","/gghwngy/status/593724508357308417?p=v"],"time":"30 Apr 15","id":"593719700221079552","entity_position":{"meninggal":[6],"4":[1],"7":[3],"solo":[8]},"month":4,"text_tweet":"dalam 4 bulan 7/NUM pasien dbd meninggal/CON di solo/LOC","day":30}
{"_id":{"$oid":"57d7c2047fea4b17a8f92e75"},"username":"fahiraidris","url":"/fahiraidris/status/593686334444711936?p=v","year":"15","entity":{"LOC":["kena"],"NUM":["8"]},"url_duplicate":["/fahiraidris/status/593686334444711936?p=v"],"time":"30 Apr 15","id":"593686334444711936","entity_position":{"8":[0],"kena":[2]},"month":4,"text_tweet":"8/NUM warga kena dbd difogging gt","day":30}
