{"_id":{"$oid":"57ce9321883bd905ef3db296"},"username":"rdi971","url":"/rdi971/status/577623851321794560?p=v","text_tweet":"yuk share w sms 08121212971","time":"16 Mar 15","entity_position":{"w":[2]},"entity":{"LOC":["w"]},"id":"577623851321794560"}
{"_id":{"$oid":"57ce9322883bd905ef3db297"},"username":"RagaAbi","url":"/RagaAbi/status/577625431576170496?p=v","text_tweet":"yg bikin smngtkl udh dpt transferan uangdr suami","time":"16 Mar 15","entity_position":{},"entity":{},"id":"577625431576170496"}
{"_id":{"$oid":"57ce9322883bd905ef3db298"},"username":"rezacasmita1","url":"/rezacasmita1/status/577624882562801665?p=v","text_tweet":"yg bikin semangat pas duit urusan lancar/LOC","time":"16 Mar 15","entity_position":{"semangat":[2],"pas":[3],"lancar":[6]},"entity":{"LOC":["semangat","pas","lancar"]},"id":"577624882562801665"}
{"_id":{"$oid":"57ce9322883bd905ef3db299"},"username":"ita_komariah07","url":"/ita_komariah07/status/577633417698893824?p=v","text_tweet":"yg bikin qu pingin denger kak nyanyi","time":"16 Mar 15","entity_position":{"pingin":[3]},"entity":{"LOC":["pingin"]},"id":"577633417698893824"}
{"_id":{"$oid":"57ce9322883bd905ef3db29a"},"username":"kusnaditerkos1","url":"/kusnaditerkos1/status/577625802684043264?p=v","text_tweet":"yg bikin semangat/LOC nunggu celotehan dbd yg bikin ketawa baru smngt","time":"16 Mar 15","entity_position":{"semangat":[2],"ketawa":[8],"baru":[9]},"entity":{"LOC":["semangat","ketawa","baru"]},"id":"577625802684043264"}
{"_id":{"$oid":"57ce9323883bd905ef3db29b"},"username":"eciik","url":"/eciik/status/577504714977234944?p=v","text_tweet":"with ulfa anastasia and widodo/LOC pic","time":"16 Mar 15","entity_position":{"widodo":[4]},"entity":{"LOC":["widodo"]},"id":"577504714977234944"}
{"_id":{"$oid":"57ce9324883bd905ef3db29c"},"username":"ikhsan_jat","url":"/ikhsan_jat/status/577571243597008896?p=v","text_tweet":"waizo warga anti demam berdarah e kene mas/LOC ampuhnan","time":"16 Mar 15","entity_position":{"e":[5],"mas":[7],"anti":[2]},"entity":{"LOC":["anti","e","mas"]},"id":"577571243597008896"}
{"_id":{"$oid":"57ce9324883bd905ef3db29d"},"username":"HalloIDR","url":"/HalloIDR/status/577695985649987584?p=v","text_tweet":"wabah dbd menyerang/CON warga bukit cimanggu","time":"16 Mar 15","entity_position":{"menyerang":[2],"bukit":[4],"cimanggu":[5]},"entity":{"LOC":["bukit","cimanggu"],"CON":["menyerang"]},"id":"577695985649987584"}
{"_id":{"$oid":"57ce9324883bd905ef3db29e"},"username":"Jogja24Jam","url":"/Jogja24Jam/status/577481714114564096?p=v","text_tweet":"via","time":"16 Mar 15","entity_position":{},"entity":{},"id":"577481714114564096"}
{"_id":{"$oid":"57ce9324883bd905ef3db29f"},"username":"muaragembongku","url":"/muaragembongku/status/577448456685367297?p=v","text_tweet":"trserang dbd","time":"16 Mar 15","entity_position":{},"entity":{},"id":"577448456685367297"}
{"_id":{"$oid":"57ce9324883bd905ef3db2a0"},"username":"urbancikarang","url":"/urbancikarang/status/577429338422841344?p=v","text_tweet":"terserang/CON dbd","time":"16 Mar 15","entity_position":{"terserang":[0]},"entity":{"CON":["terserang"]},"id":"577429338422841344"}
{"_id":{"$oid":"57ce9324883bd905ef3db2a1"},"username":"adhitiwidhi","url":"/adhitiwidhi/status/577456586207023105?p=v","text_tweet":"teman yg mengalami/CON demam berdarah get well soon/LOC ya ^^ proses recoverynya cepat silakan","time":"16 Mar 15","entity_position":{"mengalami":[2],"soon":[7],"cepat":[12]},"entity":{"LOC":["soon","cepat"],"CON":["mengalami"]},"id":"577456586207023105"}
{"_id":{"$oid":"57ce9325883bd905ef3db2a2"},"username":"levis9630","url":"/levis9630/status/577619914862661632?p=v","text_tweet":"semangat cari kerja yg blm kerja klu yg dah/LOC kerja semangatttt","time":"16 Mar 15","entity_position":{"semangat":[0],"cari":[1],"dah":[8]},"entity":{"LOC":["semangat","cari","dah"]},"id":"577619914862661632"}
{"_id":{"$oid":"57ce9325883bd905ef3db2a3"},"username":"ChepyWargun","url":"/ChepyWargun/status/577626511970205697?p=v","text_tweet":"sarapan bubur aym mnteng rdi","time":"16 Mar 15","entity_position":{"bubur":[1]},"entity":{"LOC":["bubur"]},"id":"577626511970205697"}
{"_id":{"$oid":"57ce9325883bd905ef3db2a4"},"username":"ratumona","url":"/ratumona/status/577468206719377409?p=v","text_tweet":"mahatees indonesia dbd dosen ane kalo pas bimbing mahasiswanya","time":"16 Mar 15","entity_position":{"indonesia":[1],"pas":[6]},"entity":{"LOC":["indonesia","pas"]},"id":"577468206719377409"}
{"_id":{"$oid":"57ce9326883bd905ef3db2a5"},"username":"pipitoekir","url":"/pipitoekir/status/577469438049415168?p=v","text_tweet":"lg trend baju garis2 item putih liat rombongan embak2 pake rok gitu jd refleks nyari raket nyamuk waspada serangan nyamuk demam berdarah","time":"16 Mar 15","entity_position":{"liat":[6],"rok":[10],"putih":[5],"pake":[9],"baju":[2],"nyari":[14],"item":[4],"raket":[15]},"entity":{"LOC":["baju","item","putih","liat","pake","rok","nyari","raket"]},"id":"577469438049415168"}
{"_id":{"$oid":"57ce9327883bd905ef3db2a6"},"username":"Jogja24Jam","url":"/Jogja24Jam/status/577481714114564096?p=v","text_tweet":"korban/CON tewas/CON akibat penyakit/CON dbd di gunungkidul 4030/NUM orang","time":"16 Mar 15","entity_position":{"tewas":[1],"4030":[7],"korban":[0],"gunungkidul":[6],"penyakit":[3]},"entity":{"LOC":["gunungkidul"],"NUM":["4030"],"CON":["korban","tewas","penyakit"]},"id":"577481714114564096"}
{"_id":{"$oid":"57ce9327883bd905ef3db2a7"},"username":"bachtiar_arief","url":"/bachtiar_arief/status/577384598851620864?p=v","text_tweet":"ko nyamuk ny yg kena/CON dbd","time":"16 Mar 15","entity_position":{"kena":[4]},"entity":{"CON":["kena"]},"id":"577384598851620864"}
{"_id":{"$oid":"57ce9327883bd905ef3db2a8"},"username":"levis9630","url":"/levis9630/status/577633996147818496?p=v","text_tweet":"klu yg bikin semangat/LOC anak2ku yg bikin","time":"16 Mar 15","entity_position":{"semangat":[3]},"entity":{"LOC":["semangat"]},"id":"577633996147818496"}
{"_id":{"$oid":"57ce9327883bd905ef3db2a9"},"username":"FarahIndiraa1","url":"/FarahIndiraa1/status/577712889999564800?p=v","text_tweet":"kak sakit/CON","time":"16 Mar 15","entity_position":{"sakit":[1]},"entity":{"CON":["sakit"]},"id":"577712889999564800"}
{"_id":{"$oid":"57ce9327883bd905ef3db2aa"},"username":"dewaciputra","url":"/dewaciputra/status/577411320661733376?p=v","text_tweet":"jentik nyamuk dbd","time":"16 Mar 15","entity_position":{},"entity":{},"id":"577411320661733376"}
{"_id":{"$oid":"57ce9327883bd905ef3db2ab"},"username":"LesLove_Jatim","url":"/LesLove_Jatim/status/577492272641503234?p=v","text_tweet":"iyaaa demam berdarah","time":"16 Mar 15","entity_position":{},"entity":{},"id":"577492272641503234"}
{"_id":{"$oid":"57ce9328883bd905ef3db2ac"},"username":"ikhsan_jat","url":"/ikhsan_jat/status/577571243597008896?p=v","text_tweet":"ikhsan jat nyamuke rese njaluk di swiping","time":"16 Mar 15","entity_position":{"swiping":[6],"nyamuke":[2]},"entity":{"LOC":["nyamuke","swiping"]},"id":"577571243597008896"}
{"_id":{"$oid":"57ce9329883bd905ef3db2ad"},"username":"RudiAge","url":"/RudiAge/status/577629013184655360?p=v","text_tweet":"helo/LOC yg bkin smangat burung bird sarapan yuk","time":"16 Mar 15","entity_position":{"helo":[0],"burung":[4]},"entity":{"LOC":["helo","burung"]},"id":"577629013184655360"}
{"_id":{"$oid":"57ce9329883bd905ef3db2ae"},"username":"lsxkyung","url":"/lsxkyung/status/577673867646226433?p=v","text_tweet":"gua/LOC sekolah 2 jam langsung di suruh/LOC plg gara/LOC di semprot dbd dikomplek semprot demam berdarah kecoa2","time":"16 Mar 15","entity_position":{"suruh":[6],"semprot":[10],"gua":[0],"2":[2],"gara":[8]},"entity":{"LOC":["gua","2","suruh","gara","semprot"]},"id":"577673867646226433"}
{"_id":{"$oid":"57ce9329883bd905ef3db2af"},"username":"kusdiana79","url":"/kusdiana79/status/577624370773798912?p=v","text_tweet":"dengerin musik yg bikin","time":"16 Mar 15","entity_position":{},"entity":{},"id":"577624370773798912"}
{"_id":{"$oid":"57ce932a883bd905ef3db2b0"},"username":"ytp_indonesia","url":"/ytp_indonesia/status/577419526364512257?p=v","text_tweet":"demam berdarah melanda di wilayah di merenggut/CON korban/CON jiwa","time":"16 Mar 15","entity_position":{"melanda":[2],"wilayah":[4],"merenggut":[6],"korban":[7]},"entity":{"LOC":["melanda","wilayah"],"CON":["merenggut","korban"]},"id":"577419526364512257"}
{"_id":{"$oid":"57ce932a883bd905ef3db2b1"},"username":"SobatHAPE","url":"/SobatHAPE/status/577618562530971648?p=v","text_tweet":"cegah demam berdarah aplikasi android","time":"16 Mar 15","entity_position":{},"entity":{},"id":"577618562530971648"}
{"_id":{"$oid":"57ce932a883bd905ef3db2b2"},"username":"ArySukarno","url":"/ArySukarno/status/577634989740720128?p=v","text_tweet":"bikin semangat/LOC keluarga sahabat","time":"16 Mar 15","entity_position":{"semangat":[1]},"entity":{"LOC":["semangat"]},"id":"577634989740720128"}
{"_id":{"$oid":"57ce932a883bd905ef3db2b3"},"username":"contrexyn","url":"/contrexyn/status/577665671795884033?p=v","text_tweet":"yuk kenali ciri cirinya","time":"16 Mar 15","entity_position":{"ciri":[2],"kenali":[1],"cirinya":[3]},"entity":{"LOC":["kenali","ciri","cirinya"]},"id":"577665671795884033"}
{"_id":{"$oid":"57ce932a883bd905ef3db2b4"},"username":"dineke_DBD","url":"/dineke_DBD/status/577698761842913280?p=v","text_tweet":"yuhuuuu","time":"16 Mar 15","entity_position":{},"entity":{},"id":"577698761842913280"}
{"_id":{"$oid":"57ce932c883bd905ef3db2b5"},"username":"dineke_DBD","url":"/dineke_DBD/status/577433140521664512?p=v","text_tweet":"yuhuuu gapapa cinte yuhuu makasi ine dibaca wkwk syahfitri handayani ghozi happy anniversarry","time":"16 Mar 15","entity_position":{"makasi":[4],"handayani":[9]},"entity":{"LOC":["makasi","handayani"]},"id":"577433140521664512"}
{"_id":{"$oid":"57ce932c883bd905ef3db2b6"},"username":"kipay08","url":"/kipay08/status/577637628843061248?p=v","text_tweet":"yg bikin vay smangat karna cinta/LOC klu cinta/LOC vay di terima tpi cinta/LOC vay di tolaki","time":"16 Mar 15","entity_position":{"tolaki":[15],"terima":[10],"cinta":[5,7,12]},"entity":{"LOC":["cinta","cinta","terima","cinta","tolaki"]},"id":"577637628843061248"}
{"_id":{"$oid":"57ce932d883bd905ef3db2b7"},"username":"Ceu_Di","url":"/Ceu_Di/status/577632776934989824?p=v","text_tweet":"yg bikin smangat tuh brangkat kerja cuaca cerah b jumpa wajah2 ceria duit di dompet jg ada dengerin otw","time":"16 Mar 15","entity_position":{"cuaca":[6],"b":[8],"ceria":[11],"dompet":[14],"tuh":[3],"ada":[16],"jumpa":[9]},"entity":{"LOC":["tuh","cuaca","b","jumpa","ceria","dompet","ada"]},"id":"577632776934989824"}
{"_id":{"$oid":"57ce932d883bd905ef3db2b8"},"username":"Ohen_33135","url":"/Ohen_33135/status/577625378757304320?p=v","text_tweet":"yg bikin semangat/LOC ya pastinya cintaku di terima ama teh dai kang didin","time":"16 Mar 15","entity_position":{"teh":[9],"terima":[7],"ama":[8],"kang":[11],"dai":[10],"semangat":[2],"didin":[12],"cintaku":[5]},"entity":{"LOC":["semangat","cintaku","terima","ama","teh","dai","kang","didin"]},"id":"577625378757304320"}
{"_id":{"$oid":"57ce932e883bd905ef3db2b9"},"username":"BeritaJakarta","url":"/BeritaJakarta/status/577657060180918272?p=v","text_tweet":"walikota memimpin apel siaga/LOC fogging focus serentak pencegahan demam berdarah 17 3 15 via","time":"16 Mar 15","entity_position":{"siaga":[3],"memimpin":[1],"15":[12],"3":[11],"17":[10]},"entity":{"LOC":["memimpin","siaga","17","3","15"]},"id":"577657060180918272"}
{"_id":{"$oid":"57ce932e883bd905ef3db2ba"},"username":"bantenhits","url":"/bantenhits/status/577379744829722624?p=v","text_tweet":"wabah dbd di lebak/LOC dinkes/ORG anggap belum perlu fogging","time":"16 Mar 15","entity_position":{"lebak":[3],"perlu":[7],"dinkes":[4],"anggap":[5]},"entity":{"LOC":["lebak","anggap","perlu"],"ORG":["dinkes"]},"id":"577379744829722624"}
{"_id":{"$oid":"57ce9330883bd905ef3db2bb"},"username":"ikefadhillah","url":"/ikefadhillah/status/577483851024318464?p=v","text_tweet":"waaah d ksih obat lagsung sakratulmaun bagus/LOC obat ny iy waaah udh mninggal innalillahiwainnallhrjiunjdi dbd deh","time":"16 Mar 15","entity_position":{"d":[1],"bagus":[6]},"entity":{"LOC":["d","bagus"]},"id":"577483851024318464"}
{"_id":{"$oid":"57ce9330883bd905ef3db2bc"},"username":"Polisi_TL","url":"/Polisi_TL/status/577432549032521728?p=v","text_tweet":"udah sembuh dbd kah","time":"16 Mar 15","entity_position":{},"entity":{},"id":"577432549032521728"}
{"_id":{"$oid":"57ce9330883bd905ef3db2bd"},"username":"Info_UNY","url":"/Info_UNY/status/577686141668892672?p=v","text_tweet":"tips jitu php in nyamuk penyebab dbd beritajogjaid","time":"16 Mar 15","entity_position":{"jitu":[1]},"entity":{"LOC":["jitu"]},"id":"577686141668892672"}
{"_id":{"$oid":"57ce9330883bd905ef3db2be"},"username":"udinwidarso","url":"/udinwidarso/status/577598429414588417?p=v","text_tweet":"terutama demam berdarah dbd","time":"16 Mar 15","entity_position":{"terutama":[0]},"entity":{"LOC":["terutama"]},"id":"577598429414588417"}
{"_id":{"$oid":"57ce9330883bd905ef3db2bf"},"username":"roofiriyuzaki","url":"/roofiriyuzaki/status/577587300911054848?p=v","text_tweet":"terhindar demam berdarah seorang abg terserang/CON demam korea","time":"16 Mar 15","entity_position":{"terserang":[5],"abg":[4]},"entity":{"LOC":["abg"],"CON":["terserang"]},"id":"577587300911054848"}
{"_id":{"$oid":"57ce9330883bd905ef3db2c0"},"username":"ngemengepeh5","url":"/ngemengepeh5/status/577706016067874816?p=v","text_tweet":"terhindar demam berdarah seorang abg terserang/CON demam korea","time":"16 Mar 15","entity_position":{"terserang":[5],"abg":[4]},"entity":{"LOC":["abg"],"CON":["terserang"]},"id":"577706016067874816"}
{"_id":{"$oid":"57ce9330883bd905ef3db2c1"},"username":"Rembang140","url":"/Rembang140/status/577721099225423872?p=v","text_tweet":"temukan 10 dbd rembang/LOC pasien kasus demam berdarah dengue di wilayah puskesmas/ORG rembang/LOC 2 p","time":"16 Mar 15","entity_position":{"10":[1],"puskesmas":[11],"wilayah":[10],"p":[14],"2":[13],"temukan":[0],"rembang":[3,12]},"entity":{"LOC":["temukan","10","rembang","wilayah","rembang","2","p"],"ORG":["puskesmas"]},"id":"577721099225423872"}
{"_id":{"$oid":"57ce9330883bd905ef3db2c2"},"username":"republikaonline","url":"/republikaonline/status/577455678651961344?p=v","text_tweet":"tekan penyebaran dbd dkk bentuk pokjanal","time":"16 Mar 15","entity_position":{"bentuk":[4]},"entity":{"LOC":["bentuk"]},"id":"577455678651961344"}
{"_id":{"$oid":"57ce9330883bd905ef3db2c3"},"username":"BeritaUpdated2","url":"/BeritaUpdated2/status/577460413417136128?p=v","text_tweet":"tekan penyebaran dbd dkk bentuk pokjanal","time":"16 Mar 15","entity_position":{"bentuk":[4]},"entity":{"LOC":["bentuk"]},"id":"577460413417136128"}
{"_id":{"$oid":"57ce9330883bd905ef3db2c4"},"username":"KotaJaksel","url":"/KotaJaksel/status/577404589860868096?p=v","text_tweet":"tanggap cepat pemkot/ORG jaksel terhadap kasus dbd jum at 13 maret 2015 via","time":"16 Mar 15","entity_position":{"jaksel":[3],"pemkot":[2],"13":[9]},"entity":{"ORG":["pemkot"],"LOC":["jaksel","13"]},"id":"577404589860868096"}
{"_id":{"$oid":"57ce9331883bd905ef3db2c5"},"username":"IniSleman","url":"/IniSleman/status/577467686872989696?p=v","text_tweet":"solopos demam berdarah 4/NUM warga sleman/LOC meninggal/CON karena dbd","time":"16 Mar 15","entity_position":{"sleman":[5],"meninggal":[6],"4":[3]},"entity":{"LOC":["sleman"],"NUM":["4"],"CON":["meninggal"]},"id":"577467686872989696"}
{"_id":{"$oid":"57ce9331883bd905ef3db2c6"},"username":"muaragembongku","url":"/muaragembongku/status/577448456685367297?p=v","text_tweet":"siap","time":"16 Mar 15","entity_position":{},"entity":{},"id":"577448456685367297"}
{"_id":{"$oid":"57ce9331883bd905ef3db2c7"},"username":"krsxn","url":"/krsxn/status/577612575132667904?p=v","text_tweet":"sian ye kena/CON dbd gua/LOC cuman doain biar cepet sembuh","time":"16 Mar 15","entity_position":{"sian":[0],"gua":[4],"kena":[2]},"entity":{"LOC":["sian","gua"],"CON":["kena"]},"id":"577612575132667904"}
{"_id":{"$oid":"57ce9332883bd905ef3db2c8"},"username":"muaragembongku","url":"/muaragembongku/status/577448456685367297?p=v","text_tweet":"sgra dicari detil rt 18 20 sjak seminggu blkang 5/NUM orang wrga dsa jayasakti/LOC kec","time":"16 Mar 15","entity_position":{"jayasakti":[13],"wrga":[11],"20":[5],"18":[4],"seminggu":[7],"5":[9],"dicari":[1]},"entity":{"LOC":["dicari","18","20","seminggu","wrga","jayasakti"],"NUM":["5"]},"id":"577448456685367297"}
{"_id":{"$oid":"57ce9333883bd905ef3db2c9"},"username":"bantenhits","url":"/bantenhits/status/577447607032627200?p=v","text_tweet":"sepanjang tahun 2014 400/NUM kasus dbd terjadi di lebak 4 diantaranya meninggal/CON dunia","time":"16 Mar 15","entity_position":{"lebak":[8],"meninggal":[11],"4":[9],"dunia":[12],"400":[3]},"entity":{"LOC":["lebak","4","dunia"],"NUM":["400"],"CON":["meninggal"]},"id":"577447607032627200"}
{"_id":{"$oid":"57ce9333883bd905ef3db2ca"},"username":"dineke_DBD","url":"/dineke_DBD/status/577408027482984448?p=v","text_tweet":"selamatsoreedo","time":"16 Mar 15","entity_position":{},"entity":{},"id":"577408027482984448"}
{"_id":{"$oid":"57ce9333883bd905ef3db2cb"},"username":"dineke_DBD","url":"/dineke_DBD/status/577698693874196480?p=v","text_tweet":"selamatsiang","time":"16 Mar 15","entity_position":{},"entity":{},"id":"577698693874196480"}
{"_id":{"$oid":"57ce9333883bd905ef3db2cc"},"username":"dineke_DBD","url":"/dineke_DBD/status/577616437600096256?p=v","text_tweet":"selamatpagi","time":"16 Mar 15","entity_position":{},"entity":{},"id":"577616437600096256"}
{"_id":{"$oid":"57ce9333883bd905ef3db2cd"},"username":"dineke_DBD","url":"/dineke_DBD/status/577616181827235841?p=v","text_tweet":"selamat pagi","time":"16 Mar 15","entity_position":{"pagi":[1],"selamat":[0]},"entity":{"LOC":["selamat","pagi"]},"id":"577616181827235841"}
{"_id":{"$oid":"57ce9333883bd905ef3db2ce"},"username":"dineke_DBD","url":"/dineke_DBD/status/577454364295491584?p=v","text_tweet":"sayang/LOC edo","time":"16 Mar 15","entity_position":{"sayang":[0]},"entity":{"LOC":["sayang"]},"id":"577454364295491584"}
{"_id":{"$oid":"57ce9334883bd905ef3db2cf"},"username":"OphirGottlieb","url":"/OphirGottlieb/status/577519727502753792?p=v","text_tweet":"ssys ddd lxk dbd efii revenue trends gt","time":"16 Mar 15","entity_position":{},"entity":{},"id":"577519727502753792"}
{"_id":{"$oid":"57ce9334883bd905ef3db2d0"},"username":"jogjaindesign","url":"/jogjaindesign/status/577525025160359936?p=v","text_tweet":"puncak wabah dbd januari penderita/CON 109/NUM orang","time":"16 Mar 15","entity_position":{"penderita":[4],"109":[5]},"entity":{"NUM":["109"],"CON":["penderita"]},"id":"577525025160359936"}
{"_id":{"$oid":"57ce9334883bd905ef3db2d1"},"username":"Hilabdc","url":"/Hilabdc/status/577366207445094401?p=v","text_tweet":"promo maret 2015 paket pemeriksaan demam berdarah rp285rb","time":"16 Mar 15","entity_position":{"paket":[3]},"entity":{"LOC":["paket"]},"id":"577366207445094401"}
{"_id":{"$oid":"57ce9334883bd905ef3db2d2"},"username":"Hilabdc","url":"/Hilabdc/status/577365676253298688?p=v","text_tweet":"promo hi lab maret 2015 paket pemeriksaan demam berdarah rp285rb","time":"16 Mar 15","entity_position":{"paket":[5],"lab":[2]},"entity":{"LOC":["lab","paket"]},"id":"577365676253298688"}
{"_id":{"$oid":"57ce9334883bd905ef3db2d3"},"username":"iloveaceh","url":"/iloveaceh/status/577693733510094848?p=v","text_tweet":"program sebulan 2 gitu","time":"16 Mar 15","entity_position":{"2":[2]},"entity":{"LOC":["2"]},"id":"577693733510094848"}
{"_id":{"$oid":"57ce9334883bd905ef3db2d4"},"username":"PMI_DKI_Jakarta","url":"/PMI_DKI_Jakarta/status/577656126990221313?p=v","text_tweet":"permintaan darah bertrombosit untuk dbd turun","time":"16 Mar 15","entity_position":{},"entity":{},"id":"577656126990221313"}
{"_id":{"$oid":"57ce9334883bd905ef3db2d5"},"username":"anggunsidiq","url":"/anggunsidiq/status/577530281860554752?p=v","text_tweet":"permintaan darah bertrombosit dbd turun","time":"16 Mar 15","entity_position":{},"entity":{},"id":"577530281860554752"}
{"_id":{"$oid":"57ce9335883bd905ef3db2d6"},"username":"dinnaudin","url":"/dinnaudin/status/577688062148259840?p=v","text_tweet":"penyemprotan dbd dadakan tuh ya bkin panik with akbar antapani/LOC peaceful district","time":"16 Mar 15","entity_position":{"tuh":[3],"antapani":[9]},"entity":{"LOC":["tuh","antapani"]},"id":"577688062148259840"}
{"_id":{"$oid":"57ce9335883bd905ef3db2d7"},"username":"indragoh","url":"/indragoh/status/577406313673584640?p=v","text_tweet":"pengalaman pribadi menderita/CON dbd bbrp thn","time":"16 Mar 15","entity_position":{"menderita":[2],"pengalaman":[0]},"entity":{"LOC":["pengalaman"],"CON":["menderita"]},"id":"577406313673584640"}
{"_id":{"$oid":"57ce9335883bd905ef3db2d8"},"username":"VIVAcoid","url":"/VIVAcoid/status/577391536612200448?p=v","text_tweet":"penderita/CON dbd di tuban terus meningkat","time":"16 Mar 15","entity_position":{"penderita":[0],"terus":[4],"tuban":[3]},"entity":{"LOC":["tuban","terus"],"CON":["penderita"]},"id":"577391536612200448"}
{"_id":{"$oid":"57ce9335883bd905ef3db2d9"},"username":"kendarinews","url":"/kendarinews/status/577441081387712513?p=v","text_tweet":"penderita/CON dbd di kolaka/LOC dominan warga miskin","time":"16 Mar 15","entity_position":{"miskin":[6],"kolaka":[3],"penderita":[0]},"entity":{"LOC":["kolaka","miskin"],"CON":["penderita"]},"id":"577441081387712513"}
{"_id":{"$oid":"57ce9335883bd905ef3db2da"},"username":"belengsultra","url":"/belengsultra/status/577438457871618048?p=v","text_tweet":"penderita/CON dbd di kolaka/LOC dominan warga miskin","time":"16 Mar 15","entity_position":{"miskin":[6],"kolaka":[3],"penderita":[0]},"entity":{"LOC":["kolaka","miskin"],"CON":["penderita"]},"id":"577438457871618048"}
{"_id":{"$oid":"57ce9335883bd905ef3db2db"},"username":"BeritaJakarta","url":"/BeritaJakarta/status/577663321400176640?p=v","text_tweet":"penderita/CON dbd di jaksel capai 343/NUM orang","time":"16 Mar 15","entity_position":{"jaksel":[3],"penderita":[0],"343":[5]},"entity":{"LOC":["jaksel"],"NUM":["343"],"CON":["penderita"]},"id":"577663321400176640"}
{"_id":{"$oid":"57ce9335883bd905ef3db2dc"},"username":"BeritaJakarta","url":"/BeritaJakarta/status/577685365458259968?p=v","text_tweet":"penderita/CON dbd di jaksel capai 343/NUM orang","time":"16 Mar 15","entity_position":{"jaksel":[3],"penderita":[0],"343":[5]},"entity":{"LOC":["jaksel"],"NUM":["343"],"CON":["penderita"]},"id":"577685365458259968"}
{"_id":{"$oid":"57ce9335883bd905ef3db2dd"},"username":"BeritaJakarta","url":"/BeritaJakarta/status/577577730121728001?p=v","text_tweet":"penderita/CON dbd di jaksel capai 343/NUM orang","time":"16 Mar 15","entity_position":{"jaksel":[3],"penderita":[0],"343":[5]},"entity":{"LOC":["jaksel"],"NUM":["343"],"CON":["penderita"]},"id":"577577730121728001"}
{"_id":{"$oid":"57ce9335883bd905ef3db2de"},"username":"BeritaJakarta","url":"/BeritaJakarta/status/577429400871796736?p=v","text_tweet":"penderita/CON dbd di jaksel capai 343/NUM orang","time":"16 Mar 15","entity_position":{"jaksel":[3],"penderita":[0],"343":[5]},"entity":{"LOC":["jaksel"],"NUM":["343"],"CON":["penderita"]},"id":"577429400871796736"}
{"_id":{"$oid":"57ce9335883bd905ef3db2df"},"username":"BeritaJakarta","url":"/BeritaJakarta/status/577368405805703169?p=v","text_tweet":"penderita/CON dbd di jaksel capai 343/NUM orang","time":"16 Mar 15","entity_position":{"jaksel":[3],"penderita":[0],"343":[5]},"entity":{"LOC":["jaksel"],"NUM":["343"],"CON":["penderita"]},"id":"577368405805703169"}
{"_id":{"$oid":"57ce9335883bd905ef3db2e0"},"username":"Hilabdc","url":"/Hilabdc/status/577365676253298688?p=v","text_tweet":"paket sehat kolesterol gula sgpt sgot kreatinin tensi rp 145rb","time":"16 Mar 15","entity_position":{"gula":[3],"paket":[0]},"entity":{"LOC":["paket","gula"]},"id":"577365676253298688"}
{"_id":{"$oid":"57ce9336883bd905ef3db2e1"},"username":"Hilabdc","url":"/Hilabdc/status/577366207445094401?p=v","text_tweet":"paket sehat kolesterol gula sgpt sgot kreatinin tensi rp 145rb","time":"16 Mar 15","entity_position":{"gula":[3],"paket":[0]},"entity":{"LOC":["paket","gula"]},"id":"577366207445094401"}
{"_id":{"$oid":"57ce9336883bd905ef3db2e2"},"username":"rdi971","url":"/rdi971/status/577457099212369920?p=v","text_tweet":"pagi dengerin bareng/LOC jam6 10 persembahan entrostop","time":"16 Mar 15","entity_position":{"pagi":[0],"bareng":[2],"persembahan":[5],"10":[4]},"entity":{"LOC":["pagi","bareng","10","persembahan"]},"id":"577457099212369920"}
{"_id":{"$oid":"57ce9336883bd905ef3db2e3"},"username":"728b0c90c8fc4de","url":"/728b0c90c8fc4de/status/577539806936326145?p=v","text_tweet":"ogretmeneatama nisandaolsun dbd","time":"16 Mar 15","entity_position":{},"entity":{},"id":"577539806936326145"}
{"_id":{"$oid":"57ce9337883bd905ef3db2e4"},"username":"Sii_Alans","url":"/Sii_Alans/status/577438235791478784?p=v","text_tweet":"nyimak pipi kanan/LOC nyimak pipi kiri nyimak demam berdarah nyimak goreng tah","time":"16 Mar 15","entity_position":{"kanan":[2],"kiri":[5],"goreng":[10]},"entity":{"LOC":["kanan","kiri","goreng"]},"id":"577438235791478784"}
{"_id":{"$oid":"57ce9337883bd905ef3db2e5"},"username":"tambahfollowerr","url":"/tambahfollowerr/status/577582371991625728?p=v","text_tweet":"nyamuk menyebabkan 40 persen populasi dunia berisiko menderita/CON demam berdarah","time":"16 Mar 15","entity_position":{"menderita":[7],"dunia":[5],"40":[2]},"entity":{"LOC":["40","dunia"],"CON":["menderita"]},"id":"577582371991625728"}
{"_id":{"$oid":"57ce9337883bd905ef3db2e6"},"username":"nisamandalina","url":"/nisamandalina/status/577578687014383616?p=v","text_tweet":"nyamuk kebon/LOC wkkw","time":"16 Mar 15","entity_position":{"kebon":[1]},"entity":{"LOC":["kebon"]},"id":"577578687014383616"}
{"_id":{"$oid":"57ce9337883bd905ef3db2e7"},"username":"nisamandalina","url":"/nisamandalina/status/577578687014383616?p=v","text_tweet":"nyamuk dbd gua/LOC entar hahaha wkwkw iyaa nyamuk","time":"16 Mar 15","entity_position":{"gua":[2]},"entity":{"LOC":["gua"]},"id":"577578687014383616"}
{"_id":{"$oid":"57ce9338883bd905ef3db2e8"},"username":"rdi971","url":"/rdi971/status/577623499524571136?p=v","text_tweet":"nah nya udah nih yuk cus dengerin kocaknya ya di rdi","time":"16 Mar 15","entity_position":{"nah":[0],"nya":[1],"rdi":[10]},"entity":{"LOC":["nah","nya","rdi"]},"id":"577623499524571136"}
{"_id":{"$oid":"57ce9338883bd905ef3db2e9"},"username":"CMLviz","url":"/CMLviz/status/577581716027543552?p=v","text_tweet":"nmbl efii smci dbd qlgc revenue trend comparison","time":"16 Mar 15","entity_position":{},"entity":{},"id":"577581716027543552"}
{"_id":{"$oid":"57ce9338883bd905ef3db2ea"},"username":"ACT_DMII","url":"/ACT_DMII/status/577663177858494464?p=v","text_tweet":"musim panas/LOC masuk april hati2 dng wabah dbd","time":"16 Mar 15","entity_position":{"panas":[1]},"entity":{"LOC":["panas"]},"id":"577663177858494464"}
{"_id":{"$oid":"57ce9338883bd905ef3db2eb"},"username":"BrebesSaiki","url":"/BrebesSaiki/status/577636991816216576?p=v","text_tweet":"musim hujan ada waspada demam berdarah ya","time":"16 Mar 15","entity_position":{"hujan":[1],"ada":[2]},"entity":{"LOC":["hujan","ada"]},"id":"577636991816216576"}
{"_id":{"$oid":"57ce9338883bd905ef3db2ec"},"username":"ryaniezmoments","url":"/ryaniezmoments/status/577685136227041280?p=v","text_tweet":"mild dengue fever","time":"16 Mar 15","entity_position":{},"entity":{},"id":"577685136227041280"}
{"_id":{"$oid":"57ce9338883bd905ef3db2ed"},"username":"udinwidarso","url":"/udinwidarso/status/577598429414588417?p=v","text_tweet":"menghadapi musim hujan menjaga kesehatan waspada penyakit/CON","time":"16 Mar 15","entity_position":{"menjaga":[3],"hujan":[2],"penyakit":[6]},"entity":{"LOC":["hujan","menjaga"],"CON":["penyakit"]},"id":"577598429414588417"}
{"_id":{"$oid":"57ce9338883bd905ef3db2ee"},"username":"VampireMuslimah","url":"/VampireMuslimah/status/577415894353117184?p=v","text_tweet":"mengenali penyebab gejala demam berdarah by has been chirpified","time":"16 Mar 15","entity_position":{"mengenali":[0]},"entity":{"LOC":["mengenali"]},"id":"577415894353117184"}
{"_id":{"$oid":"57ce9338883bd905ef3db2ef"},"username":"Wirdjawan","url":"/Wirdjawan/status/577459952765181953?p=v","text_tweet":"mengenali penyebab gejala demam berdarah by","time":"16 Mar 15","entity_position":{"mengenali":[0]},"entity":{"LOC":["mengenali"]},"id":"577459952765181953"}
{"_id":{"$oid":"57ce9338883bd905ef3db2f0"},"username":"priyochikadoe","url":"/priyochikadoe/status/577488091776057344?p=v","text_tweet":"mencegah demam berdarah blog siniaga com","time":"16 Mar 15","entity_position":{"siniaga":[4]},"entity":{"LOC":["siniaga"]},"id":"577488091776057344"}
{"_id":{"$oid":"57ce9339883bd905ef3db2f1"},"username":"ssinzhye7","url":"/ssinzhye7/status/577673314245591040?p=v","text_tweet":"mau jerit2 gengsi","time":"16 Mar 15","entity_position":{"mau":[0]},"entity":{"LOC":["mau"]},"id":"577673314245591040"}
{"_id":{"$oid":"57ce9339883bd905ef3db2f2"},"username":"teguhhaes","url":"/teguhhaes/status/577363858899095552?p=v","text_tweet":"mengenal infeksi demam berdarah dengue dbd mengenal infeksi demam berdarah dengue dbd mengenal infeksi","time":"16 Mar 15","entity_position":{"mengenal":[0,6,12]},"entity":{"LOC":["mengenal","mengenal","mengenal"]},"id":"577363858899095552"}
{"_id":{"$oid":"57ce9339883bd905ef3db2f3"},"username":"joetriwulan","url":"/joetriwulan/status/577724615293673472?p=v","text_tweet":"lagi 1/NUM warga meninggal karena dbd gunawan radar jogja pencegahan petugas","time":"16 Mar 15","entity_position":{"1":[1],"meninggal":[3],"lagi":[0]},"entity":{"LOC":["lagi","meninggal"],"NUM":["1"]},"id":"577724615293673472"}
{"_id":{"$oid":"57ce9339883bd905ef3db2f4"},"username":"yudissejahtera","url":"/yudissejahtera/status/577668814675951616?p=v","text_tweet":"kmarin dbd untung aj bkn disabotase coba di pln yg dituduh sab","time":"16 Mar 15","entity_position":{"pln":[8],"untung":[2]},"entity":{"LOC":["untung","pln"]},"id":"577668814675951616"}
{"_id":{"$oid":"57ce933a883bd905ef3db2f5"},"username":"whpw23","url":"/whpw23/status/577487058568015872?p=v","text_tweet":"kena/CON dbd udh kaya kena/CON campak aja pd merah","time":"16 Mar 15","entity_position":{"aja":[6],"kena":[0,4],"pd":[7],"kaya":[3]},"entity":{"LOC":["kaya","aja","pd"],"CON":["kena","kena"]},"id":"577487058568015872"}
{"_id":{"$oid":"57ce933a883bd905ef3db2f6"},"username":"BeritaJakarta","url":"/BeritaJakarta/status/577455410258407424?p=v","text_tweet":"kecamatan kasus dbd tinggi akan ditandai","time":"16 Mar 15","entity_position":{"ditandai":[5],"akan":[4],"tinggi":[3]},"entity":{"LOC":["tinggi","akan","ditandai"]},"id":"577455410258407424"}
{"_id":{"$oid":"57ce933a883bd905ef3db2f7"},"username":"BeritaJakarta","url":"/BeritaJakarta/status/577685998273875968?p=v","text_tweet":"kecamatan kasus dbd tinggi akan ditandai","time":"16 Mar 15","entity_position":{"ditandai":[5],"akan":[4],"tinggi":[3]},"entity":{"LOC":["tinggi","akan","ditandai"]},"id":"577685998273875968"}
{"_id":{"$oid":"57ce933a883bd905ef3db2f8"},"username":"Info_Jababeka","url":"/Info_Jababeka/status/577679064246325248?p=v","text_tweet":"kasus dbd di jakarta selatan setiap minggu meningkat warta kota/ORG","time":"16 Mar 15","entity_position":{"setiap":[5],"jakarta":[3],"kota":[9],"selatan":[4],"minggu":[6]},"entity":{"LOC":["jakarta","selatan","setiap","minggu"],"ORG":["kota"]},"id":"577679064246325248"}
{"_id":{"$oid":"57ce933a883bd905ef3db2f9"},"username":"itsmeRahmat","url":"/itsmeRahmat/status/577681910765240320?p=v","text_tweet":"kasus dbd di jakarta selatan setiap minggu meningkat berdasarkan data min","time":"16 Mar 15","entity_position":{"setiap":[5],"jakarta":[3],"selatan":[4],"minggu":[6]},"entity":{"LOC":["jakarta","selatan","setiap","minggu"]},"id":"577681910765240320"}
{"_id":{"$oid":"57ce933b883bd905ef3db2fa"},"username":"info_Jakarta","url":"/info_Jakarta/status/577685532840304640?p=v","text_tweet":"kasus dbd di jakarta selatan setiap minggu meningkat","time":"16 Mar 15","entity_position":{"setiap":[5],"jakarta":[3],"selatan":[4],"minggu":[6]},"entity":{"LOC":["jakarta","selatan","setiap","minggu"]},"id":"577685532840304640"}
{"_id":{"$oid":"57ce933b883bd905ef3db2fb"},"username":"JakartaNetizen","url":"/JakartaNetizen/status/577696441163915264?p=v","text_tweet":"kasus dbd di jakarta selatan setiap minggu meningkat","time":"16 Mar 15","entity_position":{"setiap":[5],"jakarta":[3],"selatan":[4],"minggu":[6]},"entity":{"LOC":["jakarta","selatan","setiap","minggu"]},"id":"577696441163915264"}
{"_id":{"$oid":"57ce933b883bd905ef3db2fc"},"username":"infoKALTENG","url":"/infoKALTENG/status/577686076195631104?p=v","text_tweet":"kasus dbd 2015 meningkat di kotim","time":"16 Mar 15","entity_position":{"kotim":[5]},"entity":{"LOC":["kotim"]},"id":"577686076195631104"}
{"_id":{"$oid":"57ce933b883bd905ef3db2fd"},"username":"ssinzhye7","url":"/ssinzhye7/status/577673314245591040?p=v","text_tweet":"kasian kecoanya dikomplek semprot demam berdarah kecoa2","time":"16 Mar 15","entity_position":{"kasian":[0]},"entity":{"LOC":["kasian"]},"id":"577673314245591040"}
{"_id":{"$oid":"57ce933c883bd905ef3db2fe"},"username":"beritajatimcom","url":"/beritajatimcom/status/577424959582027776?p=v","text_tweet":"jumlah penderita/CON demam berdarah dengue dbd di kabupaten/ORG sumenep/LOC januari 2015 jawa timur","time":"16 Mar 15","entity_position":{"jawa":[11],"penderita":[1],"sumenep":[8],"timur":[12],"kabupaten":[7]},"entity":{"LOC":["sumenep","jawa","timur"],"ORG":["kabupaten"],"CON":["penderita"]},"id":"577424959582027776"}
{"_id":{"$oid":"57ce933c883bd905ef3db2ff"},"username":"angkurhido","url":"/angkurhido/status/577718526615494656?p=v","text_tweet":"jika ada jentik nyamuk pemilik rumah didenda kian meningkatnya demam berdarah di wilayah jakarta selat","time":"16 Mar 15","entity_position":{"kian":[7],"jakarta":[13],"rumah":[5],"wilayah":[12],"ada":[1],"selat":[14]},"entity":{"LOC":["ada","rumah","kian","wilayah","jakarta","selat"]},"id":"577718526615494656"}
{"_id":{"$oid":"57ce933d883bd905ef3db300"},"username":"firlianalvira","url":"/firlianalvira/status/577699943697133568?p=v","text_tweet":"jengukin yg dbd nii gws lippp with alivia aldiladwil and 4 others muara/LOC as syifa","time":"16 Mar 15","entity_position":{"muara":[12],"nii":[3],"4":[10]},"entity":{"LOC":["nii","4","muara"]},"id":"577699943697133568"}
{"_id":{"$oid":"57ce933e883bd905ef3db301"},"username":"indragoh","url":"/indragoh/status/577406313673584640?p=v","text_tweet":"jawaban guava sgt bagus/LOC utk menaikkan trombosit dlm darah","time":"16 Mar 15","entity_position":{"menaikkan":[5],"bagus":[3]},"entity":{"LOC":["bagus","menaikkan"]},"id":"577406313673584640"}
{"_id":{"$oid":"57ce933e883bd905ef3db302"},"username":"dandy_dwi1","url":"/dandy_dwi1/status/577651436563120128?p=v","text_tweet":"jambu biji pepaya jeruk mangga kaya cairan dikonsumsi membantu pemulihan/LOC demam berdarah","time":"16 Mar 15","entity_position":{"jambu":[0],"pemulihan":[9],"kaya":[5],"biji":[1],"jeruk":[3],"mangga":[4]},"entity":{"LOC":["jambu","biji","jeruk","mangga","kaya","pemulihan"]},"id":"577651436563120128"}
{"_id":{"$oid":"57ce933e883bd905ef3db303"},"username":"LesPrivate21","url":"/LesPrivate21/status/577413011171721216?p=v","text_tweet":"hikmah gubernur ahok terserang/CON demam berdarah","time":"16 Mar 15","entity_position":{"gubernur":[1],"hikmah":[0],"terserang":[3]},"entity":{"LOC":["hikmah","gubernur"],"CON":["terserang"]},"id":"577413011171721216"}
{"_id":{"$oid":"57ce933f883bd905ef3db304"},"username":"AriefGoen1","url":"/AriefGoen1/status/577388209056796672?p=v","text_tweet":"hehehe hatur nuhun ceu rt wah poena c mamang outsiderbobotoh yaa dbd mang ahhh","time":"16 Mar 15","entity_position":{"c":[7],"mang":[12]},"entity":{"LOC":["c","mang"]},"id":"577388209056796672"}
{"_id":{"$oid":"57ce9340883bd905ef3db305"},"username":"dekUnyu","url":"/dekUnyu/status/577535806803353601?p=v","text_tweet":"hati hati musim dbd rt liverpool butuh/LOC poin di swansea balotelli malah sakit/CON","time":"16 Mar 15","entity_position":{"hati":[0,1],"sakit":[12],"butuh":[6],"swansea":[9]},"entity":{"LOC":["hati","hati","butuh","swansea"],"CON":["sakit"]},"id":"577535806803353601"}
{"_id":{"$oid":"57ce9340883bd905ef3db306"},"username":"zupparella","url":"/zupparella/status/577426488711991296?p=v","text_tweet":"haji lulung digigit nyamuk nyamuknya yg demam berdarah","time":"16 Mar 15","entity_position":{"haji":[0]},"entity":{"LOC":["haji"]},"id":"577426488711991296"}
{"_id":{"$oid":"57ce9340883bd905ef3db307"},"username":"putriali19","url":"/putriali19/status/577366169348227072?p=v","text_tweet":"haji lulung digigit nya/LOCmuk nya/LOCmuk nya/LOC kena/CON dbd","time":"16 Mar 15","entity_position":{"nya":[5],"kena":[6],"haji":[0]},"entity":{"LOC":["haji","nya"],"CON":["kena"]},"id":"577366169348227072"}
{"_id":{"$oid":"57ce9340883bd905ef3db308"},"username":"bachtiar_arief","url":"/bachtiar_arief/status/577383320444497921?p=v","text_tweet":"haji lulung di gigit nyamuk nyamuknya yang mati/CON kena/CON dbd","time":"16 Mar 15","entity_position":{"gigit":[3],"yang":[6],"kena":[8],"haji":[0],"mati":[7]},"entity":{"LOC":["haji","gigit","yang"],"CON":["mati","kena"]},"id":"577383320444497921"}
{"_id":{"$oid":"57ce9341883bd905ef3db309"},"username":"robertoluddolim","url":"/robertoluddolim/status/577672712904015872?p=v","text_tweet":"hai/LOC yuk cek ada 50 followers instagram","time":"16 Mar 15","entity_position":{"hai":[0],"cek":[2],"ada":[3]},"entity":{"LOC":["hai","cek","ada"]},"id":"577672712904015872"}
{"_id":{"$oid":"57ce9341883bd905ef3db30a"},"username":"deasafilaa","url":"/deasafilaa/status/577714235074973696?p=v","text_tweet":"habis cek darah sakit/CON yaaaa semoga demam gak sampe/LOC dbd tifus","time":"16 Mar 15","entity_position":{"habis":[0],"sakit":[3],"cek":[1],"sampe":[8],"semoga":[5]},"entity":{"LOC":["habis","cek","semoga","sampe"],"CON":["sakit"]},"id":"577714235074973696"}
{"_id":{"$oid":"57ce9342883bd905ef3db30b"},"username":"eciik","url":"/eciik/status/577504714977234944?p=v","text_tweet":"get well soon/LOC starboy","time":"16 Mar 15","entity_position":{"soon":[2]},"entity":{"LOC":["soon"]},"id":"577504714977234944"}
{"_id":{"$oid":"57ce9342883bd905ef3db30c"},"username":"EOCforum","url":"/EOCforum/status/577385689152499712?p=v","text_tweet":"gejala penyakit/CON demam berdarah","time":"16 Mar 15","entity_position":{"penyakit":[1]},"entity":{"CON":["penyakit"]},"id":"577385689152499712"}
{"_id":{"$oid":"57ce9342883bd905ef3db30d"},"username":"Moch_S","url":"/Moch_S/status/577661794702921728?p=v","text_tweet":"fogging komp dpr ii meruya selatan berantas dbd","time":"16 Mar 15","entity_position":{"ii":[3],"komp":[1],"selatan":[5],"meruya":[4]},"entity":{"LOC":["komp","ii","meruya","selatan"]},"id":"577661794702921728"}
{"_id":{"$oid":"57ce9342883bd905ef3db30e"},"username":"BundaBebiluck","url":"/BundaBebiluck/status/577418066893516800?p=v","text_tweet":"enzim jambu biji mencegah berkembangnya virus demam berdarah tubuh lho","time":"16 Mar 15","entity_position":{"biji":[2],"tubuh":[8],"jambu":[1],"berkembangnya":[4]},"entity":{"LOC":["jambu","biji","berkembangnya","tubuh"]},"id":"577418066893516800"}
{"_id":{"$oid":"57ce9342883bd905ef3db30f"},"username":"areapurwakarta","url":"/areapurwakarta/status/577472865957732352?p=v","text_tweet":"2/NUM tewas/CON digigit nyamuk dbd di purwakarta/LOC poskotanews","time":"16 Mar 15","entity_position":{"tewas":[1],"2":[0],"purwakarta":[6]},"entity":{"LOC":["purwakarta"],"NUM":["2"],"CON":["tewas"]},"id":"577472865957732352"}
{"_id":{"$oid":"57ce9342883bd905ef3db310"},"username":"inpojabar","url":"/inpojabar/status/577552600066859008?p=v","text_tweet":"2/NUM tewas/CON digigit nyamuk dbd di purwakarta/LOC poskotanews","time":"16 Mar 15","entity_position":{"tewas":[1],"2":[0],"purwakarta":[6]},"entity":{"LOC":["purwakarta"],"NUM":["2"],"CON":["tewas"]},"id":"577552600066859008"}
{"_id":{"$oid":"57ce9342883bd905ef3db311"},"username":"inpojabar","url":"/inpojabar/status/577690503967334400?p=v","text_tweet":"2/NUM tewas/CON digigit nyamuk dbd di purwakarta/LOC poskotanews","time":"16 Mar 15","entity_position":{"tewas":[1],"2":[0],"purwakarta":[6]},"entity":{"LOC":["purwakarta"],"NUM":["2"],"CON":["tewas"]},"id":"577690503967334400"}
{"_id":{"$oid":"57ce9343883bd905ef3db312"},"username":"MaduraFM","url":"/MaduraFM/status/577612908642861057?p=v","text_tweet":"dinkes/ORG sumenep/LOC belum cabut/CON status klb dbdsumenep/LOC dinas/ORG kesehatan dinkes/ORG sumenep/LOC madura jawa timur","time":"16 Mar 15","entity_position":{"cabut":[3],"dinkes":[0,9],"madura":[11],"dinas":[7],"jawa":[12],"sumenep":[1,10],"timur":[13]},"entity":{"ORG":["dinkes","dinas","dinkes"],"CON":["cabut"],"LOC":["sumenep","sumenep","madura","jawa","timur"]},"id":"577612908642861057"}
{"_id":{"$oid":"57ce9343883bd905ef3db313"},"username":"katawartadotcom","url":"/katawartadotcom/status/577442435539718144?p=v","text_tweet":"dinkes/ORG giatkan psn cegah","time":"16 Mar 15","entity_position":{"dinkes":[0],"giatkan":[1]},"entity":{"ORG":["dinkes"],"LOC":["giatkan"]},"id":"577442435539718144"}
{"_id":{"$oid":"57ce9343883bd905ef3db314"},"username":"mtohamakhsun","url":"/mtohamakhsun/status/577407528725676032?p=v","text_tweet":"dinkes/ORG bogor/LOC giatkan psn cegah dbd","time":"16 Mar 15","entity_position":{"dinkes":[0],"bogor":[1]},"entity":{"ORG":["dinkes"],"LOC":["bogor"]},"id":"577407528725676032"}
{"_id":{"$oid":"57ce9343883bd905ef3db315"},"username":"InfoTNG123","url":"/InfoTNG123/status/577463860321390594?p=v","text_tweet":"dinilai tutup mata soal dbd dinkes/ORG lebak/LOC didemo lebak/LOC trustkota dinas/ORG kesehatan dinkes/ORG kabupaten/ORG lebak/LOC di","time":"16 Mar 15","entity_position":{"soal":[3],"dinkes":[5,12],"kabupaten":[13],"lebak":[6,8,14],"dinilai":[0],"dinas":[10],"mata":[2],"tutup":[1]},"entity":{"LOC":["dinilai","tutup","mata","soal","lebak","lebak","lebak"],"ORG":["dinkes","dinas","dinkes","kabupaten"]},"id":"577463860321390594"}
{"_id":{"$oid":"57ce9344883bd905ef3db316"},"username":"Banten_News","url":"/Banten_News/status/577394234380054528?p=v","text_tweet":"dianggap lalai tangani dbd mahasiswa demo dinkes/ORG lebak/LOC indopos","time":"16 Mar 15","entity_position":{"lebak":[7],"dinkes":[6],"lalai":[1],"tangani":[2]},"entity":{"LOC":["lalai","tangani","lebak"],"ORG":["dinkes"]},"id":"577394234380054528"}
{"_id":{"$oid":"57ce9344883bd905ef3db317"},"username":"HalloIDR","url":"/HalloIDR/status/577695985649987584?p=v","text_tweet":"di cluster sdh 5/NUM warga yg terserang/CON","time":"16 Mar 15","entity_position":{"cluster":[1],"terserang":[6],"5":[3],"yg":[5]},"entity":{"LOC":["cluster","yg"],"NUM":["5"],"CON":["terserang"]},"id":"577695985649987584"}
{"_id":{"$oid":"57ce9344883bd905ef3db318"},"username":"ACT_DMII","url":"/ACT_DMII/status/577682799693426688?p=v","text_tweet":"demikian tips aman/LOC mencegah penyakit/CON nyamuk dbd semoga manfaat","time":"16 Mar 15","entity_position":{"aman":[2],"penyakit":[4],"semoga":[7]},"entity":{"LOC":["aman","semoga"],"CON":["penyakit"]},"id":"577682799693426688"}
{"_id":{"$oid":"57ce9344883bd905ef3db319"},"username":"rully_theone","url":"/rully_theone/status/577659888383365120?p=v","text_tweet":"demam berdarah pada anak pertolongan pertama demam berdarah pada anak apakah anda pertolongan","time":"16 Mar 15","entity_position":{"pertolongan":[4,12],"apakah":[10]},"entity":{"LOC":["pertolongan","apakah","pertolongan"]},"id":"577659888383365120"}
{"_id":{"$oid":"57ce9345883bd905ef3db31a"},"username":"Habibphitoy","url":"/Habibphitoy/status/577694027291631617?p=v","text_tweet":"dbd dek with yogi prio and 5 others rm tenda biru rumbai","time":"16 Mar 15","entity_position":{"biru":[10],"dek":[1],"5":[6],"tenda":[9],"rumbai":[11]},"entity":{"LOC":["dek","5","tenda","biru","rumbai"]},"id":"577694027291631617"}
{"_id":{"$oid":"57ce9346883bd905ef3db31b"},"username":"roses_man","url":"/roses_man/status/577392944862380032?p=v","text_tweet":"dah/LOC ah istirahat ngetuit nunggu ahok ngasih deh kshan ntar dbd nya/LOC gak sembuh2","time":"16 Mar 15","entity_position":{"nya":[11],"dah":[0]},"entity":{"LOC":["dah","nya"]},"id":"577392944862380032"}
{"_id":{"$oid":"57ce9346883bd905ef3db31c"},"username":"kotasleman","url":"/kotasleman/status/577532840029483008?p=v","text_tweet":"demam berdarah solopos","time":"16 Mar 15","entity_position":{},"entity":{},"id":"577532840029483008"}
{"_id":{"$oid":"57ce9346883bd905ef3db31d"},"username":"BeritaSleman","url":"/BeritaSleman/status/577480523724947456?p=v","text_tweet":"demam berdarah 4/NUM warga sleman/LOC meninggal/CON karena dbd via harjo","time":"16 Mar 15","entity_position":{"sleman":[4],"meninggal":[5],"4":[2],"harjo":[9]},"entity":{"LOC":["sleman","harjo"],"NUM":["4"],"CON":["meninggal"]},"id":"577480523724947456"}
{"_id":{"$oid":"57ce9346883bd905ef3db31e"},"username":"eciik","url":"/eciik/status/577504714977234944?p=v","text_tweet":"dbd qaqaaa rt dodo sakit/CON dek","time":"16 Mar 15","entity_position":{"sakit":[4],"dek":[5]},"entity":{"LOC":["dek"],"CON":["sakit"]},"id":"577504714977234944"}
{"_id":{"$oid":"57ce9346883bd905ef3db31f"},"username":"bantulkota","url":"/bantulkota/status/577482050657087488?p=v","text_tweet":"dbd renggut/CON 2/NUM nyawa puncak wabah dbd januari penderita/CON 109/NUM orang","time":"16 Mar 15","entity_position":{"renggut":[1],"2":[2],"penderita":[8],"109":[9]},"entity":{"NUM":["2","109"],"CON":["renggut","penderita"]},"id":"577482050657087488"}
{"_id":{"$oid":"57ce9346883bd905ef3db320"},"username":"tribunjogja","url":"/tribunjogja/status/577480521204240384?p=v","text_tweet":"dbd renggut/CON 2/NUM nyawa","time":"16 Mar 15","entity_position":{"renggut":[1],"2":[2]},"entity":{"NUM":["2"],"CON":["renggut"]},"id":"577480521204240384"}
{"_id":{"$oid":"57ce9346883bd905ef3db321"},"username":"bantulkota","url":"/bantulkota/status/577397929373134848?p=v","text_tweet":"dbd renggut/CON 2/NUM nyawa di gunungkidul puncak wabah dbd januari pen","time":"16 Mar 15","entity_position":{"renggut":[1],"2":[2],"gunungkidul":[5]},"entity":{"LOC":["gunungkidul"],"NUM":["2"],"CON":["renggut"]},"id":"577397929373134848"}
{"_id":{"$oid":"57ce9346883bd905ef3db322"},"username":"tribunjogja","url":"/tribunjogja/status/577399374948495360?p=v","text_tweet":"dbd renggut/CON 2/NUM nyawa di gunungkidul","time":"16 Mar 15","entity_position":{"renggut":[1],"2":[2],"gunungkidul":[5]},"entity":{"LOC":["gunungkidul"],"NUM":["2"],"CON":["renggut"]},"id":"577399374948495360"}
{"_id":{"$oid":"57ce9347883bd905ef3db323"},"username":"bantenhits","url":"/bantenhits/status/577380024338096128?p=v","text_tweet":"dbd mewabah di lebak/LOC mahasiswa pertanyakan kinerja dinkes/ORG","time":"16 Mar 15","entity_position":{"lebak":[3],"dinkes":[7]},"entity":{"LOC":["lebak"],"ORG":["dinkes"]},"id":"577380024338096128"}
{"_id":{"$oid":"57ce9347883bd905ef3db324"},"username":"Tribun_Manado","url":"/Tribun_Manado/status/577698834475819008?p=v","text_tweet":"dbd masih hantui warga minsel penyakit/CON demam berdarah dengue dbd menjangkiti/CON manusia","time":"16 Mar 15","entity_position":{"minsel":[4],"hantui":[2],"menjangkiti":[10],"penyakit":[5]},"entity":{"LOC":["hantui","minsel"],"CON":["penyakit","menjangkiti"]},"id":"577698834475819008"}
{"_id":{"$oid":"57ce9347883bd905ef3db325"},"username":"KotaManado","url":"/KotaManado/status/577711496811048960?p=v","text_tweet":"dbd masih hantui warga minsel","time":"16 Mar 15","entity_position":{"minsel":[4],"hantui":[2]},"entity":{"LOC":["hantui","minsel"]},"id":"577711496811048960"}
{"_id":{"$oid":"57ce9347883bd905ef3db326"},"username":"kominfomasjb","url":"/kominfomasjb/status/577501469810655232?p=v","text_tweet":"cegah dbd warga tegal/LOC alur/LOC galakan psn","time":"16 Mar 15","entity_position":{"galakan":[5],"alur":[4],"tegal":[3]},"entity":{"LOC":["tegal","alur","galakan"]},"id":"577501469810655232"}
{"_id":{"$oid":"57ce9347883bd905ef3db327"},"username":"beritajatimcom","url":"/beritajatimcom/status/577420828989480960?p=v","text_tweet":"capai 700/NUM penderita/CON sumenep tetap klb dbd","time":"16 Mar 15","entity_position":{"sumenep":[3],"penderita":[2],"700":[1],"tetap":[4]},"entity":{"LOC":["sumenep","tetap"],"NUM":["700"],"CON":["penderita"]},"id":"577420828989480960"}
{"_id":{"$oid":"57ce9347883bd905ef3db328"},"username":"contrexyn","url":"/contrexyn/status/577665671795884033?p=v","text_tweet":"bund si kecil demam panas 39 c gak","time":"16 Mar 15","entity_position":{"39":[5],"si":[1],"c":[6],"panas":[4],"bund":[0]},"entity":{"LOC":["bund","si","panas","39","c"]},"id":"577665671795884033"}
{"_id":{"$oid":"57ce9347883bd905ef3db329"},"username":"SobatHAPE","url":"/SobatHAPE/status/577618562530971648?p=v","text_tweet":"bisa/LOC ngga sih","time":"16 Mar 15","entity_position":{"bisa":[0]},"entity":{"LOC":["bisa"]},"id":"577618562530971648"}
{"_id":{"$oid":"57ce9348883bd905ef3db32a"},"username":"contrexyn","url":"/contrexyn/status/577665671795884033?p=v","text_tweet":"bisa/LOC dbd lho bund","time":"16 Mar 15","entity_position":{"bund":[3],"bisa":[0]},"entity":{"LOC":["bisa","bund"]},"id":"577665671795884033"}
{"_id":{"$oid":"57ce9348883bd905ef3db32b"},"username":"iloveaceh","url":"/iloveaceh/status/577693733510094848?p=v","text_tweet":"banda aceh ni tingkat dbd nya/LOC tp knp nya/LOCmuknya/LOC gak dibasmi","time":"16 Mar 15","entity_position":{"ni":[2],"banda":[0],"aceh":[1],"nya":[5]},"entity":{"LOC":["banda","aceh","ni","nya"]},"id":"577693733510094848"}
{"_id":{"$oid":"57ce9348883bd905ef3db32c"},"username":"dewaciputra","url":"/dewaciputra/status/577411320661733376?p=v","text_tweet":"awas demam berdarah jaga kebersihan lingkungan rumah waspada","time":"16 Mar 15","entity_position":{"kebersihan":[4],"jaga":[3],"rumah":[6],"lingkungan":[5]},"entity":{"LOC":["jaga","kebersihan","lingkungan","rumah"]},"id":"577411320661733376"}
{"_id":{"$oid":"57ce9348883bd905ef3db32d"},"username":"apr_doang","url":"/apr_doang/status/577665588178325504?p=v","text_tweet":"awas ada sanksinya lho","time":"16 Mar 15","entity_position":{"ada":[1]},"entity":{"LOC":["ada"]},"id":"577665588178325504"}
{"_id":{"$oid":"57ce9348883bd905ef3db32e"},"username":"haloJakarta","url":"/haloJakarta/status/577666515266330626?p=v","text_tweet":"awas ada sanksinya lho","time":"16 Mar 15","entity_position":{"ada":[1]},"entity":{"LOC":["ada"]},"id":"577666515266330626"}
{"_id":{"$oid":"57ce9349883bd905ef3db32f"},"username":"DHF_CSYKC","url":"/DHF_CSYKC/status/577639829703254017?p=v","text_tweet":"at honda colombo baru/LOC","time":"16 Mar 15","entity_position":{"baru":[3]},"entity":{"LOC":["baru"]},"id":"577639829703254017"}
{"_id":{"$oid":"57ce9349883bd905ef3db330"},"username":"rdi971","url":"/rdi971/status/577623851321794560?p=v","text_tweet":"apa sih bikin","time":"16 Mar 15","entity_position":{"apa":[0]},"entity":{"LOC":["apa"]},"id":"577623851321794560"}
{"_id":{"$oid":"57ce9349883bd905ef3db331"},"username":"qiara_latina","url":"/qiara_latina/status/577393917454241793?p=v","text_tweet":"ancaman dbd menurun menkes/ORG nila tetap waspadai genangan air awal 2015 diprediksi","time":"16 Mar 15","entity_position":{"menkes":[3],"nila":[4],"air":[8],"awal":[9],"tetap":[5]},"entity":{"ORG":["menkes"],"LOC":["nila","tetap","air","awal"]},"id":"577393917454241793"}
{"_id":{"$oid":"57ce9349883bd905ef3db332"},"username":"adhinataaaa","url":"/adhinataaaa/status/577370853580488707?p=v","text_tweet":"ancaman dbd menurun menkes/ORG nila tetap waspadai genangan air awal 2015 diprediksi","time":"16 Mar 15","entity_position":{"menkes":[3],"nila":[4],"air":[8],"awal":[9],"tetap":[5]},"entity":{"ORG":["menkes"],"LOC":["nila","tetap","air","awal"]},"id":"577370853580488707"}
{"_id":{"$oid":"57ce934a883bd905ef3db333"},"username":"kedokteranindo","url":"/kedokteranindo/status/577385103308910592?p=v","text_tweet":"ancaman dbd menurun menkes/ORG nila tetap waspadai genangan air awal 2015 diprediksi","time":"16 Mar 15","entity_position":{"menkes":[3],"nila":[4],"air":[8],"awal":[9],"tetap":[5]},"entity":{"ORG":["menkes"],"LOC":["nila","tetap","air","awal"]},"id":"577385103308910592"}
{"_id":{"$oid":"57ce934a883bd905ef3db334"},"username":"NAZAR_SBY","url":"/NAZAR_SBY/status/577370299177435136?p=v","text_tweet":"ancaman dbd menurun menkes/ORG nila tetap waspadai genangan air awal 2015 diprediksi","time":"16 Mar 15","entity_position":{"menkes":[3],"nila":[4],"air":[8],"awal":[9],"tetap":[5]},"entity":{"ORG":["menkes"],"LOC":["nila","tetap","air","awal"]},"id":"577370299177435136"}
{"_id":{"$oid":"57ce934a883bd905ef3db335"},"username":"JuliawanE","url":"/JuliawanE/status/577363924070182912?p=v","text_tweet":"ancaman dbd menurun menkes/ORG nila tetap waspadai genangan air awal 2015 diprediksi","time":"16 Mar 15","entity_position":{"menkes":[3],"nila":[4],"air":[8],"awal":[9],"tetap":[5]},"entity":{"ORG":["menkes"],"LOC":["nila","tetap","air","awal"]},"id":"577363924070182912"}
{"_id":{"$oid":"57ce934a883bd905ef3db336"},"username":"AskMARCELLA","url":"/AskMARCELLA/status/577370079018397696?p=v","text_tweet":"ancaman dbd menurun menkes/ORG nila tetap waspadai genangan air awal 2015 d","time":"16 Mar 15","entity_position":{"menkes":[3],"d":[11],"tetap":[5],"nila":[4],"air":[8],"awal":[9]},"entity":{"ORG":["menkes"],"LOC":["nila","tetap","air","awal","d"]},"id":"577370079018397696"}
{"_id":{"$oid":"57ce934b883bd905ef3db337"},"username":"gayawanita","url":"/gayawanita/status/577369737551855616?p=v","text_tweet":"ancaman dbd menurun menkes/ORG nila tetap waspadai genangan air awal 2015","time":"16 Mar 15","entity_position":{"menkes":[3],"nila":[4],"air":[8],"awal":[9],"tetap":[5]},"entity":{"ORG":["menkes"],"LOC":["nila","tetap","air","awal"]},"id":"577369737551855616"}
{"_id":{"$oid":"57ce934b883bd905ef3db338"},"username":"WarMakBanyuMili","url":"/WarMakBanyuMili/status/577370505650409472?p=v","text_tweet":"ancaman dbd menurun menkes/ORG nila tetap waspadai genangan air","time":"16 Mar 15","entity_position":{"menkes":[3],"nila":[4],"air":[8],"tetap":[5]},"entity":{"ORG":["menkes"],"LOC":["nila","tetap","air"]},"id":"577370505650409472"}
{"_id":{"$oid":"57ce934b883bd905ef3db339"},"username":"NAMABAYIBARU","url":"/NAMABAYIBARU/status/577370475250102273?p=v","text_tweet":"ancaman dbd menurun menkes/ORG nila tetap waspadai genangan","time":"16 Mar 15","entity_position":{"menkes":[3],"nila":[4],"tetap":[5]},"entity":{"ORG":["menkes"],"LOC":["nila","tetap"]},"id":"577370475250102273"}
{"_id":{"$oid":"57ce934b883bd905ef3db33a"},"username":"InfoBuitenzorg","url":"/InfoBuitenzorg/status/577413703026368513?p=v","text_tweet":"ancaman dbd menurun menkes/ORG nila tetap waspadai genangan","time":"16 Mar 15","entity_position":{"menkes":[3],"nila":[4],"tetap":[5]},"entity":{"ORG":["menkes"],"LOC":["nila","tetap"]},"id":"577413703026368513"}
{"_id":{"$oid":"57ce934b883bd905ef3db33b"},"username":"RidhoHnf","url":"/RidhoHnf/status/577370301979176960?p=v","text_tweet":"ancaman dbd menurun menkes/ORG nila tetap waspadai","time":"16 Mar 15","entity_position":{"menkes":[3],"nila":[4],"tetap":[5]},"entity":{"ORG":["menkes"],"LOC":["nila","tetap"]},"id":"577370301979176960"}
{"_id":{"$oid":"57ce934c883bd905ef3db33c"},"username":"FarahIndiraa1","url":"/FarahIndiraa1/status/577712889999564800?p=v","text_tweet":"aku sakit/CON dbd niyyy","time":"16 Mar 15","entity_position":{"sakit":[1]},"entity":{"CON":["sakit"]},"id":"577712889999564800"}
{"_id":{"$oid":"57ce934c883bd905ef3db33d"},"username":"Polisi_TL","url":"/Polisi_TL/status/577432549032521728?p=v","text_tweet":"ada kabar gembira ahok","time":"16 Mar 15","entity_position":{"kabar":[1],"gembira":[2],"ada":[0]},"entity":{"LOC":["ada","kabar","gembira"]},"id":"577432549032521728"}
{"_id":{"$oid":"57ce934c883bd905ef3db33e"},"username":"apr_doang","url":"/apr_doang/status/577665588178325504?p=v","text_tweet":"ada jentik nyamuk dbd di rumah","time":"16 Mar 15","entity_position":{"rumah":[5],"ada":[0]},"entity":{"LOC":["ada","rumah"]},"id":"577665588178325504"}
{"_id":{"$oid":"57ce934c883bd905ef3db33f"},"username":"haloJakarta","url":"/haloJakarta/status/577666515266330626?p=v","text_tweet":"ada jentik nyamuk dbd di rumah","time":"16 Mar 15","entity_position":{"rumah":[5],"ada":[0]},"entity":{"LOC":["ada","rumah"]},"id":"577666515266330626"}
{"_id":{"$oid":"57ce934d883bd905ef3db340"},"username":"itsmeRahmat","url":"/itsmeRahmat/status/577664042963058688?p=v","text_tweet":"ada 111/NUM kasus dbd di jakarta/LOC barat/LOC kasudin kesehatan jakarta/LOC barat/LOC dewi mengungka","time":"16 Mar 15","entity_position":{"jakarta":[5,9],"dewi":[11],"111":[1],"barat":[6,10],"ada":[0]},"entity":{"LOC":["ada","jakarta","barat","jakarta","barat","dewi"],"NUM":["111"]},"id":"577664042963058688"}
{"_id":{"$oid":"57ce934d883bd905ef3db341"},"username":"haloJakarta","url":"/haloJakarta/status/577651615102029824?p=v","text_tweet":"ada 111/NUM kasus dbd di jakarta/LOC barat/LOC","time":"16 Mar 15","entity_position":{"jakarta":[5],"111":[1],"barat":[6],"ada":[0]},"entity":{"LOC":["ada","jakarta","barat"],"NUM":["111"]},"id":"577651615102029824"}
{"_id":{"$oid":"57ce934d883bd905ef3db342"},"username":"deasafilaa","url":"/deasafilaa/status/577714235074973696?p=v","text_tweet":"aamiin","time":"16 Mar 15","entity_position":{},"entity":{},"id":"577714235074973696"}
{"_id":{"$oid":"57ce934d883bd905ef3db343"},"username":"azhimixnyder","url":"/azhimixnyder/status/577492724972007424?p=v","text_tweet":"3/NUM orang masuk rs/ORG 1 rumah penyakitnya/CON dbd","time":"16 Mar 15","entity_position":{"rs":[3],"rumah":[5],"masuk":[2],"1":[4],"3":[0],"penyakitnya":[6]},"entity":{"CON":["penyakitnya"],"LOC":["masuk","1","rumah"],"NUM":["3"],"ORG":["rs"]},"id":"577492724972007424"}
{"_id":{"$oid":"57ce934e883bd905ef3db344"},"username":"GoBekasi","url":"/GoBekasi/status/577645921652998144?p=v","text_tweet":"3 rw bojongrawalumbu rawan/LOC dbd gt","time":"16 Mar 15","entity_position":{"3":[0],"rawan":[3]},"entity":{"LOC":["3","rawan"]},"id":"577645921652998144"}
{"_id":{"$oid":"57ce934e883bd905ef3db345"},"username":"FAR_28_","url":"/FAR_28_/status/577721911091666945?p=v","text_tweet":"28 udah yg kena/CON dbd","time":"16 Mar 15","entity_position":{"kena":[3],"28":[0]},"entity":{"LOC":["28"],"CON":["kena"]},"id":"577721911091666945"}
{"_id":{"$oid":"57ce934e883bd905ef3db346"},"username":"Faridha_21","url":"/Faridha_21/status/577447486630973440?p=v","text_tweet":"2 minggu masuk rs/ORG sakit/CON dbd nih sakit/CON gejala tifes elah akunya sakit/CON mulu","time":"16 Mar 15","entity_position":{"minggu":[1],"2":[0],"sakit":[4,7,12],"mulu":[13],"rs":[3]},"entity":{"LOC":["2","minggu","mulu"],"CON":["sakit","sakit","sakit"],"ORG":["rs"]},"id":"577447486630973440"}
{"_id":{"$oid":"57ce934e883bd905ef3db347"},"username":"HalloIDR","url":"/HalloIDR/status/577695985649987584?p=v","text_tweet":"2/NUM meninggal/CON","time":"16 Mar 15","entity_position":{"meninggal":[1],"2":[0]},"entity":{"NUM":["2"],"CON":["meninggal"]},"id":"577695985649987584"}
{"_id":{"$oid":"57ce934e883bd905ef3db348"},"username":"urbancikarang","url":"/urbancikarang/status/577429338422841344?p=v","text_tweet":"18 20 sejak seminggu 5/NUM orang warga desa/ORG jayasakti/LOC kec","time":"16 Mar 15","entity_position":{"jayasakti":[8],"20":[1],"18":[0],"seminggu":[3],"5":[4],"desa":[7]},"entity":{"LOC":["18","20","seminggu","jayasakti"],"NUM":["5"],"ORG":["desa"]},"id":"577429338422841344"}
{"_id":{"$oid":"57ce934f883bd905ef3db349"},"username":"Fadlyadamnoor","url":"/Fadlyadamnoor/status/577671056082804737?p=v","text_tweet":"17th march 2015adidas aigepty nyamuk penyebab demam berdarah yg kakinya belang/LOC","time":"16 Mar 15","entity_position":{"belang":[10],"kakinya":[9]},"entity":{"LOC":["kakinya","belang"]},"id":"577671056082804737"}
{"_id":{"$oid":"57ce934f883bd905ef3db34a"},"username":"ACT_DMII","url":"/ACT_DMII/status/577665726615449600?p=v","text_tweet":"1 jam kedepan aman/LOC mencegah dbd","time":"16 Mar 15","entity_position":{"1":[0],"aman":[3]},"entity":{"LOC":["1","aman"]},"id":"577665726615449600"}
