{"_id":{"$oid":"57b1eceb7fea4b73228c058a"},"username":"idsnc06","index":2269,"data_id":"/idsnc06/status/583882779466706945?p=v","url":"583882779466706945","time_tweet":"2 Apr 15","text_tweet":"Terhindar dari demam berdarah, Seorang ABG kini terserang demam korea","original_tweet":"\u003cdiv class=\"dir-ltr\" dir=\"ltr\"\u003e  Terhindar dari \u003cspan class=\"twitter-hit-highlight\"\u003edemam berdarah\u003c/span\u003e, Seorang ABG kini terserang demam korea\n\u003c/div\u003e"}
{"_id":{"$oid":"57b1ecf17fea4b73228c058e"},"username":"dineke_DBD","index":2273,"data_id":"/dineke_DBD/status/583868220970405889?p=v","url":"583868220970405889","time_tweet":"2 Apr 15","text_tweet":"Muka oplosan wkwk","original_tweet":"\u003cdiv class=\"dir-ltr\" dir=\"ltr\"\u003e  Muka oplosan wkwk\n\u003c/div\u003e"}
{"_id":{"$oid":"57b1ecf17fea4b73228c058b"},"username":"BeritaJakarta","index":2270,"data_id":"/BeritaJakarta/status/583873867330035713?p=v","url":"583873867330035713","time_tweet":"2 Apr 15","text_tweet":"Tekan DBD, Kemayoran Intensifkan PSN beritajakarta.com/read/9371/Teka‚Ä¶","original_tweet":"\u003cdiv class=\"dir-ltr\" dir=\"ltr\"\u003e  Tekan \u003cspan class=\"twitter-hit-highlight\"\u003eDBD\u003c/span\u003e, Kemayoran Intensifkan PSN \u003ca href=\"http://t.co/imj3dSy6pC\" rel=\"nofollow\" dir=\"ltr\" data-expanded-url=\"http://beritajakarta.com/read/9371/Tekan_DBD_Kemayoran_Intensifkan_PSN#.VR4ufSKdA_8.twitter\" data-url=\"http://beritajakarta.com/read/9371/Tekan_DBD_Kemayoran_Intensifkan_PSN#.VR4ufSKdA_8.twitter\" class=\"twitter_external_link dir-ltr tco-link\" target=\"_blank\" title=\"http://beritajakarta.com/read/9371/Tekan_DBD_Kemayoran_Intensifkan_PSN#.VR4ufSKdA_8.twitter\"\u003eberitajakarta.com/read/9371/Teka‚Ä¶\u003c/a\u003e\n\u003c/div\u003e"}
{"_id":{"$oid":"57b1ecf17fea4b73228c058f"},"username":"infojatim","index":2274,"data_id":"/infojatim/status/583864711797579777?p=v","url":"583864711797579777","time_tweet":"2 Apr 15","text_tweet":"DBD Renggut Lima Nyawa Di Malang - Suara Pembaruan goo.gl/fb/MwDqEz #Malang","original_tweet":"\u003cdiv class=\"dir-ltr\" dir=\"ltr\"\u003e  \u003cspan class=\"twitter-hit-highlight\"\u003eDBD\u003c/span\u003e Renggut Lima Nyawa Di Malang - Suara Pembaruan \u003ca href=\"http://t.co/Y4mOaMAY5a\" rel=\"nofollow\" dir=\"ltr\" data-expanded-url=\"http://goo.gl/fb/MwDqEz\" data-url=\"http://goo.gl/fb/MwDqEz\" class=\"twitter_external_link dir-ltr tco-link\" target=\"_blank\" title=\"http://goo.gl/fb/MwDqEz\"\u003egoo.gl/fb/MwDqEz\u003c/a\u003e \u003ca href=\"/hashtag/Malang?src=hash\" data-query-source=\"hashtag_click\" class=\"twitter-hashtag dir-ltr\" dir=\"ltr\"\u003e#Malang\u003c/a\u003e\n\u003c/div\u003e"}
{"_id":{"$oid":"57b1ecf17fea4b73228c0590"},"username":"Mu_Murda","index":2275,"data_id":"/Mu_Murda/status/583855014935920640?p=v","url":"583855014935920640","time_tweet":"2 Apr 15","text_tweet":"GO FOLLOW MY BRO @Beatrischp LTTH#DBD#GB........","original_tweet":"\u003cdiv class=\"dir-ltr\" dir=\"ltr\"\u003e  GO FOLLOW MY BRO \u003ca href=\"/Beatrischp\" class=\"twitter-atreply dir-ltr\" dir=\"ltr\" data-mentioned-user-id=\"1393653380\" data-screenname=\"Beatrischp\"\u003e@Beatrischp\u003c/a\u003e LTTH#\u003cspan class=\"twitter-hit-highlight\"\u003eDBD\u003c/span\u003e#GB........\n\u003c/div\u003e"}
{"_id":{"$oid":"57b1ecf17fea4b73228c0591"},"username":"Mu_Murda","index":2276,"data_id":"/Mu_Murda/status/583854566023831552?p=v","url":"583854566023831552","time_tweet":"2 Apr 15","text_tweet":"LTTH#DBD#GB","original_tweet":"\u003cdiv class=\"dir-ltr\" dir=\"ltr\"\u003e  LTTH#\u003cspan class=\"twitter-hit-highlight\"\u003eDBD\u003c/span\u003e#GB\n\u003c/div\u003e"}
{"_id":{"$oid":"57b1ecf17fea4b73228c058c"},"username":"dineke_DBD","index":2271,"data_id":"/dineke_DBD/status/583869307408556032?p=v","url":"583869307408556032","time_tweet":"2 Apr 15","text_tweet":"Yuhuuuuuuuu","original_tweet":"\u003cdiv class=\"dir-ltr\" dir=\"ltr\"\u003e  Yuhuuuuuuuu\n\u003c/div\u003e"}
{"_id":{"$oid":"57b1ecf17fea4b73228c0592"},"username":"kec_kemayoran","index":2277,"data_id":"/kec_kemayoran/status/583835666435309568?p=v","url":"583835666435309568","time_tweet":"2 Apr 15","text_tweet":"Giat PSN di Kel. Gunung Sahari Selatan dan Kel. Utan Panjang. Ayo tekan angka DBD pic.twitter.com/EJh7l4qoJD","original_tweet":"\u003cdiv class=\"dir-ltr\" dir=\"ltr\"\u003e  Giat PSN di Kel. Gunung Sahari Selatan dan Kel. Utan Panjang. Ayo tekan angka \u003cspan class=\"twitter-hit-highlight\"\u003eDBD\u003c/span\u003e \u003ca href=\"http://t.co/EJh7l4qoJD\" data-pre-embedded=\"true\" rel=\"nofollow\" data-entity-id=\"583835515553652736\" dir=\"ltr\" data-url=\"http://twitter.com/kec_kemayoran/status/583835666435309568/photo/1\" data-tco-id=\"EJh7l4qoJD\" class=\"twitter_external_link dir-ltr tco-link has-expanded-path\" target=\"_top\" data-expanded-path=\"/kec_kemayoran/status/583835666435309568/photo/1\"\u003epic.twitter.com/EJh7l4qoJD\u003c/a\u003e\n\u003c/div\u003e"}
{"_id":{"$oid":"57b1ecf17fea4b73228c058d"},"username":"dineke_DBD","index":2272,"data_id":"/dineke_DBD/status/583868294022574080?p=v","url":"583868294022574080","time_tweet":"2 Apr 15","text_tweet":"Haha muka oplosan gak seberapa pula haha","original_tweet":"\u003cdiv class=\"dir-ltr\" dir=\"ltr\"\u003e  Haha muka oplosan gak seberapa pula haha\n\u003c/div\u003e"}
{"_id":{"$oid":"57b1ecf17fea4b73228c0593"},"username":"coconeri","index":2278,"data_id":"/coconeri/status/583825915647430657?p=v","url":"583825915647430657","time_tweet":"2 Apr 15","text_tweet":"Udah gak musim Demam Berdarah, sekarang mah lagi musimnya Demam @DA2_Rizki @DA2_Ridho #DemamKikiDodo kompak selalu #RizkiRidhoSave10Besar","original_tweet":"\u003cdiv class=\"dir-ltr\" dir=\"ltr\"\u003e  Udah gak musim \u003cspan class=\"twitter-hit-highlight\"\u003eDemam Berdarah\u003c/span\u003e, sekarang mah lagi musimnya Demam \u003ca href=\"/DA2_Rizki\" class=\"twitter-atreply dir-ltr\" dir=\"ltr\" data-mentioned-user-id=\"2980052466\" data-screenname=\"DA2_Rizki\"\u003e@DA2_Rizki\u003c/a\u003e \u003ca href=\"/DA2_Ridho\" class=\"twitter-atreply dir-ltr\" dir=\"ltr\" data-mentioned-user-id=\"3011170370\" data-screenname=\"DA2_Ridho\"\u003e@DA2_Ridho\u003c/a\u003e \n\u003ca href=\"/hashtag/DemamKikiDodo?src=hash\" data-query-source=\"hashtag_click\" class=\"twitter-hashtag dir-ltr\" dir=\"ltr\"\u003e#DemamKikiDodo\u003c/a\u003e kompak selalu \n\u003ca href=\"/hashtag/RizkiRidhoSave10Besar?src=hash\" data-query-source=\"hashtag_click\" class=\"twitter-hashtag dir-ltr\" dir=\"ltr\"\u003e#RizkiRidhoSave10Besar\u003c/a\u003e\n\u003c/div\u003e"}
{"_id":{"$oid":"57b1ecf87fea4b73228c0597"},"username":"infojatim","index":2282,"data_id":"/infojatim/status/583814566099816448?p=v","url":"583814566099816448","time_tweet":"2 Apr 15","text_tweet":"DBD Renggut Lima Nyawa Di Malang - Suara Pembaruan goo.gl/fb/tJYOac #Malang","original_tweet":"\u003cdiv class=\"dir-ltr\" dir=\"ltr\"\u003e  \u003cspan class=\"twitter-hit-highlight\"\u003eDBD\u003c/span\u003e Renggut Lima Nyawa Di Malang - Suara Pembaruan \u003ca href=\"http://t.co/mdGHrRy2HP\" rel=\"nofollow\" dir=\"ltr\" data-expanded-url=\"http://goo.gl/fb/tJYOac\" data-url=\"http://goo.gl/fb/tJYOac\" class=\"twitter_external_link dir-ltr tco-link\" target=\"_blank\" title=\"http://goo.gl/fb/tJYOac\"\u003egoo.gl/fb/tJYOac\u003c/a\u003e \u003ca href=\"/hashtag/Malang?src=hash\" data-query-source=\"hashtag_click\" class=\"twitter-hashtag dir-ltr\" dir=\"ltr\"\u003e#Malang\u003c/a\u003e\n\u003c/div\u003e"}
{"_id":{"$oid":"57b1ecf87fea4b73228c0598"},"username":"ubay_____","index":2283,"data_id":"/ubay_____/status/583812494205947904?p=v","url":"583812494205947904","time_tweet":"2 Apr 15","text_tweet":"Dbd hm\"@dhila_bie: Omg!!! Knp ini kulitku?:( bintik\" dari leher smpe muka!!merah\",kyak jerawat. Smuanya Gatel\" kali pulaa :'( huhh\"","original_tweet":"\u003cdiv class=\"dir-ltr\" dir=\"ltr\"\u003e  \u003cspan class=\"twitter-hit-highlight\"\u003eDbd\u003c/span\u003e hm\"\u003ca href=\"/dhila_bie\" class=\"twitter-atreply dir-ltr\" dir=\"ltr\" data-mentioned-user-id=\"875121373\" data-screenname=\"dhila_bie\"\u003e@dhila_bie\u003c/a\u003e: Omg!!! Knp ini kulitku?:( bintik\" dari leher smpe muka!!merah\",kyak jerawat. Smuanya Gatel\" kali pulaa :'( huhh\"\n\u003c/div\u003e"}
{"_id":{"$oid":"57b1ecf87fea4b73228c0599"},"username":"combipharID","index":2284,"data_id":"/combipharID/status/583811401224953857?p=v","url":"583811401224953857","time_tweet":"2 Apr 15","text_tweet":"Salah satu yang dapat dilakukan untuk mencegah demam berdarah adalah gunakan obat nyamuk lotion agar terhindar dari gigitan nyamuk.","original_tweet":"\u003cdiv class=\"dir-ltr\" dir=\"ltr\"\u003e  Salah satu yang dapat dilakukan untuk mencegah \u003cspan class=\"twitter-hit-highlight\"\u003edemam berdarah\u003c/span\u003e adalah gunakan obat nyamuk lotion agar terhindar dari gigitan nyamuk.\n\u003c/div\u003e"}
{"_id":{"$oid":"57b1ecf87fea4b73228c059a"},"username":"Yuksehat123","index":2285,"data_id":"/Yuksehat123/status/583805206950871040?p=v","url":"583805206950871040","time_tweet":"2 Apr 15","text_tweet":"Kurma dapat meningkatkan kadar trombosit dalam darah, sehingga penderita demam berdarah dianjurkan mengonsumsi kurma dalam bentuk jus.","original_tweet":"\u003cdiv class=\"dir-ltr\" dir=\"ltr\"\u003e  Kurma dapat meningkatkan kadar trombosit dalam darah, sehingga penderita \u003cspan class=\"twitter-hit-highlight\"\u003edemam berdarah\u003c/span\u003e dianjurkan mengonsumsi kurma dalam bentuk jus.\n\u003c/div\u003e"}
{"_id":{"$oid":"57b1ecf87fea4b73228c059b"},"username":"triayu04","index":2286,"data_id":"/triayu04/status/583803435079704576?p=v","url":"583803435079704576","time_tweet":"2 Apr 15","text_tweet":"mbak ayu, saiki hari ulang tahun e nyamuk demam berdarah ya? Aku lo ngerti, mangkane kok disemproti (foging) | mesti jawab ape gue |","original_tweet":"\u003cdiv class=\"dir-ltr\" dir=\"ltr\"\u003e  mbak ayu, saiki hari ulang tahun e nyamuk \u003cspan class=\"twitter-hit-highlight\"\u003edemam berdarah\u003c/span\u003e ya? Aku lo ngerti, mangkane kok disemproti (foging) | mesti jawab ape gue |\n\u003c/div\u003e"}
{"_id":{"$oid":"57b1ecf87fea4b73228c059c"},"username":"faktaastro","index":2287,"data_id":"/faktaastro/status/583790078071214080?p=v","url":"583790078071214080","time_tweet":"2 Apr 15","text_tweet":"Jambu biji, pepaya, jeruk, atau mangga yang kaya cairan baik dikonsumsi untuk membantu pemulihan saat demam berdarah. #AstoNasehat","original_tweet":"\u003cdiv class=\"dir-ltr\" dir=\"ltr\"\u003e  Jambu biji, pepaya, jeruk, atau mangga yang kaya cairan baik dikonsumsi untuk membantu pemulihan saat \u003cspan class=\"twitter-hit-highlight\"\u003edemam berdarah\u003c/span\u003e. \u003ca href=\"/hashtag/AstoNasehat?src=hash\" data-query-source=\"hashtag_click\" class=\"twitter-hashtag dir-ltr\" dir=\"ltr\"\u003e#AstoNasehat\u003c/a\u003e\n\u003c/div\u003e"}
{"_id":{"$oid":"57b1ecf87fea4b73228c059d"},"username":"muller_adi","index":2288,"data_id":"/muller_adi/status/583789886160920576?p=v","url":"583789886160920576","time_tweet":"2 Apr 15","text_tweet":"#DBD selamat pagi @rdi971 @dailoplop @didin_bagito","original_tweet":"\u003cdiv class=\"dir-ltr\" dir=\"ltr\"\u003e  \u003ca href=\"/hashtag/DBD?src=hash\" data-query-source=\"hashtag_click\" class=\"twitter-hashtag dir-ltr\" dir=\"ltr\"\u003e#\u003cspan class=\"twitter-hit-highlight\"\u003eDBD\u003c/span\u003e\u003c/a\u003e selamat pagi \u003ca href=\"/rdi971\" class=\"twitter-atreply dir-ltr\" dir=\"ltr\" data-mentioned-user-id=\"381979676\" data-screenname=\"rdi971\"\u003e@rdi971\u003c/a\u003e \u003ca href=\"/dailoplop\" class=\"twitter-atreply dir-ltr\" dir=\"ltr\" data-mentioned-user-id=\"378541095\" data-screenname=\"dailoplop\"\u003e@dailoplop\u003c/a\u003e \u003ca href=\"/Didin_Bagito\" class=\"twitter-atreply dir-ltr\" dir=\"ltr\" data-mentioned-user-id=\"151890383\" data-screenname=\"Didin_Bagito\"\u003e@didin_bagito\u003c/a\u003e\n\u003c/div\u003e"}
{"_id":{"$oid":"57b1ecf87fea4b73228c059e"},"username":"kayleelvx","index":2289,"data_id":"/kayleelvx/status/583789062437412864?p=v","url":"583789062437412864","time_tweet":"2 Apr 15","text_tweet":"luek dbd","original_tweet":"\u003cdiv class=\"dir-ltr\" dir=\"ltr\"\u003e  luek \u003cspan class=\"twitter-hit-highlight\"\u003edbd\u003c/span\u003e\n\u003c/div\u003e"}
{"_id":{"$oid":"57b1ecf87fea4b73228c059f"},"username":"SlidinSolo","index":2290,"data_id":"/SlidinSolo/status/583788046098669569?p=v","url":"583788046098669569","time_tweet":"2 Apr 15","text_tweet":"@macknmonei wade dbd","original_tweet":"\u003cdiv class=\"dir-ltr\" dir=\"ltr\"\u003e  \u003ca href=\"/macknmonei\" class=\"twitter-atreply dir-ltr\" dir=\"ltr\" data-mentioned-user-id=\"532417422\" data-screenname=\"macknmonei\"\u003e@macknmonei\u003c/a\u003e wade \u003cspan class=\"twitter-hit-highlight\"\u003edbd\u003c/span\u003e\n\u003c/div\u003e"}
{"_id":{"$oid":"57b1ecf87fea4b73228c05a0"},"username":"rdi971","index":2291,"data_id":"/rdi971/status/583781383589470208?p=v","url":"583781383589470208","time_tweet":"2 Apr 15","text_tweet":"Wah udah jam 7 nih sobat RDI, yuk dengein #DBD w/ @Didin_Bagito @dailoplop dijamin kamu bakal ngakak deh ow.ly/i/acuTW","original_tweet":"\u003cdiv class=\"dir-ltr\" dir=\"ltr\"\u003e  Wah udah jam 7 nih sobat RDI, yuk dengein \u003ca href=\"/hashtag/DBD?src=hash\" data-query-source=\"hashtag_click\" class=\"twitter-hashtag dir-ltr\" dir=\"ltr\"\u003e#\u003cspan class=\"twitter-hit-highlight\"\u003eDBD\u003c/span\u003e\u003c/a\u003e w/ \u003ca href=\"/Didin_Bagito\" class=\"twitter-atreply dir-ltr\" dir=\"ltr\" data-mentioned-user-id=\"151890383\" data-screenname=\"Didin_Bagito\"\u003e@Didin_Bagito\u003c/a\u003e \u003ca href=\"/dailoplop\" class=\"twitter-atreply dir-ltr\" dir=\"ltr\" data-mentioned-user-id=\"378541095\" data-screenname=\"dailoplop\"\u003e@dailoplop\u003c/a\u003e dijamin kamu bakal ngakak deh \u003ca href=\"http://t.co/Fv7b9hPfhW\" rel=\"nofollow\" dir=\"ltr\" data-expanded-url=\"http://ow.ly/i/acuTW\" data-url=\"http://ow.ly/i/acuTW\" class=\"twitter_external_link dir-ltr tco-link\" target=\"_blank\" title=\"http://ow.ly/i/acuTW\"\u003eow.ly/i/acuTW\u003c/a\u003e\n\u003c/div\u003e"}
{"_id":{"$oid":"57b1ecf87fea4b73228c05a1"},"username":"manda_AF","index":2292,"data_id":"/manda_AF/status/583779831256485888?p=v","url":"583779831256485888","time_tweet":"2 Apr 15","text_tweet":"Paskah taun kmren sakit DB sampek HB turun jd 80 üò¢. Semoga tahun ini sehat selalu akunya üòÅ instagram.com/p/0_eMeju07y/","original_tweet":"\u003cdiv class=\"dir-ltr\" dir=\"ltr\"\u003e  Paskah taun kmren \u003cspan class=\"twitter-hit-highlight\"\u003esakit DB\u003c/span\u003e sampek HB turun jd 80 üò¢. Semoga tahun ini sehat selalu akunya üòÅ \u003ca href=\"https://t.co/8kZixpPSco\" rel=\"nofollow\" dir=\"ltr\" data-expanded-url=\"https://instagram.com/p/0_eMeju07y/\" data-url=\"https://instagram.com/p/0_eMeju07y/\" class=\"twitter_external_link dir-ltr tco-link\" target=\"_blank\" title=\"https://instagram.com/p/0_eMeju07y/\"\u003einstagram.com/p/0_eMeju07y/\u003c/a\u003e\n\u003c/div\u003e"}
{"_id":{"$oid":"57b1ecf87fea4b73228c05a2"},"username":"Khoirul_27","index":2293,"data_id":"/Khoirul_27/status/583775717713903616?p=v","url":"583775717713903616","time_tweet":"2 Apr 15","text_tweet":"detikHealth | Ditemukan di Makassar, Genotype Baru Virus DBD Gantikan Virus Lama -... fb.me/4OfgSRzno","original_tweet":"\u003cdiv class=\"dir-ltr\" dir=\"ltr\"\u003e  detikHealth | Ditemukan di Makassar, Genotype Baru Virus \u003cspan class=\"twitter-hit-highlight\"\u003eDBD\u003c/span\u003e Gantikan Virus Lama -... \u003ca href=\"http://t.co/B0blJIccA2\" rel=\"nofollow\" dir=\"ltr\" data-expanded-url=\"http://fb.me/4OfgSRzno\" data-url=\"http://fb.me/4OfgSRzno\" class=\"twitter_external_link dir-ltr tco-link\" target=\"_blank\" title=\"http://fb.me/4OfgSRzno\"\u003efb.me/4OfgSRzno\u003c/a\u003e\n\u003c/div\u003e"}
{"_id":{"$oid":"57b1ecf87fea4b73228c05a3"},"username":"StandUpIndo_WTP","index":2294,"data_id":"/StandUpIndo_WTP/status/583774805146505216?p=v","url":"583774805146505216","time_tweet":"2 Apr 15","text_tweet":"erhindar dari demam berdarah, Seorang ABG kini terserang demam korea","original_tweet":"\u003cdiv class=\"dir-ltr\" dir=\"ltr\"\u003e  erhindar dari \u003cspan class=\"twitter-hit-highlight\"\u003edemam berdarah\u003c/span\u003e, Seorang ABG kini terserang demam korea\n\u003c/div\u003e"}
{"_id":{"$oid":"57b1ecf87fea4b73228c05a4"},"username":"ryanFEight","index":2295,"data_id":"/ryanFEight/status/583773462260355075?p=v","url":"583773462260355075","time_tweet":"2 Apr 15","text_tweet":"Pagi\" mau ikutan eksizz bareng DBD..@rdi971","original_tweet":"\u003cdiv class=\"dir-ltr\" dir=\"ltr\"\u003e  Pagi\" mau ikutan eksizz bareng \u003cspan class=\"twitter-hit-highlight\"\u003eDBD\u003c/span\u003e..\u003ca href=\"/rdi971\" class=\"twitter-atreply dir-ltr\" dir=\"ltr\" data-mentioned-user-id=\"381979676\" data-screenname=\"rdi971\"\u003e@rdi971\u003c/a\u003e\n\u003c/div\u003e"}
{"_id":{"$oid":"57b1ecf87fea4b73228c05a5"},"username":"infojatim","index":2296,"data_id":"/infojatim/status/583767538338668544?p=v","url":"583767538338668544","time_tweet":"2 Apr 15","text_tweet":"Wabah Demam Berdarah Trenggalek Telan Korban Jiwa - skalanews goo.gl/fb/unBUEg #Trenggalek","original_tweet":"\u003cdiv class=\"dir-ltr\" dir=\"ltr\"\u003e  Wabah \u003cspan class=\"twitter-hit-highlight\"\u003eDemam Berdarah\u003c/span\u003e Trenggalek Telan Korban Jiwa - skalanews \u003ca href=\"http://t.co/OM8ayEk9Vm\" rel=\"nofollow\" dir=\"ltr\" data-expanded-url=\"http://goo.gl/fb/unBUEg\" data-url=\"http://goo.gl/fb/unBUEg\" class=\"twitter_external_link dir-ltr tco-link\" target=\"_blank\" title=\"http://goo.gl/fb/unBUEg\"\u003egoo.gl/fb/unBUEg\u003c/a\u003e \u003ca href=\"/hashtag/Trenggalek?src=hash\" data-query-source=\"hashtag_click\" class=\"twitter-hashtag dir-ltr\" dir=\"ltr\"\u003e#Trenggalek\u003c/a\u003e\n\u003c/div\u003e"}
{"_id":{"$oid":"57b1ecf87fea4b73228c05a6"},"username":"dineke_DBD","index":2297,"data_id":"/dineke_DBD/status/583762065971519488?p=v","url":"583762065971519488","time_tweet":"2 Apr 15","text_tweet":"YaAllah panjangkan lah umur hamba dan kedua orang tua hamba amin o:)","original_tweet":"\u003cdiv class=\"dir-ltr\" dir=\"ltr\"\u003e  YaAllah panjangkan lah umur hamba dan kedua orang tua hamba amin o:)\n\u003c/div\u003e"}
{"_id":{"$oid":"57b1ecf87fea4b73228c05a7"},"username":"dineke_DBD","index":2298,"data_id":"/dineke_DBD/status/583761497651679232?p=v","url":"583761497651679232","time_tweet":"2 Apr 15","text_tweet":"Udah seminggu aja olga meninggal :')","original_tweet":"\u003cdiv class=\"dir-ltr\" dir=\"ltr\"\u003e  Udah seminggu aja olga meninggal :')\n\u003c/div\u003e"}
{"_id":{"$oid":"57b1ecff7fea4b73228c05a8"},"username":"dineke_DBD","index":2299,"data_id":"/dineke_DBD/status/583761411995611138?p=v","url":"583761411995611138","time_tweet":"2 Apr 15","text_tweet":"Jum'at berkah o:)","original_tweet":"\u003cdiv class=\"dir-ltr\" dir=\"ltr\"\u003e  Jum'at berkah o:)\n\u003c/div\u003e"}
{"_id":{"$oid":"57b1ecf17fea4b73228c0594"},"username":"puma83krux","index":2279,"data_id":"/puma83krux/status/583824801409675264?p=v","url":"583824801409675264","time_tweet":"2 Apr 15","text_tweet":"kual dbd fb.me/4i0coE8oA","original_tweet":"\u003cdiv class=\"dir-ltr\" dir=\"ltr\"\u003e  kual \u003cspan class=\"twitter-hit-highlight\"\u003edbd\u003c/span\u003e \u003ca href=\"http://t.co/GnzdCGBCIG\" rel=\"nofollow\" dir=\"ltr\" data-expanded-url=\"http://fb.me/4i0coE8oA\" data-url=\"http://fb.me/4i0coE8oA\" class=\"twitter_external_link dir-ltr tco-link\" target=\"_blank\" title=\"http://fb.me/4i0coE8oA\"\u003efb.me/4i0coE8oA\u003c/a\u003e\n\u003c/div\u003e"}
{"_id":{"$oid":"57b1ecf17fea4b73228c0595"},"username":"infojatim","index":2280,"data_id":"/infojatim/status/583818858697371648?p=v","url":"583818858697371648","time_tweet":"2 Apr 15","text_tweet":"Wabah Demam Berdarah Trenggalek Telan Korban Jiwa - skalanews goo.gl/fb/dqOunR #Trenggalek","original_tweet":"\u003cdiv class=\"dir-ltr\" dir=\"ltr\"\u003e  Wabah \u003cspan class=\"twitter-hit-highlight\"\u003eDemam Berdarah\u003c/span\u003e Trenggalek Telan Korban Jiwa - skalanews \u003ca href=\"http://t.co/L4FOsIpbrG\" rel=\"nofollow\" dir=\"ltr\" data-expanded-url=\"http://goo.gl/fb/dqOunR\" data-url=\"http://goo.gl/fb/dqOunR\" class=\"twitter_external_link dir-ltr tco-link\" target=\"_blank\" title=\"http://goo.gl/fb/dqOunR\"\u003egoo.gl/fb/dqOunR\u003c/a\u003e \u003ca href=\"/hashtag/Trenggalek?src=hash\" data-query-source=\"hashtag_click\" class=\"twitter-hashtag dir-ltr\" dir=\"ltr\"\u003e#Trenggalek\u003c/a\u003e\n\u003c/div\u003e"}
{"_id":{"$oid":"57b1ecf17fea4b73228c0596"},"username":"b4yu_wow","index":2281,"data_id":"/b4yu_wow/status/583815938585178112?p=v","url":"583815938585178112","time_tweet":"2 Apr 15","text_tweet":"anaknya typus, bapaknya DBD....lengkap ujianMu ya Allah.....astagfirulloh aladzim (at @rsijpk) [pic] ‚Äî path.com/p/71mIr","original_tweet":"\u003cdiv class=\"dir-ltr\" dir=\"ltr\"\u003e  anaknya typus, bapaknya \u003cspan class=\"twitter-hit-highlight\"\u003eDBD\u003c/span\u003e....lengkap ujianMu ya Allah.....astagfirulloh aladzim (at \u003ca href=\"/rsijpk\" class=\"twitter-atreply dir-ltr\" dir=\"ltr\" data-mentioned-user-id=\"389302977\" data-screenname=\"rsijpk\"\u003e@rsijpk\u003c/a\u003e) [pic] ‚Äî \u003ca href=\"https://t.co/em0dIww2bt\" rel=\"nofollow\" dir=\"ltr\" data-expanded-url=\"https://path.com/p/71mIr\" data-url=\"https://path.com/p/71mIr\" class=\"twitter_external_link dir-ltr tco-link\" target=\"_blank\" title=\"https://path.com/p/71mIr\"\u003epath.com/p/71mIr\u003c/a\u003e\n\u003c/div\u003e"}
{"_id":{"$oid":"57b1ecff7fea4b73228c05aa"},"username":"dineke_DBD","index":2301,"data_id":"/dineke_DBD/status/583757592834383872?p=v","url":"583757592834383872","time_tweet":"2 Apr 15","text_tweet":"Gua sayang lo do{}‚ô•","original_tweet":"\u003cdiv class=\"dir-ltr\" dir=\"ltr\"\u003e  Gua sayang lo do{}‚ô•\n\u003c/div\u003e"}
{"_id":{"$oid":"57b1ecff7fea4b73228c05a9"},"username":"dineke_DBD","index":2300,"data_id":"/dineke_DBD/status/583760395094990848?p=v","url":"583760395094990848","time_tweet":"2 Apr 15","text_tweet":"Jangan jadi orang yang munafik ntar nyesel:D","original_tweet":"\u003cdiv class=\"dir-ltr\" dir=\"ltr\"\u003e  Jangan jadi orang yang munafik ntar nyesel:D\n\u003c/div\u003e"}
{"_id":{"$oid":"57b1ecff7fea4b73228c05ab"},"username":"andika_yuda28","index":2302,"data_id":"/andika_yuda28/status/583746530890350592?p=v","url":"583746530890350592","time_tweet":"2 Apr 15","text_tweet":"Jambu biji, pepaya, jeruk, atau mangga yang kaya cairan baik dikonsumsi untuk membantu pemulihan saat demam berdarah.","original_tweet":"\u003cdiv class=\"dir-ltr\" dir=\"ltr\"\u003e  Jambu biji, pepaya, jeruk, atau mangga yang kaya cairan baik dikonsumsi untuk membantu pemulihan saat \u003cspan class=\"twitter-hit-highlight\"\u003edemam berdarah\u003c/span\u003e.\n\u003c/div\u003e"}
{"_id":{"$oid":"57b1ecff7fea4b73228c05ac"},"username":"leti_az_leeeh","index":2303,"data_id":"/leti_az_leeeh/status/583737134156271616?p=v","url":"583737134156271616","time_tweet":"2 Apr 15","text_tweet":"AAkaid dbd #FifthHarmony #TheyreTheOne @radiodisney","original_tweet":"\u003cdiv class=\"dir-ltr\" dir=\"ltr\"\u003e  AAkaid \u003cspan class=\"twitter-hit-highlight\"\u003edbd\u003c/span\u003e \u003ca href=\"/hashtag/FifthHarmony?src=hash\" data-query-source=\"hashtag_click\" class=\"twitter-hashtag dir-ltr\" dir=\"ltr\"\u003e#FifthHarmony\u003c/a\u003e \u003ca href=\"/hashtag/TheyreTheOne?src=hash\" data-query-source=\"hashtag_click\" class=\"twitter-hashtag dir-ltr\" dir=\"ltr\"\u003e#TheyreTheOne\u003c/a\u003e \u003ca href=\"/radiodisney\" class=\"twitter-atreply dir-ltr\" dir=\"ltr\" data-mentioned-user-id=\"77504008\" data-screenname=\"radiodisney\"\u003e@radiodisney\u003c/a\u003e\n\u003c/div\u003e"}
{"_id":{"$oid":"57b1ecff7fea4b73228c05ad"},"username":"infojatim","index":2304,"data_id":"/infojatim/status/583732221959241728?p=v","url":"583732221959241728","time_tweet":"2 Apr 15","text_tweet":"Wabah Demam Berdarah Trenggalek Telan Korban Jiwa - skalanews goo.gl/fb/FTFR74 #Trenggalek","original_tweet":"\u003cdiv class=\"dir-ltr\" dir=\"ltr\"\u003e  Wabah \u003cspan class=\"twitter-hit-highlight\"\u003eDemam Berdarah\u003c/span\u003e Trenggalek Telan Korban Jiwa - skalanews \u003ca href=\"http://t.co/wd9qVafxbx\" rel=\"nofollow\" dir=\"ltr\" data-expanded-url=\"http://goo.gl/fb/FTFR74\" data-url=\"http://goo.gl/fb/FTFR74\" class=\"twitter_external_link dir-ltr tco-link\" target=\"_blank\" title=\"http://goo.gl/fb/FTFR74\"\u003egoo.gl/fb/FTFR74\u003c/a\u003e \u003ca href=\"/hashtag/Trenggalek?src=hash\" data-query-source=\"hashtag_click\" class=\"twitter-hashtag dir-ltr\" dir=\"ltr\"\u003e#Trenggalek\u003c/a\u003e\n\u003c/div\u003e"}
{"_id":{"$oid":"57b1ecff7fea4b73228c05ae"},"username":"infojatim","index":2305,"data_id":"/infojatim/status/583727606610034689?p=v","url":"583727606610034689","time_tweet":"2 Apr 15","text_tweet":"DBD Renggut Lima Nyawa Di Malang - Suara Pembaruan goo.gl/fb/dzXDDv #Malang","original_tweet":"\u003cdiv class=\"dir-ltr\" dir=\"ltr\"\u003e  \u003cspan class=\"twitter-hit-highlight\"\u003eDBD\u003c/span\u003e Renggut Lima Nyawa Di Malang - Suara Pembaruan \u003ca href=\"http://t.co/SReQjBtsUS\" rel=\"nofollow\" dir=\"ltr\" data-expanded-url=\"http://goo.gl/fb/dzXDDv\" data-url=\"http://goo.gl/fb/dzXDDv\" class=\"twitter_external_link dir-ltr tco-link\" target=\"_blank\" title=\"http://goo.gl/fb/dzXDDv\"\u003egoo.gl/fb/dzXDDv\u003c/a\u003e \u003ca href=\"/hashtag/Malang?src=hash\" data-query-source=\"hashtag_click\" class=\"twitter-hashtag dir-ltr\" dir=\"ltr\"\u003e#Malang\u003c/a\u003e\n\u003c/div\u003e"}
{"_id":{"$oid":"57b1ecff7fea4b73228c05af"},"username":"sheriartylover","index":2306,"data_id":"/sheriartylover/status/583722114324246528?p=v","url":"583722114324246528","time_tweet":"2 Apr 15","text_tweet":"KELAJAPAPEKZPQ DIPS'SBDMSOSIDKDNSJQOQ'DBD'SMSLZBEKZIX'¬¥eiozodndnd this is not fangirl üôà pic.twitter.com/YEtr19vyWJ","original_tweet":"\u003cdiv class=\"dir-ltr\" dir=\"ltr\"\u003e  KELAJAPAPEKZPQ DIPS'SBDMSOSIDKDNSJQOQ'\u003cspan class=\"twitter-hit-highlight\"\u003eDBD\u003c/span\u003e'SMSLZBEKZIX'¬¥eiozodndnd this is not fangirl üôà \u003ca href=\"http://t.co/YEtr19vyWJ\" data-pre-embedded=\"true\" rel=\"nofollow\" data-entity-id=\"583722100206206976\" dir=\"ltr\" data-url=\"http://twitter.com/sheriartylover/status/583722114324246528/photo/1\" data-tco-id=\"YEtr19vyWJ\" class=\"twitter_external_link dir-ltr tco-link has-expanded-path\" target=\"_top\" data-expanded-path=\"/sheriartylover/status/583722114324246528/photo/1\"\u003epic.twitter.com/YEtr19vyWJ\u003c/a\u003e\n\u003c/div\u003e"}
{"_id":{"$oid":"57b1ecff7fea4b73228c05b1"},"username":"perlnews","index":2308,"data_id":"/perlnews/status/583707523426820097?p=v","url":"583707523426820097","time_tweet":"2 Apr 15","text_tweet":"CPAN: DBD-Cassandra-0.06 (TVDW) - metacpan.org/release/TVDW/D‚Ä¶","original_tweet":"\u003cdiv class=\"dir-ltr\" dir=\"ltr\"\u003e  CPAN: \u003cspan class=\"twitter-hit-highlight\"\u003eDBD\u003c/span\u003e-Cassandra-0.06 (TVDW) - \u003ca href=\"http://t.co/Zsm97sfZkL\" rel=\"nofollow\" dir=\"ltr\" data-expanded-url=\"http://metacpan.org/release/TVDW/DBD-Cassandra-0.06\" data-url=\"http://metacpan.org/release/TVDW/DBD-Cassandra-0.06\" class=\"twitter_external_link dir-ltr tco-link\" target=\"_blank\" title=\"http://metacpan.org/release/TVDW/DBD-Cassandra-0.06\"\u003emetacpan.org/release/TVDW/D‚Ä¶\u003c/a\u003e\n\u003c/div\u003e"}
{"_id":{"$oid":"57b1ecff7fea4b73228c05b4"},"username":"MaduAsliHD","index":2311,"data_id":"/MaduAsliHD/status/583671039856488449?p=v","url":"583671039856488449","time_tweet":"2 Apr 15","text_tweet":"Demam Berdarah maduasli-hd.blogspot.com/2015/04/demam-‚Ä¶","original_tweet":"\u003cdiv class=\"dir-ltr\" dir=\"ltr\"\u003e  \u003cspan class=\"twitter-hit-highlight\"\u003eDemam Berdarah\u003c/span\u003e \u003ca href=\"http://t.co/0e1arBicjj\" rel=\"nofollow\" dir=\"ltr\" data-expanded-url=\"http://maduasli-hd.blogspot.com/2015/04/demam-berdarah.html\" data-url=\"http://maduasli-hd.blogspot.com/2015/04/demam-berdarah.html\" class=\"twitter_external_link dir-ltr tco-link\" target=\"_blank\" title=\"http://maduasli-hd.blogspot.com/2015/04/demam-berdarah.html\"\u003emaduasli-hd.blogspot.com/2015/04/demam-‚Ä¶\u003c/a\u003e\n\u003c/div\u003e"}
{"_id":{"$oid":"57b1ecff7fea4b73228c05b5"},"username":"stephikr","index":2312,"data_id":"/stephikr/status/583664727391277056?p=v","url":"583664727391277056","time_tweet":"2 Apr 15","text_tweet":"@voyezvousme kdg suka dbd mt an ma km kleys","original_tweet":"\u003cdiv class=\"dir-ltr\" dir=\"ltr\"\u003e  \u003ca href=\"/voyezvousme\" class=\"twitter-atreply dir-ltr\" dir=\"ltr\" data-mentioned-user-id=\"3193579576\" data-screenname=\"voyezvousme\"\u003e@voyezvousme\u003c/a\u003e kdg suka \u003cspan class=\"twitter-hit-highlight\"\u003edbd\u003c/span\u003e mt an ma km kleys\n\u003c/div\u003e"}
{"_id":{"$oid":"57b1ecff7fea4b73228c05b6"},"username":"DiniRia","index":2313,"data_id":"/DiniRia/status/583644054497308672?p=v","url":"583644054497308672","time_tweet":"2 Apr 15","text_tweet":"@fransiscaVN hudu kaya napi.waspada\" lagi Demam berdarah lu waspada :D","original_tweet":"\u003cdiv class=\"dir-ltr\" dir=\"ltr\"\u003e  \u003ca href=\"/fransiscaVN\" class=\"twitter-atreply dir-ltr\" dir=\"ltr\" data-mentioned-user-id=\"865853280\" data-screenname=\"fransiscaVN\"\u003e@fransiscaVN\u003c/a\u003e hudu kaya napi.waspada\" lagi \u003cspan class=\"twitter-hit-highlight\"\u003eDemam berdarah\u003c/span\u003e lu waspada :D\n\u003c/div\u003e"}
{"_id":{"$oid":"57b1ecff7fea4b73228c05b3"},"username":"MitraMajuGrosir","index":2310,"data_id":"/MitraMajuGrosir/status/583673194487353344?p=v","url":"583673194487353344","time_tweet":"2 Apr 15","text_tweet":"Terhindar dari demam berdarah, Seorang ABG kini terserang demam korea","original_tweet":"\u003cdiv class=\"dir-ltr\" dir=\"ltr\"\u003e  Terhindar dari \u003cspan class=\"twitter-hit-highlight\"\u003edemam berdarah\u003c/span\u003e, Seorang ABG kini terserang demam korea\n\u003c/div\u003e"}
{"_id":{"$oid":"57b1ecff7fea4b73228c05b7"},"username":"revinisty","index":2314,"data_id":"/revinisty/status/583641485972676610?p=v","url":"583641485972676610","time_tweet":"2 Apr 15","text_tweet":"Bagaikan obat nyamuk, dibakar habis, tapi bisa melindungi kalian dari demam berdarah","original_tweet":"\u003cdiv class=\"dir-ltr\" dir=\"ltr\"\u003e  Bagaikan obat nyamuk, dibakar habis, tapi bisa melindungi kalian dari \u003cspan class=\"twitter-hit-highlight\"\u003edemam berdarah\u003c/span\u003e\n\u003c/div\u003e"}
{"_id":{"$oid":"57b1ecff7fea4b73228c05b8"},"username":"BalikpapanOne","index":2315,"data_id":"/BalikpapanOne/status/583640539595087872?p=v","url":"583640539595087872","time_tweet":"2 Apr 15","text_tweet":"RT @fperwiro: #Donor_darah A utk pasien DBD anak M Zahmasari di ICU RS Tentara #Balikpapan CP Trilaksono/Mini 085345088889@BalikpapanOne\"","original_tweet":"\u003cdiv class=\"dir-ltr\" dir=\"ltr\"\u003e  RT \u003ca href=\"/fperwiro\" class=\"twitter-atreply dir-ltr\" dir=\"ltr\" data-mentioned-user-id=\"217706930\" data-screenname=\"fperwiro\"\u003e@fperwiro\u003c/a\u003e: \u003ca href=\"/hashtag/Donor_darah?src=hash\" data-query-source=\"hashtag_click\" class=\"twitter-hashtag dir-ltr\" dir=\"ltr\"\u003e#Donor_darah\u003c/a\u003e A utk pasien \u003cspan class=\"twitter-hit-highlight\"\u003eDBD\u003c/span\u003e anak M Zahmasari di ICU RS Tentara \u003ca href=\"/hashtag/Balikpapan?src=hash\" data-query-source=\"hashtag_click\" class=\"twitter-hashtag dir-ltr\" dir=\"ltr\"\u003e#Balikpapan\u003c/a\u003e CP Trilaksono/Mini 085345088889  \u003ca href=\"/BalikpapanOne\" class=\"twitter-atreply dir-ltr\" dir=\"ltr\" data-mentioned-user-id=\"367737343\" data-screenname=\"BalikpapanOne\"\u003e@BalikpapanOne\u003c/a\u003e\"\n\u003c/div\u003e"}
{"_id":{"$oid":"57b1ed017fea4b73228c05b9"},"username":"infojatim","index":2316,"data_id":"/infojatim/status/583639819126865920?p=v","url":"583639819126865920","time_tweet":"2 Apr 15","text_tweet":"Puncak DBD di Surabaya Diprediksi Bulan Ini - Harian Terbit goo.gl/fb/CdaLjO #surabaya","original_tweet":"\u003cdiv class=\"dir-ltr\" dir=\"ltr\"\u003e  Puncak \u003cspan class=\"twitter-hit-highlight\"\u003eDBD\u003c/span\u003e di Surabaya Diprediksi Bulan Ini - Harian Terbit \u003ca href=\"http://t.co/1t8ozdgLFr\" rel=\"nofollow\" dir=\"ltr\" data-expanded-url=\"http://goo.gl/fb/CdaLjO\" data-url=\"http://goo.gl/fb/CdaLjO\" class=\"twitter_external_link dir-ltr tco-link\" target=\"_blank\" title=\"http://goo.gl/fb/CdaLjO\"\u003egoo.gl/fb/CdaLjO\u003c/a\u003e \u003ca href=\"/hashtag/surabaya?src=hash\" data-query-source=\"hashtag_click\" class=\"twitter-hashtag dir-ltr\" dir=\"ltr\"\u003e#surabaya\u003c/a\u003e\n\u003c/div\u003e"}
{"_id":{"$oid":"57b1ed017fea4b73228c05ba"},"username":"wahyudik20","index":2317,"data_id":"/wahyudik20/status/583639647131049985?p=v","url":"583639647131049985","time_tweet":"2 Apr 15","text_tweet":"\"@Metro_TV: DBD Memakan Korban di Bogor dan Banjar metrotvn.ws/A352495\"","original_tweet":"\u003cdiv class=\"dir-ltr\" dir=\"ltr\"\u003e  \"\u003ca href=\"/Metro_TV\" class=\"twitter-atreply dir-ltr\" dir=\"ltr\" data-mentioned-user-id=\"57261519\" data-screenname=\"Metro_TV\"\u003e@Metro_TV\u003c/a\u003e: \u003cspan class=\"twitter-hit-highlight\"\u003eDBD\u003c/span\u003e Memakan Korban di Bogor dan Banjar \u003ca href=\"http://t.co/o77HtZCA8Y\" rel=\"nofollow\" dir=\"ltr\" data-expanded-url=\"http://metrotvn.ws/A352495\" data-url=\"http://metrotvn.ws/A352495\" class=\"twitter_external_link dir-ltr tco-link\" target=\"_blank\" title=\"http://metrotvn.ws/A352495\"\u003emetrotvn.ws/A352495\u003c/a\u003e\"\n\u003c/div\u003e"}
{"_id":{"$oid":"57b1ed017fea4b73228c05bc"},"username":"perlnews","index":2319,"data_id":"/perlnews/status/583634966111621121?p=v","url":"583634966111621121","time_tweet":"2 Apr 15","text_tweet":"CPAN: DBD-Cassandra-0.05 (TVDW) - metacpan.org/release/TVDW/D‚Ä¶","original_tweet":"\u003cdiv class=\"dir-ltr\" dir=\"ltr\"\u003e  CPAN: \u003cspan class=\"twitter-hit-highlight\"\u003eDBD\u003c/span\u003e-Cassandra-0.05 (TVDW) - \u003ca href=\"http://t.co/MNViNSLSDg\" rel=\"nofollow\" dir=\"ltr\" data-expanded-url=\"http://metacpan.org/release/TVDW/DBD-Cassandra-0.05\" data-url=\"http://metacpan.org/release/TVDW/DBD-Cassandra-0.05\" class=\"twitter_external_link dir-ltr tco-link\" target=\"_blank\" title=\"http://metacpan.org/release/TVDW/DBD-Cassandra-0.05\"\u003emetacpan.org/release/TVDW/D‚Ä¶\u003c/a\u003e\n\u003c/div\u003e"}
{"_id":{"$oid":"57b1ed017fea4b73228c05bd"},"username":"RendyGrimonia","index":2320,"data_id":"/RendyGrimonia/status/583633367180025856?p=v","url":"583633367180025856","time_tweet":"2 Apr 15","text_tweet":"Kok sakit DBD sii :(","original_tweet":"\u003cdiv class=\"dir-ltr\" dir=\"ltr\"\u003e  Kok sakit \u003cspan class=\"twitter-hit-highlight\"\u003eDBD\u003c/span\u003e sii :(\n\u003c/div\u003e"}
{"_id":{"$oid":"57b1ed017fea4b73228c05bb"},"username":"infojatim","index":2318,"data_id":"/infojatim/status/583638657187229696?p=v","url":"583638657187229696","time_tweet":"2 Apr 15","text_tweet":"DBD Renggut Lima Nyawa Di Malang - Suara Pembaruan goo.gl/fb/F3PdRU #Malang","original_tweet":"\u003cdiv class=\"dir-ltr\" dir=\"ltr\"\u003e  \u003cspan class=\"twitter-hit-highlight\"\u003eDBD\u003c/span\u003e Renggut Lima Nyawa Di Malang - Suara Pembaruan \u003ca href=\"http://t.co/rBDdaWgKzg\" rel=\"nofollow\" dir=\"ltr\" data-expanded-url=\"http://goo.gl/fb/F3PdRU\" data-url=\"http://goo.gl/fb/F3PdRU\" class=\"twitter_external_link dir-ltr tco-link\" target=\"_blank\" title=\"http://goo.gl/fb/F3PdRU\"\u003egoo.gl/fb/F3PdRU\u003c/a\u003e \u003ca href=\"/hashtag/Malang?src=hash\" data-query-source=\"hashtag_click\" class=\"twitter-hashtag dir-ltr\" dir=\"ltr\"\u003e#Malang\u003c/a\u003e\n\u003c/div\u003e"}
{"_id":{"$oid":"57b1ed017fea4b73228c05bf"},"username":"YuniHandriyani","index":2322,"data_id":"/YuniHandriyani/status/583628440919740416?p=v","url":"583628440919740416","time_tweet":"2 Apr 15","text_tweet":"@nindaaprilaa hahaha..nggk akting beb.. takut aja bnyak nyamuk. takut DBD haha","original_tweet":"\u003cdiv class=\"dir-ltr\" dir=\"ltr\"\u003e  \u003ca href=\"/nindaaprilaa\" class=\"twitter-atreply dir-ltr\" dir=\"ltr\" data-mentioned-user-id=\"214407487\" data-screenname=\"nindaaprilaa\"\u003e@nindaaprilaa\u003c/a\u003e hahaha..nggk akting beb.. takut aja bnyak nyamuk. takut \u003cspan class=\"twitter-hit-highlight\"\u003eDBD\u003c/span\u003e haha\n\u003c/div\u003e"}
{"_id":{"$oid":"57b1ed017fea4b73228c05be"},"username":"Dar_Moee","index":2321,"data_id":"/Dar_Moee/status/583630592174006272?p=v","url":"583630592174006272","time_tweet":"2 Apr 15","text_tweet":"Oalahhh iyaa tah masss? Aduhhh Healthy soon masss RT \"@RenaltaFA: @Dar_Moee aku demam berdarah dek -_-\"","original_tweet":"\u003cdiv class=\"dir-ltr\" dir=\"ltr\"\u003e  Oalahhh iyaa tah masss? Aduhhh Healthy soon masss RT \"\u003ca href=\"/RenaltaFA\" class=\"twitter-atreply dir-ltr\" dir=\"ltr\" data-mentioned-user-id=\"627084434\" data-screenname=\"RenaltaFA\"\u003e@RenaltaFA\u003c/a\u003e: \u003ca href=\"/Dar_Moee\" class=\"twitter-atreply dir-ltr\" dir=\"ltr\" data-mentioned-user-id=\"367692548\" data-screenname=\"Dar_Moee\"\u003e@Dar_Moee\u003c/a\u003e aku \u003cspan class=\"twitter-hit-highlight\"\u003edemam berdarah\u003c/span\u003e dek -_-\"\n\u003c/div\u003e"}
{"_id":{"$oid":"57b1ed017fea4b73228c05c0"},"username":"fperwiro","index":2323,"data_id":"/fperwiro/status/583627444294266881?p=v","url":"583627444294266881","time_tweet":"2 Apr 15","text_tweet":"#Donor_darah A utk pasien DBD anak M Zahmasari di ICU RS Tentara #Balikpapan CP Trilaksono/Mini 085345088889 @Persibafc_news @BalikpapanID","original_tweet":"\u003cdiv class=\"dir-ltr\" dir=\"ltr\"\u003e  \u003ca href=\"/hashtag/Donor_darah?src=hash\" data-query-source=\"hashtag_click\" class=\"twitter-hashtag dir-ltr\" dir=\"ltr\"\u003e#Donor_darah\u003c/a\u003e A utk pasien \u003cspan class=\"twitter-hit-highlight\"\u003eDBD\u003c/span\u003e anak M Zahmasari di ICU RS Tentara \u003ca href=\"/hashtag/Balikpapan?src=hash\" data-query-source=\"hashtag_click\" class=\"twitter-hashtag dir-ltr\" dir=\"ltr\"\u003e#Balikpapan\u003c/a\u003e CP Trilaksono/Mini 085345088889 @Persibafc_news \u003ca href=\"/BalikpapanID\" class=\"twitter-atreply dir-ltr\" dir=\"ltr\" data-mentioned-user-id=\"1288546214\" data-screenname=\"BalikpapanID\"\u003e@BalikpapanID\u003c/a\u003e\n\u003c/div\u003e"}
{"_id":{"$oid":"57b1ed017fea4b73228c05c1"},"username":"adriyaneka1","index":2324,"data_id":"/adriyaneka1/status/583625597970186240?p=v","url":"583625597970186240","time_tweet":"2 Apr 15","text_tweet":"Dinkes Minta Warga Surabaya Waspadai DBD ift.tt/1amTNbh","original_tweet":"\u003cdiv class=\"dir-ltr\" dir=\"ltr\"\u003e  Dinkes Minta Warga Surabaya Waspadai \u003cspan class=\"twitter-hit-highlight\"\u003eDBD\u003c/span\u003e \u003ca href=\"http://t.co/lCT94D2VH4\" rel=\"nofollow\" dir=\"ltr\" data-expanded-url=\"http://ift.tt/1amTNbh\" data-url=\"http://ift.tt/1amTNbh\" class=\"twitter_external_link dir-ltr tco-link\" target=\"_blank\" title=\"http://ift.tt/1amTNbh\"\u003eift.tt/1amTNbh\u003c/a\u003e\n\u003c/div\u003e"}
{"_id":{"$oid":"57b1ecff7fea4b73228c05b0"},"username":"AkhmadR10_F","index":2307,"data_id":"/AkhmadR10_F/status/583711557055578112?p=v","url":"583711557055578112","time_tweet":"2 Apr 15","text_tweet":"DBD @H_ElaineJKT48 semoga makin lancar karir nya,sukses selalu,keep and support #selamatmalamdubai ^^ #ElaineJKT48Del19 htfulDay","original_tweet":"\u003cdiv class=\"dir-ltr\" dir=\"ltr\"\u003e  \u003cspan class=\"twitter-hit-highlight\"\u003eDBD\u003c/span\u003e @H_ElaineJKT48 semoga makin lancar karir nya,sukses selalu,keep and support \u003ca href=\"/hashtag/selamatmalamdubai?src=hash\" data-query-source=\"hashtag_click\" class=\"twitter-hashtag dir-ltr\" dir=\"ltr\"\u003e#selamatmalamdubai\u003c/a\u003e ^^ \u003ca href=\"/hashtag/ElaineJKT48Del19?src=hash\" data-query-source=\"hashtag_click\" class=\"twitter-hashtag dir-ltr\" dir=\"ltr\"\u003e#ElaineJKT48Del19\u003c/a\u003e htfulDay\n\u003c/div\u003e"}
{"_id":{"$oid":"57b1ed097fea4b73228c05c4"},"username":"sindirCOK","index":2327,"data_id":"/sindirCOK/status/583617655027978240?p=v","url":"583617655027978240","time_tweet":"2 Apr 15","text_tweet":"Puncak DBD di Surabaya Diprediksi Bulan Ini - Harian Terbit #surabaya ift.tt/1Fle2QN","original_tweet":"\u003cdiv class=\"dir-ltr\" dir=\"ltr\"\u003e  Puncak \u003cspan class=\"twitter-hit-highlight\"\u003eDBD\u003c/span\u003e di Surabaya Diprediksi Bulan Ini - Harian Terbit \u003ca href=\"/hashtag/surabaya?src=hash\" data-query-source=\"hashtag_click\" class=\"twitter-hashtag dir-ltr\" dir=\"ltr\"\u003e#surabaya\u003c/a\u003e \u003ca href=\"http://t.co/rvwJNHCtT2\" rel=\"nofollow\" dir=\"ltr\" data-expanded-url=\"http://ift.tt/1Fle2QN\" data-url=\"http://ift.tt/1Fle2QN\" class=\"twitter_external_link dir-ltr tco-link\" target=\"_blank\" title=\"http://ift.tt/1Fle2QN\"\u003eift.tt/1Fle2QN\u003c/a\u003e\n\u003c/div\u003e"}
{"_id":{"$oid":"57b1ed017fea4b73228c05c2"},"username":"Bisnis_Jatim","index":2325,"data_id":"/Bisnis_Jatim/status/583619176591273986?p=v","url":"583619176591273986","time_tweet":"2 Apr 15","text_tweet":"Surabaya Waspadai Demam Berdarah bit.ly/1DzivAd","original_tweet":"\u003cdiv class=\"dir-ltr\" dir=\"ltr\"\u003e  Surabaya Waspadai \u003cspan class=\"twitter-hit-highlight\"\u003eDemam Berdarah\u003c/span\u003e \u003ca href=\"http://t.co/NUsjjvVkcv\" rel=\"nofollow\" dir=\"ltr\" data-expanded-url=\"http://bit.ly/1DzivAd\" data-url=\"http://bit.ly/1DzivAd\" class=\"twitter_external_link dir-ltr tco-link\" target=\"_blank\" title=\"http://bit.ly/1DzivAd\"\u003ebit.ly/1DzivAd\u003c/a\u003e\n\u003c/div\u003e"}
{"_id":{"$oid":"57b1ed097fea4b73228c05c5"},"username":"balitv","index":2328,"data_id":"/balitv/status/583617281126727681?p=v","url":"583617281126727681","time_tweet":"2 Apr 15","text_tweet":"PENDERITA DBD DI DENPASAR MENINGKAT: youtu.be/pIUKUJ-JsUQ?a via @YouTube","original_tweet":"\u003cdiv class=\"dir-ltr\" dir=\"ltr\"\u003e  PENDERITA \u003cspan class=\"twitter-hit-highlight\"\u003eDBD\u003c/span\u003e DI DENPASAR MENINGKAT: \u003ca href=\"http://t.co/2aqlRtnwgT\" rel=\"nofollow\" dir=\"ltr\" data-expanded-url=\"http://youtu.be/pIUKUJ-JsUQ?a\" data-url=\"http://youtu.be/pIUKUJ-JsUQ?a\" class=\"twitter_external_link dir-ltr tco-link\" target=\"_blank\" title=\"http://youtu.be/pIUKUJ-JsUQ?a\"\u003eyoutu.be/pIUKUJ-JsUQ?a\u003c/a\u003e via \u003ca href=\"/YouTube\" class=\"twitter-atreply dir-ltr\" dir=\"ltr\" data-mentioned-user-id=\"10228272\" data-screenname=\"YouTube\"\u003e@YouTube\u003c/a\u003e\n\u003c/div\u003e"}
{"_id":{"$oid":"57b1ed097fea4b73228c05c6"},"username":"intanmly","index":2329,"data_id":"/intanmly/status/583615052554510338?p=v","url":"583615052554510338","time_tweet":"2 Apr 15","text_tweet":"Paling kesel kalo macet ada motor yg kenalpotnya kaya alat voging nyamuk DBD üò†üò°üëä (at Taman Serua) ‚Äî path.com/p/3XtBmi","original_tweet":"\u003cdiv class=\"dir-ltr\" dir=\"ltr\"\u003e  Paling kesel kalo macet ada motor yg kenalpotnya kaya alat voging nyamuk \u003cspan class=\"twitter-hit-highlight\"\u003eDBD\u003c/span\u003e üò†üò°üëä (at Taman Serua) ‚Äî \u003ca href=\"https://t.co/315jvzY22G\" rel=\"nofollow\" dir=\"ltr\" data-expanded-url=\"https://path.com/p/3XtBmi\" data-url=\"https://path.com/p/3XtBmi\" class=\"twitter_external_link dir-ltr tco-link\" target=\"_blank\" title=\"https://path.com/p/3XtBmi\"\u003epath.com/p/3XtBmi\u003c/a\u003e\n\u003c/div\u003e"}
{"_id":{"$oid":"57b1ed097fea4b73228c05c7"},"username":"combipharID","index":2330,"data_id":"/combipharID/status/583614863764758528?p=v","url":"583614863764758528","time_tweet":"2 Apr 15","text_tweet":"Healthy People, tebak yuk!Ini adalah nyamuk yang menyebarkan virus demam berdarah.","original_tweet":"\u003cdiv class=\"dir-ltr\" dir=\"ltr\"\u003e  Healthy People, tebak yuk!  Ini adalah nyamuk yang menyebarkan virus \u003cspan class=\"twitter-hit-highlight\"\u003edemam berdarah\u003c/span\u003e.\n\u003c/div\u003e"}
{"_id":{"$oid":"57b1ed097fea4b73228c05c8"},"username":"dineke_DBD","index":2331,"data_id":"/dineke_DBD/status/583610797080739840?p=v","url":"583610797080739840","time_tweet":"2 Apr 15","text_tweet":"Haha basik!","original_tweet":"\u003cdiv class=\"dir-ltr\" dir=\"ltr\"\u003e  Haha basik!\n\u003c/div\u003e"}
{"_id":{"$oid":"57b1ed097fea4b73228c05c9"},"username":"Manado_Today","index":2332,"data_id":"/Manado_Today/status/583606967769235457?p=v","url":"583606967769235457","time_tweet":"2 Apr 15","text_tweet":"Tahun 2015, Mitra Kantongi Enam Kasus Positif DBD -manadotoday.co.id/2015/04/2800/t‚Ä¶","original_tweet":"\u003cdiv class=\"dir-ltr\" dir=\"ltr\"\u003e  Tahun 2015, Mitra Kantongi Enam Kasus Positif \u003cspan class=\"twitter-hit-highlight\"\u003eDBD\u003c/span\u003e -  \u003ca href=\"http://t.co/6OWhncsrFl\" rel=\"nofollow\" dir=\"ltr\" data-expanded-url=\"http://www.manadotoday.co.id/2015/04/2800/tahun-2015-mitra-kantongi-enam-kasus-positif-dbd/\" data-url=\"http://www.manadotoday.co.id/2015/04/2800/tahun-2015-mitra-kantongi-enam-kasus-positif-dbd/\" class=\"twitter_external_link dir-ltr tco-link\" target=\"_blank\" title=\"http://www.manadotoday.co.id/2015/04/2800/tahun-2015-mitra-kantongi-enam-kasus-positif-dbd/\"\u003emanadotoday.co.id/2015/04/2800/t‚Ä¶\u003c/a\u003e\n\u003c/div\u003e"}
{"_id":{"$oid":"57b1ecff7fea4b73228c05b2"},"username":"MaduAsliHD","index":2309,"data_id":"/MaduAsliHD/status/583707410419822592?p=v","url":"583707410419822592","time_tweet":"2 Apr 15","text_tweet":"Demam Berdarah blogtopsites.com/p/27299480","original_tweet":"\u003cdiv class=\"dir-ltr\" dir=\"ltr\"\u003e  \u003cspan class=\"twitter-hit-highlight\"\u003eDemam Berdarah\u003c/span\u003e \u003ca href=\"http://t.co/pwmeaYBq8b\" rel=\"nofollow\" dir=\"ltr\" data-expanded-url=\"http://www.blogtopsites.com/p/27299480\" data-url=\"http://www.blogtopsites.com/p/27299480\" class=\"twitter_external_link dir-ltr tco-link\" target=\"_blank\" title=\"http://www.blogtopsites.com/p/27299480\"\u003eblogtopsites.com/p/27299480\u003c/a\u003e\n\u003c/div\u003e"}
{"_id":{"$oid":"57b1ed017fea4b73228c05c3"},"username":"BE_Bengkulu","index":2326,"data_id":"/BE_Bengkulu/status/583618742719946754?p=v","url":"583618742719946754","time_tweet":"2 Apr 15","text_tweet":"Positif DBD, Dinkes Fogging - #BEonline bit.ly/19INQEm","original_tweet":"\u003cdiv class=\"dir-ltr\" dir=\"ltr\"\u003e  Positif \u003cspan class=\"twitter-hit-highlight\"\u003eDBD\u003c/span\u003e, Dinkes Fogging - \u003ca href=\"/hashtag/BEonline?src=hash\" data-query-source=\"hashtag_click\" class=\"twitter-hashtag dir-ltr\" dir=\"ltr\"\u003e#BEonline\u003c/a\u003e \u003ca href=\"http://t.co/UlGegARN6n\" rel=\"nofollow\" dir=\"ltr\" data-expanded-url=\"http://bit.ly/19INQEm\" data-url=\"http://bit.ly/19INQEm\" class=\"twitter_external_link dir-ltr tco-link\" target=\"_blank\" title=\"http://bit.ly/19INQEm\"\u003ebit.ly/19INQEm\u003c/a\u003e\n\u003c/div\u003e"}
{"_id":{"$oid":"57b1ed097fea4b73228c05ca"},"username":"dineke_DBD","index":2333,"data_id":"/dineke_DBD/status/583604537287581696?p=v","url":"583604537287581696","time_tweet":"2 Apr 15","text_tweet":"Yuhuuuuu|-O","original_tweet":"\u003cdiv class=\"dir-ltr\" dir=\"ltr\"\u003e  Yuhuuuuu|-O\n\u003c/div\u003e"}
{"_id":{"$oid":"57b1ed097fea4b73228c05ce"},"username":"dhanyluvkelly","index":2337,"data_id":"/dhanyluvkelly/status/583575010561761281?p=v","url":"583575010561761281","time_tweet":"2 Apr 15","text_tweet":"Gilllleeeeee ini rsud bekasi Pasien dbd diperlakukan begini....","original_tweet":"\u003cdiv class=\"dir-ltr\" dir=\"ltr\"\u003e  Gilllleeeeee ini rsud bekasi Pasien \u003cspan class=\"twitter-hit-highlight\"\u003edbd\u003c/span\u003e diperlakukan begini....\n\u003c/div\u003e"}
{"_id":{"$oid":"57b1ed097fea4b73228c05cf"},"username":"AdelaVina17","index":2338,"data_id":"/AdelaVina17/status/583569768508043266?p=v","url":"583569768508043266","time_tweet":"2 Apr 15","text_tweet":"Pernah, pas demam berdarah:')\"@NanyaYah: Pernah masuk ICU ? Karena apa ?\"","original_tweet":"\u003cdiv class=\"dir-ltr\" dir=\"ltr\"\u003e  Pernah, pas \u003cspan class=\"twitter-hit-highlight\"\u003edemam berdarah\u003c/span\u003e:')\"\u003ca href=\"/NanyaYah\" class=\"twitter-atreply dir-ltr\" dir=\"ltr\" data-mentioned-user-id=\"1497229339\" data-screenname=\"NanyaYah\"\u003e@NanyaYah\u003c/a\u003e: Pernah masuk ICU ? Karena apa ?\"\n\u003c/div\u003e"}
{"_id":{"$oid":"57b1ed097fea4b73228c05cd"},"username":"caplangID","index":2336,"data_id":"/caplangID/status/583577226815365120?p=v","url":"583577226815365120","time_tweet":"2 Apr 15","text_tweet":"Telon Lang Plus Triple Action. Salah satu khasiatnya dapat menghindari gigitan nyamuk seperti nyamk demam berdarah pic.twitter.com/0k67PO3jdP","original_tweet":"\u003cdiv class=\"dir-ltr\" dir=\"ltr\"\u003e  Telon Lang Plus Triple Action. Salah satu khasiatnya dapat menghindari gigitan nyamuk seperti nyamk \u003cspan class=\"twitter-hit-highlight\"\u003edemam berdarah\u003c/span\u003e \u003ca href=\"http://t.co/0k67PO3jdP\" data-pre-embedded=\"true\" rel=\"nofollow\" data-entity-id=\"583577226454573057\" dir=\"ltr\" data-url=\"http://twitter.com/caplangID/status/583577226815365120/photo/1\" data-tco-id=\"0k67PO3jdP\" class=\"twitter_external_link dir-ltr tco-link has-expanded-path\" target=\"_top\" data-expanded-path=\"/caplangID/status/583577226815365120/photo/1\"\u003epic.twitter.com/0k67PO3jdP\u003c/a\u003e\n\u003c/div\u003e"}
{"_id":{"$oid":"57b1ed097fea4b73228c05d0"},"username":"NUGROS13","index":2339,"data_id":"/NUGROS13/status/583556921484910592?p=v","url":"583556921484910592","time_tweet":"2 Apr 15","text_tweet":"Bisa jd obat DBD jg donk :) RT @detikcom: Ingin Telur Berwarna Merah Alami dan Wangi? Rebus Saja ... m.tmi.me/1f2gSe","original_tweet":"\u003cdiv class=\"dir-ltr\" dir=\"ltr\"\u003e  Bisa jd obat \u003cspan class=\"twitter-hit-highlight\"\u003eDBD\u003c/span\u003e jg donk :) RT \u003ca href=\"/detikcom\" class=\"twitter-atreply dir-ltr\" dir=\"ltr\" data-mentioned-user-id=\"69183155\" data-screenname=\"detikcom\"\u003e@detikcom\u003c/a\u003e: Ingin Telur Berwarna Merah Alami dan Wangi? Rebus Saja ... \u003ca href=\"http://t.co/G1UQPlfARt\" rel=\"nofollow\" dir=\"ltr\" data-expanded-url=\"http://m.tmi.me/1f2gSe\" data-url=\"http://m.tmi.me/1f2gSe\" class=\"twitter_external_link dir-ltr tco-link\" target=\"_blank\" title=\"http://m.tmi.me/1f2gSe\"\u003em.tmi.me/1f2gSe\u003c/a\u003e\n\u003c/div\u003e"}
{"_id":{"$oid":"57b1ed097fea4b73228c05d1"},"username":"RickyAries21","index":2340,"data_id":"/RickyAries21/status/583553098666221569?p=v","url":"583553098666221569","time_tweet":"2 Apr 15","text_tweet":"Pengasapan Anti DBD instagram.com/p/093FvSNzwM/","original_tweet":"\u003cdiv class=\"dir-ltr\" dir=\"ltr\"\u003e  Pengasapan Anti \u003cspan class=\"twitter-hit-highlight\"\u003eDBD\u003c/span\u003e \u003ca href=\"https://t.co/8ECLDfnXtz\" rel=\"nofollow\" dir=\"ltr\" data-expanded-url=\"https://instagram.com/p/093FvSNzwM/\" data-url=\"https://instagram.com/p/093FvSNzwM/\" class=\"twitter_external_link dir-ltr tco-link\" target=\"_blank\" title=\"https://instagram.com/p/093FvSNzwM/\"\u003einstagram.com/p/093FvSNzwM/\u003c/a\u003e\n\u003c/div\u003e"}
{"_id":{"$oid":"57b1ed097fea4b73228c05d2"},"username":"dandy_dwi1","index":2341,"data_id":"/dandy_dwi1/status/583544071966355456?p=v","url":"583544071966355456","time_tweet":"2 Apr 15","text_tweet":"Jambu biji, pepaya, jeruk, atau mangga yang kaya cairan baik dikonsumsi untuk membantu pemulihan saat demam berdarah.","original_tweet":"\u003cdiv class=\"dir-ltr\" dir=\"ltr\"\u003e  Jambu biji, pepaya, jeruk, atau mangga yang kaya cairan baik dikonsumsi untuk membantu pemulihan saat \u003cspan class=\"twitter-hit-highlight\"\u003edemam berdarah\u003c/span\u003e.\n\u003c/div\u003e"}
{"_id":{"$oid":"57b1ed107fea4b73228c05d3"},"username":"akuadalahdunia","index":2342,"data_id":"/akuadalahdunia/status/583543916021948417?p=v","url":"583543916021948417","time_tweet":"2 Apr 15","text_tweet":"Terhindar dari demam berdarah, Seorang ABG kini terserang demam korea","original_tweet":"\u003cdiv class=\"dir-ltr\" dir=\"ltr\"\u003e  Terhindar dari \u003cspan class=\"twitter-hit-highlight\"\u003edemam berdarah\u003c/span\u003e, Seorang ABG kini terserang demam korea\n\u003c/div\u003e"}
{"_id":{"$oid":"57b1ed107fea4b73228c05d4"},"username":"racheliaerika12","index":2343,"data_id":"/racheliaerika12/status/583543717434236928?p=v","url":"583543717434236928","time_tweet":"2 Apr 15","text_tweet":"DBD Lene ah HBD :D","original_tweet":"\u003cdiv class=\"dir-ltr\" dir=\"ltr\"\u003e  \u003cspan class=\"twitter-hit-highlight\"\u003eDBD\u003c/span\u003e Lene ah HBD :D\n\u003c/div\u003e"}
{"_id":{"$oid":"57b1ed097fea4b73228c05cb"},"username":"Cnnorsam","index":2334,"data_id":"/Cnnorsam/status/583589686905446400?p=v","url":"583589686905446400","time_tweet":"2 Apr 15","text_tweet":"Terhindar dr demam berdarah, Seorang ABG kini terserang demam Kpop","original_tweet":"\u003cdiv class=\"dir-ltr\" dir=\"ltr\"\u003e  Terhindar dr \u003cspan class=\"twitter-hit-highlight\"\u003edemam berdarah\u003c/span\u003e, Seorang ABG kini terserang demam Kpop\n\u003c/div\u003e"}
{"_id":{"$oid":"57b1ed097fea4b73228c05cc"},"username":"RakyatBekasiCom","index":2335,"data_id":"/RakyatBekasiCom/status/583585204175966208?p=v","url":"583585204175966208","time_tweet":"2 Apr 15","text_tweet":"Puluhan Warga Positif DBD, Dinas Kesehatan Kabupaten Bekasi Belum Juga Bertindak ‚Äì Berita Bekasi Online - bit.ly/1EJKS0c","original_tweet":"\u003cdiv class=\"dir-ltr\" dir=\"ltr\"\u003e  Puluhan Warga Positif \u003cspan class=\"twitter-hit-highlight\"\u003eDBD\u003c/span\u003e, Dinas Kesehatan Kabupaten Bekasi Belum Juga Bertindak ‚Äì Berita Bekasi Online - \u003ca href=\"http://t.co/aMArlT6L6P\" rel=\"nofollow\" dir=\"ltr\" data-expanded-url=\"http://bit.ly/1EJKS0c\" data-url=\"http://bit.ly/1EJKS0c\" class=\"twitter_external_link dir-ltr tco-link\" target=\"_blank\" title=\"http://bit.ly/1EJKS0c\"\u003ebit.ly/1EJKS0c\u003c/a\u003e\n\u003c/div\u003e"}
{"_id":{"$oid":"57b1ed107fea4b73228c05d8"},"username":"dineke_DBD","index":2347,"data_id":"/dineke_DBD/status/583537447662817281?p=v","url":"583537447662817281","time_tweet":"2 Apr 15","text_tweet":"Selamatsiang;;)","original_tweet":"\u003cdiv class=\"dir-ltr\" dir=\"ltr\"\u003e  Selamatsiang;;)\n\u003c/div\u003e"}
{"_id":{"$oid":"57b1ed107fea4b73228c05d9"},"username":"dineke_DBD","index":2348,"data_id":"/dineke_DBD/status/583537402737635328?p=v","url":"583537402737635328","time_tweet":"2 Apr 15","text_tweet":"Yuhuuuu","original_tweet":"\u003cdiv class=\"dir-ltr\" dir=\"ltr\"\u003e  Yuhuuuu\n\u003c/div\u003e"}
{"_id":{"$oid":"57b1ed107fea4b73228c05da"},"username":"Lemsky","index":2349,"data_id":"/Lemsky/status/583536577256665090?p=v","url":"583536577256665090","time_tweet":"2 Apr 15","text_tweet":"Daun Ubi Jalar Mampu Atasi Demam Berdarah postline.tv/48051/daun-ubi‚Ä¶ #infokesehatan #demamberdarah #daunubi","original_tweet":"\u003cdiv class=\"dir-ltr\" dir=\"ltr\"\u003e  Daun Ubi Jalar Mampu Atasi \u003cspan class=\"twitter-hit-highlight\"\u003eDemam Berdarah\u003c/span\u003e \u003ca href=\"http://t.co/k0ff901nqp\" rel=\"nofollow\" dir=\"ltr\" data-expanded-url=\"http://postline.tv/48051/daun-ubi-jalar-mampu-atasi-demam-berdarah\" data-url=\"http://postline.tv/48051/daun-ubi-jalar-mampu-atasi-demam-berdarah\" class=\"twitter_external_link dir-ltr tco-link\" target=\"_blank\" title=\"http://postline.tv/48051/daun-ubi-jalar-mampu-atasi-demam-berdarah\"\u003epostline.tv/48051/daun-ubi‚Ä¶\u003c/a\u003e \u003ca href=\"/hashtag/infokesehatan?src=hash\" data-query-source=\"hashtag_click\" class=\"twitter-hashtag dir-ltr\" dir=\"ltr\"\u003e#infokesehatan\u003c/a\u003e \u003ca href=\"/hashtag/demamberdarah?src=hash\" data-query-source=\"hashtag_click\" class=\"twitter-hashtag dir-ltr\" dir=\"ltr\"\u003e#demamberdarah\u003c/a\u003e \u003ca href=\"/hashtag/daunubi?src=hash\" data-query-source=\"hashtag_click\" class=\"twitter-hashtag dir-ltr\" dir=\"ltr\"\u003e#daunubi\u003c/a\u003e\n\u003c/div\u003e"}
{"_id":{"$oid":"57b1ed107fea4b73228c05db"},"username":"agus_salam93","index":2350,"data_id":"/agus_salam93/status/583534516116955136?p=v","url":"583534516116955136","time_tweet":"2 Apr 15","text_tweet":"Obat Tradisional Demam Berdarah: youtu.be/l5vuMEsoTLc via @YouTube","original_tweet":"\u003cdiv class=\"dir-ltr\" dir=\"ltr\"\u003e  Obat Tradisional \u003cspan class=\"twitter-hit-highlight\"\u003eDemam Berdarah\u003c/span\u003e: \u003ca href=\"https://t.co/XANbR2OyyI\" rel=\"nofollow\" dir=\"ltr\" data-expanded-url=\"https://youtu.be/l5vuMEsoTLc\" data-url=\"https://youtu.be/l5vuMEsoTLc\" class=\"twitter_external_link dir-ltr tco-link\" target=\"_blank\" title=\"https://youtu.be/l5vuMEsoTLc\"\u003eyoutu.be/l5vuMEsoTLc\u003c/a\u003e via \u003ca href=\"/YouTube\" class=\"twitter-atreply dir-ltr\" dir=\"ltr\" data-mentioned-user-id=\"10228272\" data-screenname=\"YouTube\"\u003e@YouTube\u003c/a\u003e\n\u003c/div\u003e"}
{"_id":{"$oid":"57b1ed107fea4b73228c05dc"},"username":"susanti4life","index":2351,"data_id":"/susanti4life/status/583534140097568768?p=v","url":"583534140097568768","time_tweet":"2 Apr 15","text_tweet":"Waspada DBD pergantian musim, jaga kebersihan dan pastikan daya tahan tubuh terjaga","original_tweet":"\u003cdiv class=\"dir-ltr\" dir=\"ltr\"\u003e  Waspada \u003cspan class=\"twitter-hit-highlight\"\u003eDBD\u003c/span\u003e pergantian musim, jaga kebersihan dan pastikan daya tahan tubuh terjaga\n\u003c/div\u003e"}
{"_id":{"$oid":"57b1ed107fea4b73228c05dd"},"username":"FeminaMagazine","index":2352,"data_id":"/FeminaMagazine/status/583531962939351040?p=v","url":"583531962939351040","time_tweet":"2 Apr 15","text_tweet":"Apa beda Demam Dengue dengan Demam Berdarah Dengue? Tahukah Anda, istilah akut berbeda arti dengan kronis? #femina baru","original_tweet":"\u003cdiv class=\"dir-ltr\" dir=\"ltr\"\u003e  Apa beda Demam Dengue dengan \u003cspan class=\"twitter-hit-highlight\"\u003eDemam Berdarah\u003c/span\u003e Dengue? Tahukah Anda, istilah akut berbeda arti dengan kronis? \u003ca href=\"/hashtag/femina?src=hash\" data-query-source=\"hashtag_click\" class=\"twitter-hashtag dir-ltr\" dir=\"ltr\"\u003e#femina\u003c/a\u003e baru\n\u003c/div\u003e"}
{"_id":{"$oid":"57b1ed107fea4b73228c05de"},"username":"mengingatcepat","index":2353,"data_id":"/mengingatcepat/status/583525465798930432?p=v","url":"583525465798930432","time_tweet":"2 Apr 15","text_tweet":"kandungan mineral tembaga dlm Jambu merah dpt meningkatkan kadar trombosit dlm darah shg sering digunakan utk pengobatan demam berdarah #I","original_tweet":"\u003cdiv class=\"dir-ltr\" dir=\"ltr\"\u003e  kandungan mineral tembaga dlm Jambu merah dpt meningkatkan kadar trombosit dlm darah shg sering digunakan utk pengobatan \u003cspan class=\"twitter-hit-highlight\"\u003edemam berdarah\u003c/span\u003e   \u003ca href=\"/hashtag/I?src=hash\" data-query-source=\"hashtag_click\" class=\"twitter-hashtag dir-ltr\" dir=\"ltr\"\u003e#I\u003c/a\u003e\n\u003c/div\u003e"}
{"_id":{"$oid":"57b1ed107fea4b73228c05d5"},"username":"infojatim","index":2344,"data_id":"/infojatim/status/583538945977290752?p=v","url":"583538945977290752","time_tweet":"2 Apr 15","text_tweet":"DBD Renggut Lima Nyawa Di Malang - Suara Pembaruan goo.gl/fb/FV7KLS #Malang","original_tweet":"\u003cdiv class=\"dir-ltr\" dir=\"ltr\"\u003e  \u003cspan class=\"twitter-hit-highlight\"\u003eDBD\u003c/span\u003e Renggut Lima Nyawa Di Malang - Suara Pembaruan \u003ca href=\"http://t.co/rBfzGv0QwG\" rel=\"nofollow\" dir=\"ltr\" data-expanded-url=\"http://goo.gl/fb/FV7KLS\" data-url=\"http://goo.gl/fb/FV7KLS\" class=\"twitter_external_link dir-ltr tco-link\" target=\"_blank\" title=\"http://goo.gl/fb/FV7KLS\"\u003egoo.gl/fb/FV7KLS\u003c/a\u003e \u003ca href=\"/hashtag/Malang?src=hash\" data-query-source=\"hashtag_click\" class=\"twitter-hashtag dir-ltr\" dir=\"ltr\"\u003e#Malang\u003c/a\u003e\n\u003c/div\u003e"}
{"_id":{"$oid":"57b1ed107fea4b73228c05d6"},"username":"asyafawi99","index":2345,"data_id":"/asyafawi99/status/583538866105135105?p=v","url":"583538866105135105","time_tweet":"2 Apr 15","text_tweet":"@CeritaBekasi lagian, Musim ujan pade ng'jomblo, Betah emen idup sendiri. Pantes kena DBD :D Hee","original_tweet":"\u003cdiv class=\"dir-ltr\" dir=\"ltr\"\u003e  \u003ca href=\"/CeritaBekasi\" class=\"twitter-atreply dir-ltr\" dir=\"ltr\" data-mentioned-user-id=\"1034270042\" data-screenname=\"CeritaBekasi\"\u003e@CeritaBekasi\u003c/a\u003e lagian, Musim ujan pade ng'jomblo, Betah emen idup sendiri. Pantes kena \u003cspan class=\"twitter-hit-highlight\"\u003eDBD\u003c/span\u003e :D Hee\n\u003c/div\u003e"}
{"_id":{"$oid":"57b1ed107fea4b73228c05d7"},"username":"infomaduraID","index":2346,"data_id":"/infomaduraID/status/583538452827734017?p=v","url":"583538452827734017","time_tweet":"2 Apr 15","text_tweet":"Tiga Bulan, 280 Warga Di PamekasanTerserang DBD bit.ly/1BPQuiq","original_tweet":"\u003cdiv class=\"dir-ltr\" dir=\"ltr\"\u003e  Tiga Bulan, 280 Warga Di PamekasanTerserang \u003cspan class=\"twitter-hit-highlight\"\u003eDBD\u003c/span\u003e \u003ca href=\"http://t.co/0hVcx2WmOP\" rel=\"nofollow\" dir=\"ltr\" data-expanded-url=\"http://bit.ly/1BPQuiq\" data-url=\"http://bit.ly/1BPQuiq\" class=\"twitter_external_link dir-ltr tco-link\" target=\"_blank\" title=\"http://bit.ly/1BPQuiq\"\u003ebit.ly/1BPQuiq\u003c/a\u003e\n\u003c/div\u003e"}
