{"_id":{"$oid":"57d7c2707fea4b17a9684c0f"},"LOC":"jakarta timur","district":"kabupaten","text_tweet":"ya ampun penderita/CON dbd di jakarta/LOC timur/LOC capai 228/NUM orang","NUM":228,"url_duplicate":["/RMOLJakarta/status/578846738611458048?p=v"],"time":"20 Mar 15","ORG":[],"entity_position":{"ya":[0],"jakarta":[5],"penderita":[2],"timur":[6],"228":[8]},"id":"578846738611458048","CON":["penderita"]}
{"_id":{"$oid":"57d7c2707fea4b17a9684c10"},"LOC":"wonogiri","district":"kabupaten","text_tweet":"kasus dbd di wonogiri/LOC renggut/CON 4/NUM nyawa wonogiri/LOC sejak maret 2015 ditemukan setidak em","NUM":4,"url_duplicate":["/just_cahyaadi/status/573467796199223298?p=v","/just_cahyaadi/status/573467796199223298?p=v","/InfoTimlo/status/573499681793122304?p=v","/kabartimlo/status/573473114463428608?p=v","/solobanget/status/573507569341235200?p=v"],"time":"5 Mar 15","ORG":[],"entity_position":{"renggut":[4],"wonogiri":[3,7],"4":[5],"ditemukan":[11]},"id":"573467796199223298","CON":["renggut"]}
{"_id":{"$oid":"57d7c2717fea4b17a9684c11"},"LOC":"gundih","district":"desa","text_tweet":"1/NUM anak umur 6/NUM warga gundih/LOC pasar turi surabaya terkena/CON demam berdarah harap waspada di lakukan penyemprotan","NUM":6,"url_duplicate":["/mulyono_85802/status/582523720629035008?p=v"],"time":"30 Mar 15","ORG":[],"entity_position":{"surabaya":[8],"terkena":[9],"gundih":[5],"lakukan":[15],"1":[0],"turi":[7],"6":[3],"umur":[2]},"id":"582523720629035008","CON":["terkena"]}
{"_id":{"$oid":"57d7c2717fea4b17a9684c12"},"LOC":"pelalawan","district":"kabupaten","text_tweet":"terus meningkat 16/NUM warga pelalawan/LOC terkena/CON dbd hallo riau/LOC","NUM":16,"url_duplicate":["/info_Bengkalis/status/579587855082594304?p=v","/infoRIAU/status/579587842587803649?p=v"],"time":"22 Mar 15","ORG":[],"entity_position":{"pelalawan":[4],"terkena":[5],"terus":[0],"riau":[8],"16":[2]},"id":"579587855082594304","CON":["terkena"]}
{"_id":{"$oid":"57d7c2717fea4b17a9684c13"},"LOC":"riau","district":"desa","text_tweet":"terus meningkat 16/NUM warga pelalawan/LOC terkena/CON dbd hallo riau/LOC","NUM":16,"url_duplicate":["/info_Bengkalis/status/579587855082594304?p=v"],"time":"22 Mar 15","ORG":[],"entity_position":{"pelalawan":[4],"terkena":[5],"terus":[0],"riau":[8],"16":[2]},"id":"579587855082594304","CON":["terkena"]}
{"_id":{"$oid":"57d7c2727fea4b17a9684c14"},"LOC":"pekanbaru","district":"kabupaten","text_tweet":"terus bertambah sepanjang 2015 kasus dbd di pekanbaru/LOC capai 285/NUM penderita/CON pekanbaru/LOC memasuki maret 2015","NUM":285,"url_duplicate":["/SpiritRiau/status/572678443902476289?p=v","/SpiritRiau/status/572678443902476289?p=v","/infoRIAU/status/572888448287129600?p=v","/detikriau/status/572884748525293568?p=v"],"time":"3 Mar 15","ORG":[],"entity_position":{"pekanbaru":[7,11],"285":[9],"penderita":[10],"terus":[0],"bertambah":[1]},"id":"572678443902476289","CON":["penderita"]}
{"_id":{"$oid":"57d7c2727fea4b17a9684c15"},"LOC":"pekanbaru","district":"kabupaten","text_tweet":"terus bertambah penderita/CON dbd di pekanbaru/LOC 293/NUM orang halloriau","NUM":293,"url_duplicate":["/infoRIAU/status/575244050074234880?p=v","/info_Bengkalis/status/575244200028975104?p=v","/detikriau/status/575243788467183617?p=v","/infoPekanbaru/status/575249839694413824?p=v","/BeritaHarianPKU/status/575463318443307009?p=v","/PortalPekanbaru/status/575217670448017409?p=v","/info_Bengkalis/status/575211077870333952?p=v","/halo_pku/status/575224122642300928?p=v","/info_Bengkalis/status/575211077870333952?p=v","/halo_pku/status/575224122642300928?p=v"],"time":"10 Mar 15","ORG":[],"entity_position":{"pekanbaru":[5],"terus":[0],"bertambah":[1],"penderita":[2],"halloriau":[8],"293":[6]},"id":"575244050074234880","CON":["penderita"]}
{"_id":{"$oid":"57d7c2727fea4b17a9684c16"},"LOC":"riau","district":"desa","text_tweet":"terus bertambah penderita/CON dbd di pekanbaru/LOC 293/NUM orang hallo riau/LOC","NUM":293,"url_duplicate":["/info_Bengkalis/status/575244200028975104?p=v"],"time":"10 Mar 15","ORG":[],"entity_position":{"hallo":[8],"riau":[9],"pekanbaru":[5],"terus":[0],"bertambah":[1],"penderita":[2],"293":[6]},"id":"575244200028975104","CON":["penderita"]}
{"_id":{"$oid":"57d7c2737fea4b17a9684c17"},"LOC":"pekanbaru","district":"kabupaten","text_tweet":"korban/CON terus bertambah kasus dbd di pekanbaru/LOC capai 285/NUM penderita/CON","NUM":285,"url_duplicate":["/inilah_ID/status/572657122464292864?p=v","/orota9/status/572619554406473728?p=v"],"time":"2 Mar 15","ORG":[],"entity_position":{"pekanbaru":[6],"terus":[1],"bertambah":[2],"penderita":[9],"korban":[0],"285":[8]},"id":"572657122464292864","CON":["penderita","korban"]}
{"_id":{"$oid":"57d7c2737fea4b17a9684c18"},"LOC":"jakarta barat","district":"kabupaten","text_tweet":"via 88/NUM warga terkena dbd selama januari februari di jakbar suku dinas/ORG kesehatan jakarta/LOC barat/LOC mengim","NUM":88,"url_duplicate":["/amiralicia/status/574444295777742849?p=v"],"time":"7 Mar 15","ORG":["dinas"],"entity_position":{"terkena":[3],"jakarta":[13],"barat":[14],"dinas":[11],"88":[1],"jakbar":[9],"suku":[10],"selama":[5]},"id":"574444295777742849","CON":[]}
{"_id":{"$oid":"57d7c2747fea4b17a9684c19"},"LOC":"sumenep","district":"kabupaten","text_tweet":"590/NUM pasien dbd di sumenep/LOC 6/NUM orang meninggal/CON jumlah penderita/CON demam berdarah dengue dbd di sumenep/LOC","NUM":6,"url_duplicate":["/surabayasatu/status/572341114654470145?p=v","/surabayasatu/status/572341114654470145?p=v","/jatimnews/status/572398738850877441?p=v"],"time":"2 Mar 15","ORG":[],"entity_position":{"590":[0],"meninggal":[7],"penderita":[9],"sumenep":[4,15],"6":[5]},"id":"572341114654470145","CON":["meninggal","penderita"]}
{"_id":{"$oid":"57d7c2747fea4b17a9684c1a"},"LOC":"sumenep","district":"kabupaten","text_tweet":"beritasatu 8/NUM orang tewas/CON akibat dbd di sumenep/LOC","NUM":8,"url_duplicate":["/BeritaIndonesa/status/572575854720499713?p=v"],"time":"2 Mar 15","ORG":[],"entity_position":{"8":[1],"sumenep":[7],"tewas":[3]},"id":"572575854720499713","CON":["tewas"]}
{"_id":{"$oid":"57d7c2747fea4b17a9684c1b"},"LOC":"sumedang","district":"kabupaten","text_tweet":"sumedang/LOC 4/NUM orang meninggal/CON akibat dbd sumedang/LOC prlm sejak januari","NUM":4,"url_duplicate":["/pikiran_rakyat/status/575299640859365378?p=v","/pikiran_rakyat/status/575299640859365378?p=v","/pikiran_rakyat/status/575298664593104896?p=v","/Jatinangorku/status/575507589141827584?p=v","/sumedangUPDATE/status/575301301950513152?p=v","/dian_terang/status/575305383918465024?p=v","/TMIPb2010Unpad/status/575521955715153920?p=v","/ADSRadioFM/status/575445217790181376?p=v"],"time":"10 Mar 15","ORG":[],"entity_position":{"meninggal":[3],"sumedang":[0,6],"4":[1]},"id":"575299640859365378","CON":["meninggal"]}
{"_id":{"$oid":"57d7c2757fea4b17a9684c1c"},"LOC":"subang","district":"kabupaten","text_tweet":"foto wabah dbd di kabupaten/ORG subang/LOC 3/NUM orang meninggal/CON dunia see more at","NUM":3,"url_duplicate":["/Sepakbolabdg/status/575701519405809665?p=v","/mahirdesain/status/575601417823498240?p=v","/fei_48/status/575602137016573952?p=v","/theglobalinfo/status/575599267366092800?p=v","/bagibagipagi/status/575601051807563776?p=v","/bdgnewsphoto/status/575675580571512832?p=v"],"time":"11 Mar 15","ORG":["kabupaten"],"entity_position":{"subang":[5],"kabupaten":[4],"meninggal":[8],"see":[10],"3":[6],"dunia":[9]},"id":"575701519405809665","CON":["meninggal"]}
{"_id":{"$oid":"57d7c2757fea4b17a9684c1d"},"LOC":"penyak","district":"desa","text_tweet":"3/NUM orang meninggal/CON akibat demam berdarah subang/LOC prlm 3/NUM orang meninggal/CON dunia akibat serangan penyak/LOC","NUM":3,"url_duplicate":["/mahirdesain/status/575601417823498240?p=v","/fei_48/status/575602137016573952?p=v","/theglobalinfo/status/575599267366092800?p=v"],"time":"11 Mar 15","ORG":[],"entity_position":{"penyak":[14],"meninggal":[2,10],"3":[0,8],"subang":[6],"dunia":[11]},"id":"575601417823498240","CON":["meninggal"]}
{"_id":{"$oid":"57d7c2767fea4b17a9684c1e"},"LOC":"subang","district":"kabupaten","text_tweet":"sebulan penderita/CON dbd di kabupaten/ORG subang/LOC 200/NUM orang","NUM":200,"url_duplicate":["/inpojabar/status/572271663640940544?p=v","/inpojabar/status/572237996034011136?p=v","/inpojabar/status/572009984587902976?p=v","/inpojabar/status/572184422855921664?p=v","/inpojabar/status/572202041101168640?p=v","/inpojabar/status/572106193403039744?p=v","/inpojabar/status/572065432540200961?p=v","/inpojabar/status/571956321781727233?p=v","/inpojabar/status/571973952517632000?p=v"],"time":"1 Mar 15","ORG":["kabupaten"],"entity_position":{"200":[6],"penderita":[1],"subang":[5],"kabupaten":[4]},"id":"572271663640940544","CON":["penderita"]}
{"_id":{"$oid":"57d7c2767fea4b17a9684c1f"},"LOC":"sragen","district":"kabupaten","text_tweet":"dbd sragen/LOC januari februari 2015 dbd serang/CON 140/NUM orang","NUM":140,"url_duplicate":["/soloposdotcom/status/572825286519197697?p=v","/InfoSeJogja/status/572823896401047552?p=v"],"time":"3 Mar 15","ORG":[],"entity_position":{"sragen":[1],"serang":[6],"140":[7]},"id":"572825286519197697","CON":["serang"]}
{"_id":{"$oid":"57d7c2767fea4b17a9684c20"},"LOC":"sleman","district":"kabupaten","text_tweet":"demam berdarah 4/NUM warga sleman/LOC meninggal/CON karena dbd via harjo","NUM":4,"url_duplicate":["/BeritaSleman/status/577480523724947456?p=v","/IniSleman/status/577467686872989696?p=v"],"time":"16 Mar 15","ORG":[],"entity_position":{"sleman":[4],"meninggal":[5],"4":[2],"harjo":[9]},"id":"577480523724947456","CON":["meninggal"]}
{"_id":{"$oid":"57d7c2767fea4b17a9684c21"},"LOC":"sleman","district":"kabupaten","text_tweet":"tribun jogja 161/NUM kasus dbd terjadi di sleman/LOC dalam 2 bulan","NUM":161,"url_duplicate":["/IniSleman/status/573431506133086209?p=v","/sonorajogja/status/573428893123657730?p=v","/iLoveSleman/status/573731385199849472?p=v"],"time":"5 Mar 15","ORG":[],"entity_position":{"sleman":[7],"2":[9],"161":[2]},"id":"573431506133086209","CON":[]}
{"_id":{"$oid":"57d7c2777fea4b17a9684c22"},"LOC":"serongga","district":"desa","text_tweet":"setya novanto di serongga/LOC kasus dbd naik jadi 9/NUM kasus diakuinya dibanding korupsi","NUM":9,"url_duplicate":["/NyataBerita/status/572203935894781952?p=v","/banjarmasinpost/status/572205029341470720?p=v","/kabarutama/status/572207796197842944?p=v"],"time":"1 Mar 15","ORG":[],"entity_position":{"serongga":[3],"9":[8],"dibanding":[11],"diakuinya":[10],"naik":[6]},"id":"572203935894781952","CON":[]}
{"_id":{"$oid":"57d7c2777fea4b17a9684c23"},"LOC":"pekanbaru","district":"kabupaten","text_tweet":"seminggu penderita/CON dbd di pekanbaru/LOC bertambah 15/NUM orang","NUM":15,"url_duplicate":["/inhusatucom/status/578280713499353088?p=v","/detikriau/status/578117513415774208?p=v"],"time":"18 Mar 15","ORG":[],"entity_position":{"pekanbaru":[4],"seminggu":[0],"15":[6],"penderita":[1],"bertambah":[5]},"id":"578280713499353088","CON":["penderita"]}
{"_id":{"$oid":"57d7c2777fea4b17a9684c24"},"LOC":"riau","district":"desa","text_tweet":"seminggu penderita/CON dbd bertambah 15/NUM orang hallo riau/LOC","NUM":15,"url_duplicate":["/info_Bengkalis/status/578160232385265664?p=v"],"time":"18 Mar 15","ORG":[],"entity_position":{"hallo":[6],"15":[4],"riau":[7],"penderita":[1],"bertambah":[3],"seminggu":[0]},"id":"578160232385265664","CON":["penderita"]}
{"_id":{"$oid":"57d7c2777fea4b17a9684c25"},"LOC":"klaten","district":"kabupaten","text_tweet":"solopostv selama 2015 15/NUM warga klaten/LOC meninggal/CON karena demam","NUM":15,"url_duplicate":["/soloposdotcom/status/580352588341583872?p=v"],"time":"24 Mar 15","ORG":[],"entity_position":{"meninggal":[6],"15":[3],"selama":[1],"klaten":[5]},"id":"580352588341583872","CON":["meninggal"]}
{"_id":{"$oid":"57d7c2787fea4b17a9684c26"},"LOC":"sampang","district":"kabupaten","text_tweet":"wabah dbd di sampang/LOC 2/NUM anak meninggal/CON di jember 7 beritasatu","NUM":2,"url_duplicate":["/infojatim/status/574622703035899904?p=v","/infojatim/status/574702662253334528?p=v"],"time":"8 Mar 15","ORG":[],"entity_position":{"meninggal":[6],"2":[4],"7":[9],"sampang":[3],"jember":[8]},"id":"574622703035899904","CON":["meninggal"]}
{"_id":{"$oid":"57d7c2787fea4b17a9684c27"},"LOC":"tanggamus","district":"kabupaten","text_tweet":"sampai akhir februari ada 37/NUM kasus dbd di tanggamus/LOC dinas/ORG kesehatan tanggamus/LOC mengaku","NUM":37,"url_duplicate":["/Media_Lampung/status/571984034663813120?p=v","/Jateng_Today/status/572014986488250368?p=v","/CeritaLampung/status/571986288313671680?p=v"],"time":"1 Mar 15","ORG":["dinas"],"entity_position":{"tanggamus":[8,11],"37":[4],"mengaku":[12],"dinas":[9],"ada":[3],"sampai":[0]},"id":"571984034663813120","CON":[]}
{"_id":{"$oid":"57d7c27a7fea4b17a9684c28"},"LOC":"rembang","district":"kabupaten","text_tweet":"rembang/LOC temukan 10/NUM kasus dbdpasien kasus demam berdarah dengue di wilayah puskesmas/ORG rembang/LOC 2 p","NUM":10,"url_duplicate":["/InfoRembang/status/577803577336303617?p=v","/_kakilangit/status/577805737608392704?p=v"],"time":"17 Mar 15","ORG":["puskesmas"],"entity_position":{"10":[2],"puskesmas":[11],"wilayah":[10],"p":[14],"dbdpasien":[4],"temukan":[1],"2":[13],"rembang":[0,12]},"id":"577803577336303617","CON":[]}
{"_id":{"$oid":"57d7c27a7fea4b17a9684c29"},"LOC":"bantul","district":"kabupaten","text_tweet":"ratusan kasus dbd terjadi di bantul/LOC 7/NUM meninggal/CON dunia solopos","NUM":7,"url_duplicate":["/Jogja_Today/status/580581413604462593?p=v","/infobantul/status/580539291262124032?p=v"],"time":"24 Mar 15","ORG":[],"entity_position":{"meninggal":[7],"bantul":[5],"dunia":[8],"7":[6],"ratusan":[0]},"id":"580581413604462593","CON":["meninggal"]}
{"_id":{"$oid":"57d7c27b7fea4b17a9684c2a"},"LOC":"purwakarta","district":"kabupaten","text_tweet":"2/NUM warga purwakarta/LOC meninggal/CON akibat dbd inilahcom purwakarta/LOC kasus demam berdarah dengue dbd di kabupa","NUM":2,"url_duplicate":["/mahirdesain/status/577769034487193601?p=v","/mahirdesain/status/577769034487193601?p=v"],"time":"17 Mar 15","ORG":[],"entity_position":{"meninggal":[3],"2":[0],"kabupa":[14],"purwakarta":[2,7]},"id":"577769034487193601","CON":["meninggal"]}
{"_id":{"$oid":"57d7c27b7fea4b17a9684c2b"},"LOC":"purwakarta","district":"kabupaten","text_tweet":"2/NUM tewas/CON digigit nyamuk dbd di purwakarta/LOC poskotanews","NUM":2,"url_duplicate":["/areapurwakarta/status/577472865957732352?p=v","/inpojabar/status/577552600066859008?p=v","/inpojabar/status/577690503967334400?p=v"],"time":"16 Mar 15","ORG":[],"entity_position":{"tewas":[1],"2":[0],"purwakarta":[6]},"id":"577472865957732352","CON":["tewas"]}
{"_id":{"$oid":"57d7c27b7fea4b17a9684c2c"},"LOC":"puluhan","district":"desa","text_tweet":"serang/CON puluhan/LOC warga di lebak/LOC 1/NUM orang meninggal/CON","NUM":1,"url_duplicate":["/restigustiawani/status/582733362747428864?p=v"],"time":"30 Mar 15","ORG":[],"entity_position":{"lebak":[4],"1":[5],"serang":[0],"puluhan":[1],"meninggal":[7]},"id":"582733362747428864","CON":["meninggal","serang"]}
{"_id":{"$oid":"57d7c27b7fea4b17a9684c2d"},"LOC":"lebak","district":"kabupaten","text_tweet":"serang/CON puluhan/LOC warga di lebak/LOC 1/NUM orang meninggal/CON","NUM":1,"url_duplicate":["/restigustiawani/status/582733362747428864?p=v","/Banten_News/status/582572448379379712?p=v","/Harianterbit_/status/582553176060108801?p=v"],"time":"30 Mar 15","ORG":[],"entity_position":{"lebak":[4],"1":[5],"serang":[0],"puluhan":[1],"meninggal":[7]},"id":"582733362747428864","CON":["meninggal","serang"]}
{"_id":{"$oid":"57d7c27b7fea4b17a9684c2e"},"LOC":"garut","district":"kabupaten","text_tweet":"pola hidup gak bersih 7/NUM warga di garut/LOC kena/CON dbd","NUM":7,"url_duplicate":["/fokusjabar/status/579615781404590081?p=v","/CiamisZone/status/579624806934388737?p=v","/kotapurwakarta/status/579615676060475394?p=v","/GarutIklan/status/579632351166238720?p=v","/denypatah/status/579615751641796608?p=v"],"time":"22 Mar 15","ORG":[],"entity_position":{"kena":[8],"hidup":[1],"garut":[7],"7":[4],"bersih":[3],"pola":[0]},"id":"579615781404590081","CON":["kena"]}
{"_id":{"$oid":"57d7c27b7fea4b17a9684c2f"},"LOC":"penajam","district":"kecamatan","text_tweet":"penajam/LOC data 118/NUM kasus dbd periode januari maret penderita/CON demam berdarah dengue dbd terdata","NUM":118,"url_duplicate":["/KaltimBerita/status/578178829534941184?p=v"],"time":"18 Mar 15","ORG":[],"entity_position":{"penderita":[8],"penajam":[0],"118":[2]},"id":"578178829534941184","CON":["penderita"]}
{"_id":{"$oid":"57d7c27c7fea4b17a9684c30"},"LOC":"pelalawan","district":"kabupaten","text_tweet":"duh 16/NUM warga pelalawan/LOC terkena/CON dbd hallo riau/LOC","NUM":16,"url_duplicate":["/info_Bengkalis/status/582496008619216897?p=v"],"time":"30 Mar 15","ORG":[],"entity_position":{"terkena":[4],"pelalawan":[3],"riau":[7],"16":[1]},"id":"582496008619216897","CON":["terkena"]}
{"_id":{"$oid":"57d7c27c7fea4b17a9684c31"},"LOC":"riau","district":"desa","text_tweet":"duh 16/NUM warga pelalawan/LOC terkena/CON dbd hallo riau/LOC","NUM":16,"url_duplicate":["/info_Bengkalis/status/582496008619216897?p=v"],"time":"30 Mar 15","ORG":[],"entity_position":{"terkena":[4],"pelalawan":[3],"riau":[7],"16":[1]},"id":"582496008619216897","CON":["terkena"]}
{"_id":{"$oid":"57d7c27c7fea4b17a9684c32"},"LOC":"pelalawan","district":"kabupaten","text_tweet":"januari maret 16/NUM kasus dbd di pelalawan/LOC","NUM":16,"url_duplicate":["/detikriau/status/581034731871084544?p=v"],"time":"26 Mar 15","ORG":[],"entity_position":{"pelalawan":[6],"16":[2]},"id":"581034731871084544","CON":[]}
{"_id":{"$oid":"57d7c27c7fea4b17a9684c33"},"LOC":"pekanbaru","district":"kabupaten","text_tweet":"kasus dbd di pekanbaru/LOC capai 285/NUM penderita/CON pekanbaru/LOC goriau com hingga maret 2015","NUM":285,"url_duplicate":["/infoINHIL/status/573499454390542338?p=v","/infoINHIL/status/573499454390542338?p=v","/KaskusRiauRaya/status/573499428939542528?p=v","/infoPekanbaru/status/573510787186167808?p=v"],"time":"5 Mar 15","ORG":[],"entity_position":{"pekanbaru":[3,7],"penderita":[6],"285":[5]},"id":"573499454390542338","CON":["penderita"]}
{"_id":{"$oid":"57d7c27c7fea4b17a9684c34"},"LOC":"riau","district":"desa","text_tweet":"waduh demam berdarah di pekanbaru nyaris 300/NUM kasus bertuahpos portal berita bisnis informasi bisnis riau/LOC","NUM":300,"url_duplicate":["/mhd_iqbal21/status/575521830041186304?p=v"],"time":"10 Mar 15","ORG":[],"entity_position":{"pekanbaru":[4],"nyaris":[5],"300":[6],"riau":[14],"bertuahpos":[8]},"id":"575521830041186304","CON":[]}
{"_id":{"$oid":"57d7c27d7fea4b17a9684c35"},"LOC":"riau","district":"desa","text_tweet":"kasus dbd pekanbaru/LOC meningkat jadi 285/NUM kasus bertuahpos portal informasi riau/LOC","NUM":285,"url_duplicate":["/orota9/status/572619554406473728?p=v"],"time":"2 Mar 15","ORG":[],"entity_position":{"pekanbaru":[2],"285":[5],"riau":[10],"bertuahpos":[7]},"id":"572619554406473728","CON":[]}
{"_id":{"$oid":"57d7c27d7fea4b17a9684c36"},"LOC":"pekanbaru","district":"kabupaten","text_tweet":"dbd di pekanbaru/LOC capai angka 308/NUM kasus yang tersebar di 12 kecamatan riauaksi","NUM":308,"url_duplicate":["/infoRIAU/status/578059572012683264?p=v"],"time":"17 Mar 15","ORG":[],"entity_position":{"pekanbaru":[2],"308":[5],"12":[10],"angka":[4],"yang":[7]},"id":"578059572012683264","CON":[]}
{"_id":{"$oid":"57d7c27d7fea4b17a9684c37"},"LOC":"pekanbaru","district":"kabupaten","text_tweet":"dbd di pekanbaru/LOC capai 284/NUM kasus","NUM":284,"url_duplicate":["/Inforiau_Media/status/572977459131379713?p=v"],"time":"3 Mar 15","ORG":[],"entity_position":{"pekanbaru":[2],"284":[4]},"id":"572977459131379713","CON":[]}
{"_id":{"$oid":"57d7c27e7fea4b17a9684c38"},"LOC":"pasuruan","district":"kabupaten","text_tweet":"2/NUM warga pasuruan/LOC terjangkit/CON dbd 1/NUM tewas/CON beritajatim 2/NUM warga pasuruan/LOC terjangkit/CON dbd 1 tewasb","NUM":2,"url_duplicate":["/InfoPasuruan/status/578934002582626304?p=v","/InfoPasuruan/status/578934002582626304?p=v","/surabayasatu/status/578928380143222784?p=v","/surabayasatu/status/578928380143222784?p=v","/beritajatimcom/status/578924517994553344?p=v"],"time":"20 Mar 15","ORG":[],"entity_position":{"1":[5,13],"tewas":[6],"2":[0,8],"pasuruan":[2,10],"terjangkit":[3,11]},"id":"578934002582626304","CON":["tewas","terjangkit"]}
{"_id":{"$oid":"57d7c27e7fea4b17a9684c39"},"LOC":"pasuruan","district":"kabupaten","text_tweet":"2/NUM warga pasuruan/LOC terjangkit/CON dbd 1/NUM tewas/CON","NUM":2,"url_duplicate":["/beritajatimcom/status/578922987447025664?p=v"],"time":"20 Mar 15","ORG":[],"entity_position":{"1":[5],"tewas":[6],"2":[0],"pasuruan":[2],"terjangkit":[3]},"id":"578922987447025664","CON":["tewas","terjangkit"]}
{"_id":{"$oid":"57d7c27e7fea4b17a9684c3a"},"LOC":"pasaman","district":"kabupaten","text_tweet":"rsud/ORG pasaman/LOC rawat/CON 6/NUM orang pasien dbd kasus demam berdarah dangue dbd menye","NUM":6,"url_duplicate":["/Bukittinggi_Ku/status/575720705637019648?p=v"],"time":"11 Mar 15","ORG":["rsud"],"entity_position":{"dangue":[10],"menye":[12],"pasaman":[1],"rsud":[0],"rawat":[2],"6":[3]},"id":"575720705637019648","CON":["rawat"]}
{"_id":{"$oid":"57d7c27f7fea4b17a9684c3b"},"LOC":"palas","district":"kecamatan","text_tweet":"2/NUM warga palas/LOC positif terserang/CON dbd berita online lampung","NUM":2,"url_duplicate":["/LampostOnline/status/577839759466299392?p=v"],"time":"17 Mar 15","ORG":[],"entity_position":{"lampung":[8],"palas":[2],"2":[0],"terserang":[4]},"id":"577839759466299392","CON":["terserang"]}
{"_id":{"$oid":"57d7c27f7fea4b17a9684c3c"},"LOC":"kuningan","district":"kabupaten","text_tweet":"pagi temen2 theo kls 9/NUM dirawat/CON di rs/ORG mmc kuningan/LOC krn demam berdarah doakan ya utk kesembuhannya","NUM":9,"url_duplicate":["/RHKBPSudirman/status/575060312325402625?p=v"],"time":"9 Mar 15","ORG":["rs"],"entity_position":{"rs":[7],"dirawat":[5],"pagi":[0],"kuningan":[9],"9":[4],"mmc":[8]},"id":"575060312325402625","CON":["dirawat"]}
{"_id":{"$oid":"57d7c27f7fea4b17a9684c3d"},"LOC":"pacitan","district":"kabupaten","text_tweet":"di pacitan/LOC dan madiun/LOC jumlah pasien dbd menjadi 181/NUM orang suara pembaruan","NUM":181,"url_duplicate":["/infojatim/status/574708516398624768?p=v"],"time":"8 Mar 15","ORG":[],"entity_position":{"suara":[10],"pembaruan":[11],"181":[8],"madiun":[3],"pacitan":[1]},"id":"574708516398624768","CON":[]}
{"_id":{"$oid":"57d7c27f7fea4b17a9684c3e"},"LOC":"madiun","district":"kabupaten","text_tweet":"di pacitan/LOC dan madiun/LOC jumlah pasien dbd menjadi 181/NUM orang suara pembaruan","NUM":181,"url_duplicate":["/infojatim/status/574708516398624768?p=v"],"time":"8 Mar 15","ORG":[],"entity_position":{"suara":[10],"pembaruan":[11],"181":[8],"madiun":[3],"pacitan":[1]},"id":"574708516398624768","CON":[]}
{"_id":{"$oid":"57d7c27f7fea4b17a9684c3f"},"LOC":"bandung","district":"kabupaten","text_tweet":"mohon doa admin 1/NUM kena/CON dbd dirawat/CON n dirujuk bandung/LOC rs/ORG salamun tni au","NUM":1,"url_duplicate":["/info_purwakarta/status/581689153223405568?p=v"],"time":"27 Mar 15","ORG":["rs"],"entity_position":{"bandung":[9],"kena":[4],"rs":[10],"salamun":[11],"dirawat":[6],"n":[7],"1":[3],"au":[13]},"id":"581689153223405568","CON":["dirawat","kena"]}
{"_id":{"$oid":"57d7c27f7fea4b17a9684c40"},"LOC":"pekanbaru","district":"kabupaten","text_tweet":"masuki minggu 9 di tahun 2015 kasus dbd yang terjadi di pekanbaru/LOC meningkat 42/NUM kasus riauaksi","NUM":42,"url_duplicate":["/infoRIAU/status/572993570807787520?p=v","/infoPekanbaru/status/573010000349675520?p=v","/detikriau/status/572987925203439616?p=v","/_apdanbae/status/572893606010224640?p=v"],"time":"3 Mar 15","ORG":[],"entity_position":{"minggu":[1],"pekanbaru":[11],"42":[13],"tahun":[4],"9":[2],"riauaksi":[15],"yang":[8]},"id":"572993570807787520","CON":[]}
{"_id":{"$oid":"57d7c2817fea4b17a9684c41"},"LOC":"malang","district":"kabupaten","text_tweet":"dbd renggut/CON 5/NUM nyawa di malang/LOC suara pembaruan suara pembaruan dbd renggut/CON 5/NUM nyawa","NUM":5,"url_duplicate":["/MalangTercinta/status/583143156260147200?p=v","/SuaraPembaruan/status/583099519711072257?p=v"],"time":"31 Mar 15","ORG":[],"entity_position":{"renggut":[1,11],"pembaruan":[7,9],"malang":[5],"5":[2,12]},"id":"583143156260147200","CON":["renggut"]}
{"_id":{"$oid":"57d7c2817fea4b17a9684c42"},"LOC":"lubuklinggau","district":"kabupaten","text_tweet":"sepanjang januari 24/NUM kasus dbd intai/CON wargai lubuklinggau/LOC","NUM":24,"url_duplicate":["/MNCkoranSINDO/status/574967955026477059?p=v"],"time":"9 Mar 15","ORG":[],"entity_position":{"24":[2],"intai":[5],"lubuklinggau":[7]},"id":"574967955026477059","CON":["intai"]}
{"_id":{"$oid":"57d7c2817fea4b17a9684c43"},"LOC":"loa bakung","district":"desa","text_tweet":"kaltimberita 22/NUM warga loa/LOC bakung/LOC diserang/CON dbd samarinda/LOC","NUM":22,"url_duplicate":["/belengkaltim/status/573396529345638400?p=v","/samarinda/status/573394405895225344?p=v"],"time":"5 Mar 15","ORG":[],"entity_position":{"bakung":[4],"samarinda":[7],"loa":[3],"22":[1],"diserang":[5]},"id":"573396529345638400","CON":["diserang"]}
{"_id":{"$oid":"57d7c2817fea4b17a9684c44"},"LOC":"samarinda","district":"kabupaten","text_tweet":"kaltimberita 22/NUM warga loa/LOC bakung/LOC diserang/CON dbd samarinda/LOC","NUM":22,"url_duplicate":["/belengkaltim/status/573396529345638400?p=v"],"time":"5 Mar 15","ORG":[],"entity_position":{"bakung":[4],"samarinda":[7],"loa":[3],"22":[1],"diserang":[5]},"id":"573396529345638400","CON":["diserang"]}
{"_id":{"$oid":"57d7c2827fea4b17a9684c45"},"LOC":"lebak","district":"kabupaten","text_tweet":"kasus penderita/CON demam berdarah dengue di kabupaten/ORG lebak/LOC provinsi/ORG banten senin 303 mencapai 82/NUM orang da","NUM":82,"url_duplicate":["/lebaktoday/status/582850592755744768?p=v"],"time":"31 Mar 15","ORG":["provinsi","kabupaten"],"entity_position":{"kabupaten":[6],"lebak":[7],"da":[15],"penderita":[1],"banten":[9],"82":[13],"provinsi":[8],"senin":[10]},"id":"582850592755744768","CON":["penderita"]}
{"_id":{"$oid":"57d7c2827fea4b17a9684c46"},"LOC":"lebak","district":"kabupaten","text_tweet":"penderita/CON dbd di lebak/LOC capai 56/NUM orang 1 meninggal/CON dunia harian terbit","NUM":56,"url_duplicate":["/Banten_News/status/575545471940358144?p=v","/Suara_Banten/status/575540528495869952?p=v","/Harianterbit_/status/575354491828072448?p=v","/rljeuliet/status/575395481146159105?p=v"],"time":"10 Mar 15","ORG":[],"entity_position":{"terbit":[11],"lebak":[3],"meninggal":[8],"56":[5],"1":[7],"penderita":[0],"dunia":[9]},"id":"575545471940358144","CON":["meninggal","penderita"]}
{"_id":{"$oid":"57d7c2837fea4b17a9684c47"},"LOC":"pulau pandan","district":"desa","text_tweet":"akibat lambannya pertolongan 3/NUM pasien demam berdarah dengue dbd pulau/LOC pandan/LOC kota/ORG jambi/LOC menin","NUM":3,"url_duplicate":["/InfoP3nting/status/575051999105978370?p=v","/Berita9TV/status/574933368892063745?p=v","/suara_pamekasan/status/575122476079906816?p=v"],"time":"9 Mar 15","ORG":["kota"],"entity_position":{"pandan":[10],"pertolongan":[2],"pulau":[9],"3":[3],"jambi":[12],"lambannya":[1],"kota":[11]},"id":"575051999105978370","CON":[]}
{"_id":{"$oid":"57d7c2837fea4b17a9684c48"},"LOC":"jambi","district":"kabupaten","text_tweet":"akibat lambannya pertolongan 3/NUM pasien demam berdarah dengue dbd pulau/LOC pandan/LOC kota/ORG jambi/LOC menin","NUM":3,"url_duplicate":["/InfoP3nting/status/575051999105978370?p=v","/suara_pamekasan/status/575122476079906816?p=v"],"time":"9 Mar 15","ORG":["kota"],"entity_position":{"pandan":[10],"pertolongan":[2],"pulau":[9],"3":[3],"jambi":[12],"lambannya":[1],"kota":[11]},"id":"575051999105978370","CON":[]}
{"_id":{"$oid":"57d7c2857fea4b17a9684c49"},"LOC":"klaten","district":"kabupaten","text_tweet":"smnews 172/NUM warga klaten/LOC terjangkit/CON demam berdarah 12/NUM meninggal/CON","NUM":172,"url_duplicate":["/kla10_/status/579898569630429184?p=v"],"time":"22 Mar 15","ORG":[],"entity_position":{"meninggal":[8],"12":[7],"klaten":[3],"terjangkit":[4],"172":[1]},"id":"579898569630429184","CON":["meninggal","terjangkit"]}
{"_id":{"$oid":"57d7c2857fea4b17a9684c4a"},"LOC":"klaten","district":"kabupaten","text_tweet":"12/NUM meninggal/CON di klaten/LOC karena dbd","NUM":12,"url_duplicate":["/YogyaIstimewa/status/579973873774526464?p=v"],"time":"23 Mar 15","ORG":[],"entity_position":{"meninggal":[1],"12":[0],"klaten":[3]},"id":"579973873774526464","CON":["meninggal"]}
{"_id":{"$oid":"57d7c2857fea4b17a9684c4b"},"LOC":"kediri","district":"kabupaten","text_tweet":"radio andikadinas kesehatan kabupaten/ORG kediri/LOC mencatat 383/NUM orang terjangkit/CON demam berdarah tersebar","NUM":383,"url_duplicate":["/RadioANDIKA/status/575476074156417026?p=v"],"time":"10 Mar 15","ORG":["kabupaten"],"entity_position":{"383":[6],"kediri":[4],"kabupaten":[3],"terjangkit":[8]},"id":"575476074156417026","CON":["terjangkit"]}
{"_id":{"$oid":"57d7c2867fea4b17a9684c4c"},"LOC":"pacitan","district":"kabupaten","text_tweet":"jumlah penderita/CON dbd di pacitan/LOC capai 573/NUM orang","NUM":573,"url_duplicate":["/Pacitanku/status/580371324561915904?p=v"],"time":"24 Mar 15","ORG":[],"entity_position":{"573":[6],"penderita":[1],"jumlah":[0],"pacitan":[4]},"id":"580371324561915904","CON":["penderita"]}
{"_id":{"$oid":"57d7c2867fea4b17a9684c4d"},"LOC":"baubau","district":"kabupaten","text_tweet":"jumlah pasien dbd di rsud/ORG baubau/LOC menurun 27 13/NUM pasien","NUM":13,"url_duplicate":["/info_baubau/status/581855148571549696?p=v"],"time":"28 Mar 15","ORG":["rsud"],"entity_position":{"13":[8],"27":[7],"baubau":[5],"jumlah":[0],"rsud":[4]},"id":"581855148571549696","CON":[]}
{"_id":{"$oid":"57d7c2877fea4b17a9684c4e"},"LOC":"jakarta timur","district":"kabupaten","text_tweet":"3/NUM orang meninggal/CON akibat demam berdarah di jakarta/LOC timur/LOC ke3nya positif terkena/CON dbd meninggal/CON dunia","NUM":3,"url_duplicate":["/NewsUpdaters/status/577049139495600129?p=v","/Onai_Oxygen/status/577049634519920641?p=v","/MentionSatu/status/577044966276538368?p=v","/Smckkers/status/577044468844527616?p=v","/arliana_/status/577044113452744704?p=v","/soyeonrl/status/577044538763530240?p=v","/konsultankarir/status/577074909081288704?p=v","/BuzzerJKT/status/577044418970042368?p=v"],"time":"15 Mar 15","ORG":[],"entity_position":{"terkena":[11],"ke3nya":[9],"meninggal":[2,13],"3":[0],"dunia":[14],"jakarta":[7],"timur":[8]},"id":"577049139495600129","CON":["meninggal","terkena"]}
{"_id":{"$oid":"57d7c2887fea4b17a9684c4f"},"LOC":"jakarta selatan","district":"kabupaten","text_tweet":"343/NUM warga jakarta/LOC selatan/LOC terkapar digigit nyamuk dbd poskotanews","NUM":343,"url_duplicate":["/JKT_LIFE/status/576370750497513472?p=v","/AreaBintaro/status/576422632427376640?p=v"],"time":"13 Mar 15","ORG":[],"entity_position":{"jakarta":[2],"terkapar":[4],"selatan":[3],"343":[0]},"id":"576370750497513472","CON":[]}
{"_id":{"$oid":"57d7c28a7fea4b17a9684c50"},"LOC":"bantul","district":"kabupaten","text_tweet":"harjo demam berdarah bantul/LOC sudah 5/NUM warga tewas/CON","NUM":5,"url_duplicate":["/infobantul/status/573791238958096384?p=v"],"time":"6 Mar 15","ORG":[],"entity_position":{"harjo":[0],"5":[5],"bantul":[3],"tewas":[7]},"id":"573791238958096384","CON":["tewas"]}
{"_id":{"$oid":"57d7c28a7fea4b17a9684c51"},"LOC":"bandung","district":"kabupaten","text_tweet":"hari bertugas nengokin 1/NUM orang pv bandung/LOC raisa yg lg terkena/CON dbd dn di rwat di rs/ORG smngat myra lelah","NUM":1,"url_duplicate":["/myrauchul/status/580913363623882752?p=v"],"time":"25 Mar 15","ORG":["rs"],"entity_position":{"bandung":[6],"pv":[5],"terkena":[10],"hari":[0],"rs":[16],"1":[3],"rwat":[14],"smngat":[17]},"id":"580913363623882752","CON":["terkena"]}
{"_id":{"$oid":"57d7c28a7fea4b17a9684c52"},"LOC":"kotakulon","district":"desa","text_tweet":"demam berdarah kembali serang/CON warga garutsebanyak 7/NUM warga jalan papandayan kelurahan/ORG kotakulon/LOC kecamatan","NUM":7,"url_duplicate":["/harewosgarut/status/579269984842551296?p=v"],"time":"21 Mar 15","ORG":["kelurahan"],"entity_position":{"serang":[3],"kelurahan":[10],"garutsebanyak":[5],"kotakulon":[11],"7":[6],"jalan":[8]},"id":"579269984842551296","CON":["serang"]}
{"_id":{"$oid":"57d7c28b7fea4b17a9684c53"},"LOC":"pekanbaru","district":"kabupaten","text_tweet":"duh dbd di pekanbaru/LOC capai 293/NUM kasus","NUM":293,"url_duplicate":["/infoPekanbaru/status/575632346378059776?p=v","/detikriau/status/575618357690523648?p=v"],"time":"11 Mar 15","ORG":[],"entity_position":{"duh":[0],"pekanbaru":[3],"293":[5]},"id":"575632346378059776","CON":[]}
{"_id":{"$oid":"57d7c28c7fea4b17a9684c54"},"LOC":"jayasakti","district":"desa","text_tweet":"sgra dicari detil rt 18 20 sjak seminggu blkang 5/NUM orang wrga dsa jayasakti/LOC kec","NUM":5,"url_duplicate":["/muaragembongku/status/577448456685367297?p=v","/urbancikarang/status/577429338422841344?p=v"],"time":"16 Mar 15","ORG":[],"entity_position":{"jayasakti":[13],"wrga":[11],"20":[5],"18":[4],"seminggu":[7],"5":[9],"dicari":[1]},"id":"577448456685367297","CON":[]}
{"_id":{"$oid":"57d7c28c7fea4b17a9684c55"},"LOC":"cirebon","district":"kabupaten","text_tweet":"dbd tewaskan/CON 4/NUM anak di kabupaten/ORG cirebon/LOC","NUM":4,"url_duplicate":["/inpojabar/status/571957457024634881?p=v","/inpojabar/status/572185594996101120?p=v","/inpojabar/status/572107868922646528?p=v","/inpojabar/status/572011310189318144?p=v","/inpojabar/status/572066962471325697?p=v","/inpojabar/status/572256094728425472?p=v","/inpojabar/status/572239232439349248?p=v","/inpojabar/status/572203968966860800?p=v","/inpojabar/status/571975169977262080?p=v"],"time":"1 Mar 15","ORG":["kabupaten"],"entity_position":{"tewaskan":[1],"cirebon":[6],"4":[2],"kabupaten":[5]},"id":"571957457024634881","CON":["tewaskan"]}
{"_id":{"$oid":"57d7c28c7fea4b17a9684c56"},"LOC":"cipayung","district":"kecamatan","text_tweet":"video 43/NUM orang di cipayung/LOC terserang/CON dbd","NUM":43,"url_duplicate":["/BeritaJakarta/status/581414872316936192?p=v"],"time":"27 Mar 15","ORG":[],"entity_position":{"cipayung":[4],"43":[1],"terserang":[5]},"id":"581414872316936192","CON":["terserang"]}
{"_id":{"$oid":"57d7c28d7fea4b17a9684c57"},"LOC":"pekanbaru","district":"kabupaten","text_tweet":"meski sudah buat surat edaran saat ini 283/NUM warga pekanbaru/LOC terjangkit/CON dbd gagasanriau","NUM":283,"url_duplicate":["/infoRIAU/status/573054076750987265?p=v"],"time":"4 Mar 15","ORG":[],"entity_position":{"pekanbaru":[9],"saat":[5],"surat":[3],"buat":[2],"283":[7],"terjangkit":[10]},"id":"573054076750987265","CON":["terjangkit"]}
{"_id":{"$oid":"57d7c28d7fea4b17a9684c58"},"LOC":"brebes","district":"kabupaten","text_tweet":"7/NUM korban/CON meninggal/CON di brebes/LOC akibat demam berdarah harianaceh","NUM":7,"url_duplicate":["/infojateng/status/572614642649862146?p=v"],"time":"2 Mar 15","ORG":[],"entity_position":{"meninggal":[2],"korban":[1],"7":[0],"brebes":[4]},"id":"572614642649862146","CON":["meninggal","korban"]}
{"_id":{"$oid":"57d7c28d7fea4b17a9684c59"},"LOC":"bokor","district":"desa","text_tweet":"bulan maret ini 3/NUM warga desa/ORG bokor/LOC terkena/CON demam berdarah","NUM":3,"url_duplicate":["/detikriau/status/578439568556449792?p=v"],"time":"18 Mar 15","ORG":["desa"],"entity_position":{"3":[3],"desa":[5],"bokor":[6],"terkena":[7]},"id":"578439568556449792","CON":["terkena"]}
{"_id":{"$oid":"57d7c28e7fea4b17a9684c5a"},"LOC":"bojong menteng","district":"desa","text_tweet":"8/NUM warga bojong/LOC menteng/LOC positif terserang/CON dbd","NUM":8,"url_duplicate":["/GoBekasi/status/578846973903527936?p=v"],"time":"20 Mar 15","ORG":[],"entity_position":{"8":[0],"terserang":[5],"menteng":[3],"bojong":[2]},"id":"578846973903527936","CON":["terserang"]}
{"_id":{"$oid":"57d7c28e7fea4b17a9684c5b"},"LOC":"bojonegoro","district":"kabupaten","text_tweet":"bojonegoro/LOC 2/NUM warga banjarejo/LOC positif dbd","NUM":2,"url_duplicate":["/blokbojonegoro/status/573296729577013249?p=v"],"time":"4 Mar 15","ORG":[],"entity_position":{"bojonegoro":[0],"2":[1],"banjarejo":[3]},"id":"573296729577013249","CON":[]}
{"_id":{"$oid":"57d7c28e7fea4b17a9684c5c"},"LOC":"banjarejo","district":"kecamatan","text_tweet":"bojonegoro/LOC 2/NUM warga banjarejo/LOC positif dbd","NUM":2,"url_duplicate":["/blokbojonegoro/status/573296729577013249?p=v","/kotafm_bjn/status/573272511334334464?p=v","/blokbojonegoro/status/573127283302531072?p=v"],"time":"4 Mar 15","ORG":[],"entity_position":{"bojonegoro":[0],"2":[1],"banjarejo":[3]},"id":"573296729577013249","CON":[]}
{"_id":{"$oid":"57d7c28e7fea4b17a9684c5d"},"LOC":"bogor","district":"kabupaten","text_tweet":"pancaroba 242/NUM warga bogor/LOC tumbang/CON terserang/CON demam berdarah","NUM":242,"url_duplicate":["/SumutNews/status/578437831326056448?p=v"],"time":"18 Mar 15","ORG":[],"entity_position":{"terserang":[5],"tumbang":[4],"bogor":[3],"242":[1]},"id":"578437831326056448","CON":["terserang","tumbang"]}
{"_id":{"$oid":"57d7c28e7fea4b17a9684c5e"},"LOC":"baru","district":"kabupaten","text_tweet":"baru/LOC puskesman berani menolak pasien terlalu memilukan 3/NUM pasien dbd meninggal/CON setelah ditolak puskesmas/ORG","NUM":3,"url_duplicate":["/oetaryo/status/574947678313824258?p=v"],"time":"9 Mar 15","ORG":["puskesmas"],"entity_position":{"terlalu":[5],"baru":[0],"ditolak":[12],"meninggal":[10],"menolak":[3],"3":[7],"puskesmas":[13]},"id":"574947678313824258","CON":["meninggal"]}
{"_id":{"$oid":"57d7c28e7fea4b17a9684c5f"},"LOC":"bantul","district":"kabupaten","text_tweet":"bantul/LOC 2015 332/NUM warga terkena dbd","NUM":332,"url_duplicate":["/sonorajogja/status/574005745357692929?p=v"],"time":"6 Mar 15","ORG":[],"entity_position":{"bantul":[0],"terkena":[4],"332":[2]},"id":"574005745357692929","CON":[]}
{"_id":{"$oid":"57d7c28f7fea4b17a9684c60"},"LOC":"bantul","district":"kabupaten","text_tweet":"5/NUM warga bantul/LOC tewas/CON terjangkit/CON demam berdarah serambi indonesia","NUM":5,"url_duplicate":["/beritamati/status/573585572863819776?p=v"],"time":"5 Mar 15","ORG":[],"entity_position":{"bantul":[2],"tewas":[3],"indonesia":[8],"serambi":[7],"5":[0],"terjangkit":[4]},"id":"573585572863819776","CON":["tewas","terjangkit"]}
{"_id":{"$oid":"57d7c28f7fea4b17a9684c61"},"LOC":"bantul","district":"kabupaten","text_tweet":"5/NUM warga bantul/LOC meninggal/CON akibat dbd bantul/LOC siklus 5 tahunan penularan/CON penyakit/CON","NUM":5,"url_duplicate":["/bdgekspres/status/574125218362322944?p=v","/bdgekspres/status/574125218362322944?p=v"],"time":"7 Mar 15","ORG":[],"entity_position":{"tahunan":[9],"bantul":[2,6],"meninggal":[3],"5":[0,8],"penyakit":[11],"penularan":[10]},"id":"574125218362322944","CON":["meninggal","penyakit","penularan"]}
{"_id":{"$oid":"57d7c28f7fea4b17a9684c62"},"LOC":"bantul","district":"kabupaten","text_tweet":"demam berdarah tewaskan/CON 5/NUM warga bantul/LOC","NUM":5,"url_duplicate":["/tribunjogja/status/573386774522802176?p=v","/KabarBantul/status/573390951030390784?p=v"],"time":"4 Mar 15","ORG":[],"entity_position":{"bantul":[5],"tewaskan":[2],"5":[3]},"id":"573386774522802176","CON":["tewaskan"]}
{"_id":{"$oid":"57d7c28f7fea4b17a9684c63"},"LOC":"bantul","district":"kabupaten","text_tweet":"penderita/CON dbd di bantul/LOC capai 295/NUM orang","NUM":295,"url_duplicate":["/KabarBantul/status/573709595165634560?p=v"],"time":"5 Mar 15","ORG":[],"entity_position":{"295":[5],"bantul":[3],"penderita":[0]},"id":"573709595165634560","CON":["penderita"]}
{"_id":{"$oid":"57d7c2907fea4b17a9684c64"},"LOC":"bangil","district":"kecamatan","text_tweet":"2/NUM warga bangil/LOC terjangkit/CON dbd 1/NUM tewas/CON baca selengkapnya","NUM":2,"url_duplicate":["/kabarpas/status/579104332991344641?p=v"],"time":"20 Mar 15","ORG":[],"entity_position":{"1":[5],"tewas":[6],"2":[0],"terjangkit":[3],"bangil":[2]},"id":"579104332991344641","CON":["tewas","terjangkit"]}
{"_id":{"$oid":"57d7c2907fea4b17a9684c65"},"LOC":"bandar lampung","district":"kabupaten","text_tweet":"hingga maret 7/NUM warga bandar/LOC lampung/LOC meninggal/CON akibat dbd berita online lampung/LOC","NUM":7,"url_duplicate":["/LampostOnline/status/578733678458757120?p=v"],"time":"19 Mar 15","ORG":[],"entity_position":{"lampung":[5,11],"bandar":[4],"7":[2],"meninggal":[6]},"id":"578733678458757120","CON":["meninggal"]}
{"_id":{"$oid":"57d7c2907fea4b17a9684c66"},"LOC":"banaran","district":"desa","text_tweet":"4/NUM warga banaran/LOC positif terserang/CON dbd kulonprogo serangan penyakit/CON demam berdarah dengue dbd m","NUM":4,"url_duplicate":["/salpromtwitt/status/578347132689592320?p=v"],"time":"18 Mar 15","ORG":[],"entity_position":{"m":[13],"terserang":[4],"banaran":[2],"4":[0],"penyakit":[8]},"id":"578347132689592320","CON":["terserang","penyakit"]}
{"_id":{"$oid":"57d7c2907fea4b17a9684c67"},"LOC":"banaran","district":"desa","text_tweet":"4/NUM warga banaran/LOC positif terserang/CON dbd kulonprogo serangan penyakit/CON demam","NUM":4,"url_duplicate":["/joetriwulan/status/578064293234548737?p=v"],"time":"17 Mar 15","ORG":[],"entity_position":{"terserang":[4],"banaran":[2],"4":[0],"penyakit":[8]},"id":"578064293234548737","CON":["terserang","penyakit"]}
{"_id":{"$oid":"57d7c2917fea4b17a9684c68"},"LOC":"sukabumi","district":"kabupaten","text_tweet":"seorang balita di sukabumi/LOC meninggal/CON karena dbd seorang balita bernama jian berusia 4/NUM warga kam","NUM":4,"url_duplicate":["/AdyFahima/status/579627238309568512?p=v","/tarrasmart/status/579628578066722816?p=v","/Brother_Jst/status/579627345360744449?p=v"],"time":"22 Mar 15","ORG":[],"entity_position":{"meninggal":[4],"bernama":[9],"kam":[14],"balita":[1,8],"4":[12],"sukabumi":[3]},"id":"579627238309568512","CON":["meninggal"]}
{"_id":{"$oid":"57d7c2927fea4b17a9684c69"},"LOC":"jakarta barat","district":"kabupaten","text_tweet":"ada 111/NUM kasus dbd di jakarta/LOC barat/LOC kasudin kesehatan jakarta/LOC barat/LOC dewi mengungka","NUM":111,"url_duplicate":["/itsmeRahmat/status/577664042963058688?p=v","/haloJakarta/status/577651615102029824?p=v"],"time":"16 Mar 15","ORG":[],"entity_position":{"jakarta":[5,9],"dewi":[11],"111":[1],"barat":[6,10],"ada":[0]},"id":"577664042963058688","CON":[]}
{"_id":{"$oid":"57d7c2937fea4b17a9684c6a"},"LOC":"jakarta barat","district":"kabupaten","text_tweet":"ada 111/NUM kasus dbd jakbar intensifkan fogging sejak januari 13 maret sudin kesehatan jakarta/LOC barat/LOC","NUM":111,"url_duplicate":["/angkurhido/status/578158675841298432?p=v","/DKIJakarta/status/578391235649413121?p=v"],"time":"18 Mar 15","ORG":[],"entity_position":{"jakarta":[13],"13":[9],"111":[1],"barat":[14],"ada":[0]},"id":"578158675841298432","CON":[]}
{"_id":{"$oid":"57d7c2947fea4b17a9684c6b"},"LOC":"jayasakti","district":"desa","text_tweet":"sejak 6 25/NUM orang warga di desa/ORG jayasakti/LOC kecamatan muaragembog kabupaten/ORG bekasi/LOC terkena/CON dbd","NUM":25,"url_duplicate":["/suarabekasicom/status/577088162809266176?p=v"],"time":"15 Mar 15","ORG":["desa","kabupaten"],"entity_position":{"jayasakti":[7],"25":[2],"terkena":[12],"kabupaten":[10],"desa":[6],"6":[1],"bekasi":[11]},"id":"577088162809266176","CON":["terkena"]}
{"_id":{"$oid":"57d7c2947fea4b17a9684c6c"},"LOC":"bekasi","district":"kabupaten","text_tweet":"sejak 6 25/NUM orang warga di desa/ORG jayasakti/LOC kecamatan muaragembog kabupaten/ORG bekasi/LOC terkena/CON dbd","NUM":25,"url_duplicate":["/suarabekasicom/status/577088162809266176?p=v"],"time":"15 Mar 15","ORG":["desa","kabupaten"],"entity_position":{"jayasakti":[7],"25":[2],"terkena":[12],"kabupaten":[10],"desa":[6],"6":[1],"bekasi":[11]},"id":"577088162809266176","CON":["terkena"]}
{"_id":{"$oid":"57d7c2947fea4b17a9684c6d"},"LOC":"blitar","district":"kabupaten","text_tweet":"4 end senin kemarin lusa laporan dinas/ORG kesehatan kab/ORG blitar/LOC penderita/CON demam berdarah turun 28/NUM penderita/CON","NUM":28,"url_duplicate":["/radiopatria/status/580575936799772675?p=v"],"time":"24 Mar 15","ORG":["dinas","kab"],"entity_position":{"kab":[8],"blitar":[9],"end":[1],"28":[14],"dinas":[6],"penderita":[10,15],"4":[0],"senin":[2]},"id":"580575936799772675","CON":["penderita"]}
{"_id":{"$oid":"57d7c2947fea4b17a9684c6e"},"LOC":"surabaya","district":"kabupaten","text_tweet":"3 bulan penderita/CON dbd di surabaya/LOC capai 178/NUM warga 3 bulan penderita/CON dbd di surabaya/LOC capai","NUM":178,"url_duplicate":["/encietyco/status/582895775413379072?p=v","/encietyco/status/582895775413379072?p=v","/EncietyNews/status/582895743230296064?p=v","/aguswahyudi1972/status/582899092453355520?p=v"],"time":"31 Mar 15","ORG":[],"entity_position":{"3":[0,9],"penderita":[2,11],"surabaya":[5,14],"178":[7]},"id":"582895775413379072","CON":["penderita"]}
{"_id":{"$oid":"57d7c2957fea4b17a9684c6f"},"LOC":"rumbia","district":"kecamatan","text_tweet":"3 bulan 17/NUM warga rumbia/LOC positif terjangkit/CON dbd","NUM":17,"url_duplicate":["/belengsultra/status/582904508432408577?p=v"],"time":"31 Mar 15","ORG":[],"entity_position":{"3":[0],"rumbia":[4],"17":[2],"terjangkit":[6]},"id":"582904508432408577","CON":["terjangkit"]}
{"_id":{"$oid":"57d7c2957fea4b17a9684c70"},"LOC":"cilegon","district":"kabupaten","text_tweet":"3 bersaudara di kaligandu purwakarta terjangkit/CON dbd cilegon/LOC bco 3/NUM orang bersuadara warga kalig","NUM":3,"url_duplicate":["/info_cilegon/status/580765725574320128?p=v"],"time":"25 Mar 15","ORG":[],"entity_position":{"cilegon":[7],"kalig":[13],"3":[0,9],"bersaudara":[1],"kaligandu":[3],"purwakarta":[4],"bersuadara":[11],"terjangkit":[5]},"id":"580765725574320128","CON":["terjangkit"]}
{"_id":{"$oid":"57d7c2967fea4b17a9684c71"},"LOC":"lamteng","district":"desa","text_tweet":"2 bulan penderita/CON dbd di lamteng/LOC 102/NUM orang berita online indonesia","NUM":102,"url_duplicate":["/LampostOnline/status/572324109918580736?p=v","/LampostOnline/status/572319084467130368?p=v"],"time":"2 Mar 15","ORG":[],"entity_position":{"102":[6],"penderita":[2],"2":[0],"lamteng":[5],"indonesia":[10]},"id":"572324109918580736","CON":["penderita"]}
{"_id":{"$oid":"57d7c2967fea4b17a9684c72"},"LOC":"jakarta barat","district":"kabupaten","text_tweet":"2 bulan 88/NUM warga jakbar terkena/CON dbd suku dinas/ORG kesehatan jakarta/LOC barat/LOC mengimbau masyarakat meningkatk","NUM":88,"url_duplicate":["/sekapursirih2/status/574063093728215040?p=v"],"time":"6 Mar 15","ORG":["dinas"],"entity_position":{"terkena":[5],"jakarta":[10],"barat":[11],"dinas":[8],"88":[2],"2":[0],"jakbar":[4],"suku":[7]},"id":"574063093728215040","CON":["terkena"]}
{"_id":{"$oid":"57d7c2987fea4b17a9684c73"},"LOC":"wareng","district":"desa","text_tweet":"1 keluarga terkena/CON di wareng/LOC terkena/CON dbd 1/NUM orang meninggal/CON","NUM":1,"url_duplicate":["/gunungkidulpost/status/576552482702163971?p=v"],"time":"13 Mar 15","ORG":[],"entity_position":{"1":[0,7],"wareng":[4],"terkena":[2,5],"meninggal":[9]},"id":"576552482702163971","CON":["meninggal","terkena"]}
