{"_id":{"$oid":"57cbfd147fea4b187cf711dc"},"username":"sharemalang","url":"/sharemalang/status/590093671053197313?p=v","text_tweet":"Berita DBD Kembali Mewabah di Kota/ORG Malang/LOC Republika Online cc","time":"20 Apr 15","id":"590093671053197313"}
{"_id":{"$oid":"57cbfd147fea4b187cf711dd"},"username":"nctmerk","url":"/nctmerk/status/590126721212354560?p=v","text_tweet":"Yap","time":"20 Apr 15","id":"590126721212354560"}
{"_id":{"$oid":"57cbfd147fea4b187cf711e1"},"username":"Ngemengepeh4","url":"/Ngemengepeh4/status/590369521476575232?p=v","text_tweet":"Terhindar demam berdarah Seorang ABG terserang/CON demam korea","time":"20 Apr 15","id":"590369521476575232"}
{"_id":{"$oid":"57cbfd147fea4b187cf711db"},"username":"infoadvo","url":"/infoadvo/status/590372628294078465?p=v","text_tweet":"INFO Sosialisasi pemberantasan jentik nyamuk DBD dialksanakan Rabu 22 April 2013 12 00 13 00 WIB di E204 c","time":"20 Apr 15","id":"590372628294078465"}
{"_id":{"$oid":"57cbfd147fea4b187cf711e2"},"username":"kec_kemayoran","url":"/kec_kemayoran/status/590058760674017280?p=v","text_tweet":"Sosialisasi bahaya/CON DBD di wil","time":"20 Apr 15","id":"590058760674017280"}
{"_id":{"$oid":"57cbfd147fea4b187cf711d7"},"username":"rel_product","url":"/rel_product/status/590401724264747008?p=v","text_tweet":"obat demam berdarah herbal","time":"20 Apr 15","id":"590401724264747008"}
{"_id":{"$oid":"57cbfd147fea4b187cf711da"},"username":"nasyatul_suraya","url":"/nasyatul_suraya/status/590191696668798976?p=v","text_tweet":"amende kau ni adoh gua demam selesema takkan demam berdarah","time":"20 Apr 15","id":"590191696668798976"}
{"_id":{"$oid":"57cbfd147fea4b187cf711e0"},"username":"Cnnorsam","url":"/Cnnorsam/status/590225119542284288?p=v","text_tweet":"Terhindar dr demam berdarah Seorang ABG terserang/CON demam Kpop","time":"20 Apr 15","id":"590225119542284288"}
{"_id":{"$oid":"57cbfd147fea4b187cf711d8"},"username":"rel_product","url":"/rel_product/status/590396272990752768?p=v","text_tweet":"obat demam berdarah herbal","time":"20 Apr 15","id":"590396272990752768"}
{"_id":{"$oid":"57cbfd157fea4b187cf711e5"},"username":"iiiimhaaa","url":"/iiiimhaaa/status/590403841780121600?p=v","text_tweet":"Semoga Assessment lancar guys with DBD 13 01","time":"20 Apr 15","id":"590403841780121600"}
{"_id":{"$oid":"57cbfd157fea4b187cf711e6"},"username":"dineke_DBD","url":"/dineke_DBD/status/590158861627039747?p=v","text_tweet":"Selamatmalamedo","time":"20 Apr 15","id":"590158861627039747"}
{"_id":{"$oid":"57cbfd157fea4b187cf711e4"},"username":"syahru_unggulID","url":"/syahru_unggulID/status/590124193691275265?p=v","text_tweet":"Siap Cuzzz hhi Brangkat DBD Promo Skrang Belok haluan DBD","time":"20 Apr 15","id":"590124193691275265"}
{"_id":{"$oid":"57cbfd157fea4b187cf711eb"},"username":"RedaksiCiplus","url":"/RedaksiCiplus/status/590111487823249408?p=v","text_tweet":"Pemuda Ciselang Diduga Tewas/CON Akibat DBD","time":"20 Apr 15","id":"590111487823249408"}
{"_id":{"$oid":"57cbfd157fea4b187cf711ec"},"username":"rdi971","url":"/rdi971/status/590140416743223296?p=v","text_tweet":"Pagi dengerin bareng jam6 10 persembahan Procold","time":"20 Apr 15","id":"590140416743223296"}
{"_id":{"$oid":"57cbfd157fea4b187cf711e9"},"username":"jawapos","url":"/jawapos/status/590303245127430144?p=v","text_tweet":"RADAR MALANG/LOC 21 4 Kota/ORG Malang/LOC Diserang/CON DBD","time":"20 Apr 15","id":"590303245127430144"}
{"_id":{"$oid":"57cbfd157fea4b187cf711ea"},"username":"KDraoankay","url":"/KDraoankay/status/590140194210324481?p=v","text_tweet":"Penyakit virus ebola EVD demam berdarah Ebola EHF penyakit manusia disebabkan","time":"20 Apr 15","id":"590140194210324481"}
{"_id":{"$oid":"57cbfd147fea4b187cf711d9"},"username":"Asuransi_Murni","url":"/Asuransi_Murni/status/590135815600091136?p=v","text_tweet":"contoh Klien berumur 35 UP Rp 500juta Premi Rp 6 7jt Ketika berusia 37 klien mengalami/CON sakit/CON demam berdarah","time":"20 Apr 15","id":"590135815600091136"}
{"_id":{"$oid":"57cbfd157fea4b187cf711e8"},"username":"dineke_DBD","url":"/dineke_DBD/status/590163667729022979?p=v","text_tweet":"Redho","time":"20 Apr 15","id":"590163667729022979"}
{"_id":{"$oid":"57cbfd157fea4b187cf711e7"},"username":"holisticareID","url":"/holisticareID/status/590107651918311425?p=v","text_tweet":"Sahabat Holisticare salah 1 ampuh mencegah penyakit demam berdarah","time":"20 Apr 15","id":"590107651918311425"}
{"_id":{"$oid":"57cbfd147fea4b187cf711e3"},"username":"kec_kemayoran","url":"/kec_kemayoran/status/590058760674017280?p=v","text_tweet":"Kecamatan/ORG Kemayoran/LOC","time":"20 Apr 15","id":"590058760674017280"}
{"_id":{"$oid":"57cbfd147fea4b187cf711de"},"username":"nctmerk","url":"/nctmerk/status/590126721212354560?p=v","text_tweet":"Demam berdarah dengue","time":"20 Apr 15","id":"590126721212354560"}
{"_id":{"$oid":"57cbfd157fea4b187cf711ef"},"username":"nctmerk","url":"/nctmerk/status/590126033061302272?p=v","text_tweet":"Nah ketiga penyakitnya famous","time":"20 Apr 15","id":"590126033061302272"}
{"_id":{"$oid":"57cbfd157fea4b187cf711f4"},"username":"WaydeeStore","url":"/WaydeeStore/status/590109126954323968?p=v","text_tweet":"Menggigil sakit/CON kepala nyeri menggerakan bola mata nyeri punggung waspada tanda penyakit Demam Berdarah","time":"20 Apr 15","id":"590109126954323968"}
{"_id":{"$oid":"57cbfd157fea4b187cf711f7"},"username":"TIMES_indonesia","url":"/TIMES_indonesia/status/590144280246771712?p=v","text_tweet":"Malang/LOC Darurat DBD","time":"20 Apr 15","id":"590144280246771712"}
{"_id":{"$oid":"57cbfd157fea4b187cf711ed"},"username":"M_arifsetiawann","url":"/M_arifsetiawann/status/590049666072379394?p=v","text_tweet":"Obat Alami Demam Berdarah Pada Anah Jelly Gamat Gold G","time":"20 Apr 15","id":"590049666072379394"}
{"_id":{"$oid":"57cbfd157fea4b187cf711ee"},"username":"ekkipratama","url":"/ekkipratama/status/590130411176505346?p=v","text_tweet":"Ngucapin dbd RT ekkipratama kaka ngucapin bilang makasih dicolok","time":"20 Apr 15","id":"590130411176505346"}
{"_id":{"$oid":"57cbfd157fea4b187cf711f0"},"username":"nctmerk","url":"/nctmerk/status/590126033061302272?p=v","text_tweet":"disingkat DBD","time":"20 Apr 15","id":"590126033061302272"}
{"_id":{"$oid":"57cbfd147fea4b187cf711df"},"username":"nctmerk","url":"/nctmerk/status/590126721212354560?p=v","text_tweet":"Demam dengue disebabkan virus dengue nyamuk Aedes tipe nyamuk Aedes aegypti","time":"20 Apr 15","id":"590126721212354560"}
{"_id":{"$oid":"57cbfd157fea4b187cf711f1"},"username":"nctmerk","url":"/nctmerk/status/590126033061302272?p=v","text_tweet":"2 tercepat","time":"20 Apr 15","id":"590126033061302272"}
{"_id":{"$oid":"57cbfd157fea4b187cf711f2"},"username":"Wakazi","url":"/Wakazi/status/590055829883248640?p=v","text_tweet":"Mtaani wana wamekuwa wanaisubiria ya Dengue Fever kwa hamu","time":"20 Apr 15","id":"590055829883248640"}
{"_id":{"$oid":"57cbfd157fea4b187cf711f3"},"username":"Wakazi","url":"/Wakazi/status/590055829883248640?p=v","text_tweet":"It finally ya ll","time":"20 Apr 15","id":"590055829883248640"}
{"_id":{"$oid":"57cbfd157fea4b187cf711f8"},"username":"fkmunair08","url":"/fkmunair08/status/590106906531762177?p=v","text_tweet":"Lokasi Penyuluhan DBD kerjasama INDOMARET SC JOHNSON IAKMI","time":"20 Apr 15","id":"590106906531762177"}
{"_id":{"$oid":"57cbfd157fea4b187cf711f5"},"username":"obiesan","url":"/obiesan/status/590143661762949120?p=v","text_tweet":"Mencegah Mengatasi Tanda tanda Demam Berdarah","time":"20 Apr 15","id":"590143661762949120"}
{"_id":{"$oid":"57cbfd157fea4b187cf711fe"},"username":"khoirunjr","url":"/khoirunjr/status/590274309316214784?p=v","text_tweet":"Jambu biji pepaya jeruk mangga kaya cairan dikonsumsi membantu pemulihan demam berdarah","time":"20 Apr 15","id":"590274309316214784"}
{"_id":{"$oid":"57cbfd167fea4b187cf711ff"},"username":"dineke_DBD","url":"/dineke_DBD/status/590244877260038144?p=v","text_tweet":"Jam 2/NUM mati/CON lampu","time":"20 Apr 15","id":"590244877260038144"}
{"_id":{"$oid":"57cbfd157fea4b187cf711fd"},"username":"KaltimBerita","url":"/KaltimBerita/status/590333163043323904?p=v","text_tweet":"Kaltim Waspada Endemis DBD Sekretaris Komisi IV DPRD/ORG Kaltim Rita Artaty Barito mengimbau","time":"20 Apr 15","id":"590333163043323904"}
{"_id":{"$oid":"57cbfd157fea4b187cf711f6"},"username":"media_berita","url":"/media_berita/status/590090569520533505?p=v","text_tweet":"Media Berita DBD Kembali Mewabah di Kota/ORG Malang/LOC REPUBLIKA CO ID MALANG/LOC Demam Berdarah Dengue DBD","time":"20 Apr 15","id":"590090569520533505"}
{"_id":{"$oid":"57cbfd167fea4b187cf71200"},"username":"lina_ramadani21","url":"/lina_ramadani21/status/590174109939535872?p=v","text_tweet":"Hai kak Susah Atur Waktu Untuk Kursus Bahasa Inggris","time":"20 Apr 15","id":"590174109939535872"}
{"_id":{"$oid":"57cbfd167fea4b187cf71205"},"username":"matatula_riwoe","url":"/matatula_riwoe/status/590370669331746817?p=v","text_tweet":"FAV RT RADAR MALANG/LOC 21 4 Kota/ORG Malang/LOC Diserang/CON DBD","time":"20 Apr 15","id":"590370669331746817"}
{"_id":{"$oid":"57cbfd167fea4b187cf71206"},"username":"sherinasyu","url":"/sherinasyu/status/590098032294699008?p=v","text_tweet":"Entah demam berdarah campak besok biar dokter yg nentuin","time":"20 Apr 15","id":"590098032294699008"}
{"_id":{"$oid":"57cbfd167fea4b187cf71202"},"username":"Lrassati","url":"/Lrassati/status/590357303703916544?p=v","text_tweet":"Gak peka nya nih kena/CON dbd aja gak berasa","time":"20 Apr 15","id":"590357303703916544"}
{"_id":{"$oid":"57cbfd157fea4b187cf711f9"},"username":"suryamalang","url":"/suryamalang/status/590140387571798018?p=v","text_tweet":"Kota/ORG Malang/LOC Darurat Demam Berdarah","time":"20 Apr 15","id":"590140387571798018"}
{"_id":{"$oid":"57cbfd157fea4b187cf711fa"},"username":"suryamalang","url":"/suryamalang/status/590140387571798018?p=v","text_tweet":"Sebanyak 15/NUM orang terjangkit/CON 1 di tewas/CON","time":"20 Apr 15","id":"590140387571798018"}
{"_id":{"$oid":"57cbfd167fea4b187cf71208"},"username":"MeraukeNews","url":"/MeraukeNews/status/590241378887577600?p=v","text_tweet":"Dinkes/ORG Mimika/LOC pantau DBD Dinas/ORG Kesehatan Kabupaten/ORG Mimika/LOC Provinsi/ORG Papua/LOC memantau potensi m","time":"20 Apr 15","id":"590241378887577600"}
{"_id":{"$oid":"57cbfd157fea4b187cf711fb"},"username":"berita_atjeh","url":"/berita_atjeh/status/590150527775678464?p=v","text_tweet":"Korban/CON DBD Keluar RS/ORG","time":"20 Apr 15","id":"590150527775678464"}
{"_id":{"$oid":"57cbfd167fea4b187cf71204"},"username":"katakantarik","url":"/katakantarik/status/590300189295915008?p=v","text_tweet":"Karena ngamuk penyebab utama demam berdarah","time":"20 Apr 15","id":"590300189295915008"}
{"_id":{"$oid":"57cbfd167fea4b187cf71201"},"username":"lina_ramadani21","url":"/lina_ramadani21/status/590174109939535872?p=v","text_tweet":"solusinya","time":"20 Apr 15","id":"590174109939535872"}
{"_id":{"$oid":"57cbfd157fea4b187cf711fc"},"username":"lianawdsr","url":"/lianawdsr/status/590334957366616064?p=v","text_tweet":"Ketemu dik Khedira pasien DHF lg kontrol di Poli Anak he kinda cute little boy emesh emesh","time":"20 Apr 15","id":"590334957366616064"}
{"_id":{"$oid":"57cbfd167fea4b187cf71207"},"username":"InfoBanten123","url":"/InfoBanten123/status/590192717801476097?p=v","text_tweet":"Duuh 5/NUM Balita Warga Kabupaten/ORG Serang/LOC Diduga Terjangkit/CON DBD","time":"20 Apr 15","id":"590192717801476097"}
{"_id":{"$oid":"57cbfd167fea4b187cf71210"},"username":"infojatim","url":"/infojatim/status/590114999529529344?p=v","text_tweet":"Demam berdarah Madiun/LOC RSUD/ORG dr Soedono kewalahan","time":"20 Apr 15","id":"590114999529529344"}
{"_id":{"$oid":"57cbfd167fea4b187cf7120e"},"username":"infojatim","url":"/infojatim/status/590196026469941249?p=v","text_tweet":"Demam berdarah Madiun/LOC RSUD/ORG dr Soedono kewalahan","time":"20 Apr 15","id":"590196026469941249"}
{"_id":{"$oid":"57cbfd167fea4b187cf71211"},"username":"infojatim","url":"/infojatim/status/590114999529529344?p=v","text_tweet":"Solopos","time":"20 Apr 15","id":"590114999529529344"}
{"_id":{"$oid":"57cbfd167fea4b187cf71212"},"username":"ifntelkinn","url":"/ifntelkinn/status/590088731266187264?p=v","text_tweet":"Dbd ya","time":"20 Apr 15","id":"590088731266187264"}
{"_id":{"$oid":"57cbfd167fea4b187cf7120b"},"username":"asplasvegas","url":"/asplasvegas/status/590326661637218304?p=v","text_tweet":"Di pasireurih ciapus bgr dbd pling hebat emak udah tua tetep nyangkul di sawah","time":"20 Apr 15","id":"590326661637218304"}
{"_id":{"$oid":"57cbfd167fea4b187cf71203"},"username":"katakantarik","url":"/katakantarik/status/590300189295915008?p=v","text_tweet":"Gak ngamuk","time":"20 Apr 15","id":"590300189295915008"}
{"_id":{"$oid":"57cbfd167fea4b187cf7120a"},"username":"infomalangraya","url":"/infomalangraya/status/590290465607589889?p=v","text_tweet":"Dinkes/ORG Kota/ORG Malang/LOC Fogging Bukan Solusi Atasi DBD","time":"20 Apr 15","id":"590290465607589889"}
{"_id":{"$oid":"57cbfd167fea4b187cf7120f"},"username":"infojatim","url":"/infojatim/status/590196026469941249?p=v","text_tweet":"Solopos","time":"20 Apr 15","id":"590196026469941249"}
{"_id":{"$oid":"57cbfd167fea4b187cf71214"},"username":"jjngkbts","url":"/jjngkbts/status/590371807787618304?p=v","text_tweet":"Da gua mah atuh pulang langsung ngomelin gua gak hati bgt sih anaknya positif dbd mammpus ajasi","time":"20 Apr 15","id":"590371807787618304"}
{"_id":{"$oid":"57cbfd167fea4b187cf71213"},"username":"yeoximo_17","url":"/yeoximo_17/status/590104664948879361?p=v","text_tweet":"Dbd gege mantan wkwkwkw moga ketjehh ye mkin langgeng ama doi jan lupa PU gak PU jamban lo","time":"20 Apr 15","id":"590104664948879361"}
{"_id":{"$oid":"57cbfd167fea4b187cf7120c"},"username":"infojatim","url":"/infojatim/status/590155704830427136?p=v","text_tweet":"Demam berdarah Madiun/LOC RSUD/ORG dr Soedono kewalahan","time":"20 Apr 15","id":"590155704830427136"}
{"_id":{"$oid":"57cbfd167fea4b187cf7120d"},"username":"infojatim","url":"/infojatim/status/590155704830427136?p=v","text_tweet":"Solopos","time":"20 Apr 15","id":"590155704830427136"}
{"_id":{"$oid":"57cbfd167fea4b187cf71217"},"username":"RRI","url":"/RRI/status/590190059690676224?p=v","text_tweet":"DBD Serang/CON 15/NUM Warga Kota/ORG Malang/LOC 1/NUM Orang Meninggal/CON via","time":"20 Apr 15","id":"590190059690676224"}
{"_id":{"$oid":"57cbfd167fea4b187cf71209"},"username":"beritajatimcom","url":"/beritajatimcom/status/590087172448890880?p=v","text_tweet":"Dinkes/ORG Kota/ORG Malang/LOC Fogging Bukan Solusi Atasi DBD","time":"20 Apr 15","id":"590087172448890880"}
{"_id":{"$oid":"57cbfd167fea4b187cf71216"},"username":"ikiMalang","url":"/ikiMalang/status/590163638381580288?p=v","text_tweet":"DBD Serang/CON 15/NUM Warga Pandanwangi/LOC Kota/ORG Malang/LOC Seorang Meninggal/CON","time":"20 Apr 15","id":"590163638381580288"}
{"_id":{"$oid":"57cbfd177fea4b187cf7121b"},"username":"malangkotaku","url":"/malangkotaku/status/590279106329206784?p=v","text_tweet":"DBD Kembali Mewabah di Kota/ORG Malang/LOC Republika Online Republika Online DBD Kembali Mewabah","time":"20 Apr 15","id":"590279106329206784"}
{"_id":{"$oid":"57cbfd177fea4b187cf7121f"},"username":"rahayuernii","url":"/rahayuernii/status/590177297782558721?p=v","text_tweet":"Cepet sembuh ade Jangan sampe DBD A Thousand Years Christina Perri","time":"20 Apr 15","id":"590177297782558721"}
{"_id":{"$oid":"57cbfd177fea4b187cf7121c"},"username":"infojatim","url":"/infojatim/status/590197056930766849?p=v","text_tweet":"DBD Kembali Mewabah di Kota/ORG Malang/LOC Republika Online","time":"20 Apr 15","id":"590197056930766849"}
{"_id":{"$oid":"57cbfd177fea4b187cf71220"},"username":"cantik_muda","url":"/cantik_muda/status/590305716667162624?p=v","text_tweet":"Cengkeh menyingkirkan nyamuk demam berdarah nyamuk","time":"20 Apr 15","id":"590305716667162624"}
{"_id":{"$oid":"57cbfd177fea4b187cf71219"},"username":"malangkotaku","url":"/malangkotaku/status/590355569413853184?p=v","text_tweet":"DBD Kembali Mewabah di Kota/ORG Malang/LOC Republika Online Republika Online DBD Kembali Mewabah","time":"20 Apr 15","id":"590355569413853184"}
{"_id":{"$oid":"57cbfd177fea4b187cf71221"},"username":"KotaJaksel","url":"/KotaJaksel/status/590113724121227265?p=v","text_tweet":"Cegah DBD Maksimalkan PSN Secara Rutin Jum at 17 April 2015 via","time":"20 Apr 15","id":"590113724121227265"}
{"_id":{"$oid":"57cbfd177fea4b187cf71224"},"username":"Encekfhrr","url":"/Encekfhrr/status/590393499003920384?p=v","text_tweet":"Baru rumah sakit hasilnya gejala dbd","time":"20 Apr 15","id":"590393499003920384"}
{"_id":{"$oid":"57cbfd177fea4b187cf71222"},"username":"Iklan_Laku","url":"/Iklan_Laku/status/590369163199139840?p=v","text_tweet":"Cara Menyembuhkan Demam Berdarah OBAT PENYAKIT HEMOFILIA","time":"20 Apr 15","id":"590369163199139840"}
{"_id":{"$oid":"57cbfd167fea4b187cf71218"},"username":"republikaonline","url":"/republikaonline/status/590090006338797569?p=v","text_tweet":"DBD Kembali Mewabah di Kota/ORG Malang/LOC","time":"20 Apr 15","id":"590090006338797569"}
{"_id":{"$oid":"57cbfd177fea4b187cf71223"},"username":"perlnews","url":"/perlnews/status/590085877558153216?p=v","text_tweet":"CPAN DBD Cassandra 0 09 TVDW","time":"20 Apr 15","id":"590085877558153216"}
{"_id":{"$oid":"57cbfd177fea4b187cf71228"},"username":"seputarsulut","url":"/seputarsulut/status/590166312023773185?p=v","text_tweet":"Angka Kasus DBD Mulai Berkurang di Manado/LOC Akhir penyakit Demam Berdarah DBD b","time":"20 Apr 15","id":"590166312023773185"}
{"_id":{"$oid":"57cbfd177fea4b187cf71226"},"username":"ratudewird","url":"/ratudewird/status/590104434396438529?p=v","text_tweet":"Apa yg kmu rasain kalo kena/CON DBD","time":"20 Apr 15","id":"590104434396438529"}
{"_id":{"$oid":"57cbfd177fea4b187cf71229"},"username":"ZonaManado","url":"/ZonaManado/status/590158720304173056?p=v","text_tweet":"Angka Kasus DBD Mulai Berkurang di Manado/LOC Akhir penyakit Demam Berdarah DBD b","time":"20 Apr 15","id":"590158720304173056"}
{"_id":{"$oid":"57cbfd177fea4b187cf71227"},"username":"ratudewird","url":"/ratudewird/status/590104434396438529?p=v","text_tweet":"Bukan Demam berdarah di balas dusta","time":"20 Apr 15","id":"590104434396438529"}
{"_id":{"$oid":"57cbfd177fea4b187cf7121a"},"username":"malangkotaku","url":"/malangkotaku/status/590335865437687810?p=v","text_tweet":"DBD Kembali Mewabah di Kota/ORG Malang/LOC Republika Online Republika Online DBD Kembali Mewabah","time":"20 Apr 15","id":"590335865437687810"}
{"_id":{"$oid":"57cbfd177fea4b187cf7121d"},"username":"infojatim","url":"/infojatim/status/590115920892338176?p=v","text_tweet":"DBD Kembali Mewabah di Kota/ORG Malang/LOC Republika Online","time":"20 Apr 15","id":"590115920892338176"}
{"_id":{"$oid":"57cbfd177fea4b187cf7121e"},"username":"infojatim","url":"/infojatim/status/590156857840377857?p=v","text_tweet":"DBD Kembali Mewabah di Kota/ORG Malang/LOC Republika Online","time":"20 Apr 15","id":"590156857840377857"}
{"_id":{"$oid":"57cbfd177fea4b187cf7122b"},"username":"KotaManado","url":"/KotaManado/status/590179399816863744?p=v","text_tweet":"Angka Kasus DBD Mulai Berkurang di Manado/LOC","time":"20 Apr 15","id":"590179399816863744"}
{"_id":{"$oid":"57cbfd177fea4b187cf7122c"},"username":"AjatDj","url":"/AjatDj/status/590325735186825216?p=v","text_tweet":"Ajat De Lahoya AgencyUmur 31 TKO 3 kaliTipes 2 kaliDBD 1 kaliKO keitungEnterwind","time":"20 Apr 15","id":"590325735186825216"}
{"_id":{"$oid":"57cbfd177fea4b187cf71225"},"username":"jasrajm","url":"/jasrajm/status/590253173224386562?p=v","text_tweet":"Baesusbsnfkskmxnc cbfjdnf dbd","time":"20 Apr 15","id":"590253173224386562"}
{"_id":{"$oid":"57cbfd177fea4b187cf71230"},"username":"icexjoy","url":"/icexjoy/status/590126149537124352?p=v","text_tweet":"demam berdarah dongue","time":"20 Apr 15","id":"590126149537124352"}
{"_id":{"$oid":"57cbfd167fea4b187cf71215"},"username":"QNuer","url":"/QNuer/status/590404294723022848?p=v","text_tweet":"DHF pasien pnemonia","time":"20 Apr 15","id":"590404294723022848"}
{"_id":{"$oid":"57cbfd177fea4b187cf7122d"},"username":"967HitzFM","url":"/967HitzFM/status/590305014159028224?p=v","text_tweet":"Ada Teguh nih yg KEJU PAGI kali","time":"20 Apr 15","id":"590305014159028224"}
{"_id":{"$oid":"57cbfd177fea4b187cf7122f"},"username":"967HitzFM","url":"/967HitzFM/status/590305014159028224?p=v","text_tweet":"Dengerin SEKARANG","time":"20 Apr 15","id":"590305014159028224"}
{"_id":{"$oid":"57cbfd177fea4b187cf71232"},"username":"sxmmerheat","url":"/sxmmerheat/status/590126094142963713?p=v","text_tweet":"demam berdarah dengue","time":"20 Apr 15","id":"590126094142963713"}
{"_id":{"$oid":"57cbfd177fea4b187cf71234"},"username":"sjeonc","url":"/sjeonc/status/590137276652343296?p=v","text_tweet":"bedain nyamuk nyamuk dbd gimana","time":"20 Apr 15","id":"590137276652343296"}
{"_id":{"$oid":"57cbfd177fea4b187cf71233"},"username":"sxmmerheat","url":"/sxmmerheat/status/590126094142963713?p=v","text_tweet":"D 9168","time":"20 Apr 15","id":"590126094142963713"}
{"_id":{"$oid":"57cbfd177fea4b187cf7122e"},"username":"967HitzFM","url":"/967HitzFM/status/590305014159028224?p=v","text_tweet":"Rumahnya disemprot fogging nyamuk DBD cui","time":"20 Apr 15","id":"590305014159028224"}
{"_id":{"$oid":"57cbfd177fea4b187cf7122a"},"username":"Tribun_Manado","url":"/Tribun_Manado/status/590158695079628801?p=v","text_tweet":"Angka Kasus DBD Mulai Berkurang di Manado/LOC","time":"20 Apr 15","id":"590158695079628801"}
{"_id":{"$oid":"57cbfd177fea4b187cf71235"},"username":"sjeonc","url":"/sjeonc/status/590137276652343296?p=v","text_tweet":"M 8156","time":"20 Apr 15","id":"590137276652343296"}
{"_id":{"$oid":"57cbfd177fea4b187cf71231"},"username":"icexjoy","url":"/icexjoy/status/590126149537124352?p=v","text_tweet":"M 10175","time":"20 Apr 15","id":"590126149537124352"}
{"_id":{"$oid":"57cbfd187fea4b187cf7123a"},"username":"oomiyyy","url":"/oomiyyy/status/590140090782855168?p=v","text_tweet":"siklus demam berdarah","time":"20 Apr 15","id":"590140090782855168"}
{"_id":{"$oid":"57cbfd187fea4b187cf7123c"},"username":"LeeSarah11","url":"/LeeSarah11/status/590362682798186496?p=v","text_tweet":"hihi","time":"20 Apr 15","id":"590362682798186496"}
{"_id":{"$oid":"57cbfd187fea4b187cf7123b"},"username":"LeeSarah11","url":"/LeeSarah11/status/590362682798186496?p=v","text_tweet":"Sakit/CON db","time":"20 Apr 15","id":"590362682798186496"}
{"_id":{"$oid":"57cbfd187fea4b187cf71238"},"username":"AyipMandoen","url":"/AyipMandoen/status/590314970572791808?p=v","text_tweet":"Mas Teh Kartiniku Ibuku wanita karier","time":"20 Apr 15","id":"590314970572791808"}
{"_id":{"$oid":"57cbfd187fea4b187cf7123f"},"username":"rdi971","url":"/rdi971/status/590307646214832129?p=v","text_tweet":"w sms 08121212971","time":"20 Apr 15","id":"590307646214832129"}
{"_id":{"$oid":"57cbfd187fea4b187cf71244"},"username":"PuspitaFM","url":"/PuspitaFM/status/590132839556886528?p=v","text_tweet":"15 Ambruk Kena DBD Warga Keluhkan Puskesmas/ORG Pandanwangi/LOC fogging di lingkungan","time":"20 Apr 15","id":"590132839556886528"}
{"_id":{"$oid":"57cbfd187fea4b187cf71240"},"username":"updatejawatimur","url":"/updatejawatimur/status/590090066648674304?p=v","text_tweet":"Dinkes/ORG Kota/ORG Malang/LOC Fogging Bukan Solusi Atasi DBD","time":"20 Apr 15","id":"590090066648674304"}
{"_id":{"$oid":"57cbfd187fea4b187cf71242"},"username":"MalangPos","url":"/MalangPos/status/590167305562116097?p=v","text_tweet":"DBD Serang/CON 15/NUM Warga Pandanwangi/LOC Kota/ORG Malang/LOC Seorang Meninggal/CON","time":"20 Apr 15","id":"590167305562116097"}
{"_id":{"$oid":"57cbfd187fea4b187cf71245"},"username":"PuspitaFM","url":"/PuspitaFM/status/590088830427893760?p=v","text_tweet":"Simak 17 05 1/NUM Warga Malang/LOC Meninggal/CON Akibat DBD","time":"20 Apr 15","id":"590088830427893760"}
{"_id":{"$oid":"57cbfd187fea4b187cf71246"},"username":"PuspitaFM","url":"/PuspitaFM/status/590112974473297921?p=v","text_tweet":"15/NUM Warga Pandanwangi/LOC Terjangkit/CON DBD","time":"20 Apr 15","id":"590112974473297921"}
{"_id":{"$oid":"57cbfd187fea4b187cf71247"},"username":"bungtomsss","url":"/bungtomsss/status/590361213168521218?p=v","text_tweet":"1/NUM tewas/CON karena DBD Dinkes/ORG Kota/ORG Malang/LOC tolak fogging","time":"20 Apr 15","id":"590361213168521218"}
{"_id":{"$oid":"57cbfd187fea4b187cf71236"},"username":"EdyMitharockerz","url":"/EdyMitharockerz/status/590311133258493952?p=v","text_tweet":"perempuan hebat bagiku adlh bhagiakanlh selagi brsama","time":"20 Apr 15","id":"590311133258493952"}
{"_id":{"$oid":"57cbfd187fea4b187cf71249"},"username":"MUSLIMAHebat","url":"/MUSLIMAHebat/status/590276534893551617?p=v","text_tweet":"AWAS DEMAM BERDARAH mengintai/CON Cegah dgn gt gt","time":"20 Apr 15","id":"590276534893551617"}
{"_id":{"$oid":"57cbfd187fea4b187cf71239"},"username":"c0150b89a2d1492","url":"/c0150b89a2d1492/status/590309438860316672?p=v","text_tweet":"mama deh hbat ngurus kluarga smua ma2 yng krjain smpe msak nyuci gosok smpe jaga cucu 5","time":"20 Apr 15","id":"590309438860316672"}
{"_id":{"$oid":"57cbfd187fea4b187cf71248"},"username":"butiKavaka","url":"/butiKavaka/status/590384770489524224?p=v","text_tweet":"AWAS DEMAM BERDARAH mengintai/CON Cegah dgn gt gt","time":"20 Apr 15","id":"590384770489524224"}
{"_id":{"$oid":"57cbfd187fea4b187cf71243"},"username":"bulungandotnet","url":"/bulungandotnet/status/590329283702300672?p=v","text_tweet":"Kaltim Waspada Endemis DBD","time":"20 Apr 15","id":"590329283702300672"}
{"_id":{"$oid":"57cbfd187fea4b187cf7124c"},"username":"beritik","url":"/beritik/status/590090360271024128?p=v","text_tweet":"DBD Kembali Mewabah di Kota/ORG Malang/LOC","time":"20 Apr 15","id":"590090360271024128"}
{"_id":{"$oid":"57cbfd187fea4b187cf7124d"},"username":"ELFARAFM","url":"/ELFARAFM/status/590316333633409024?p=v","text_tweet":"Kota/ORG Malang/LOC siaga DBD","time":"20 Apr 15","id":"590316333633409024"}
{"_id":{"$oid":"57cbfd187fea4b187cf7124e"},"username":"ELFARAFM","url":"/ELFARAFM/status/590316333633409024?p=v","text_tweet":"Hati2 ya guys","time":"20 Apr 15","id":"590316333633409024"}
{"_id":{"$oid":"57cbfd197fea4b187cf71250"},"username":"Ayu_A08","url":"/Ayu_A08/status/590334883270111233?p=v","text_tweet":"Lo sih nongkrong nya di kali mulu kena/CON DBD","time":"20 Apr 15","id":"590334883270111233"}
{"_id":{"$oid":"57cbfd187fea4b187cf7124a"},"username":"SecurityNewsbot","url":"/SecurityNewsbot/status/590224691077382144?p=v","text_tweet":"20 perl DBD Firebird 1 19 1 fc20 2015 5601","time":"20 Apr 15","id":"590224691077382144"}
{"_id":{"$oid":"57cbfd197fea4b187cf71251"},"username":"Beritasatu","url":"/Beritasatu/status/590318235943243776?p=v","text_tweet":"Fogging Tak Selalu Efektif Cegah Demam Berdarah","time":"20 Apr 15","id":"590318235943243776"}
{"_id":{"$oid":"57cbfd187fea4b187cf71237"},"username":"DikriSf","url":"/DikriSf/status/590311317719748609?p=v","text_tweet":"mamake","time":"20 Apr 15","id":"590311317719748609"}
{"_id":{"$oid":"57cbfd187fea4b187cf7124b"},"username":"BeritaKilat","url":"/BeritaKilat/status/590345234938200065?p=v","text_tweet":"DEMAM BERDARAH Pengasapan Bukan Solusi","time":"20 Apr 15","id":"590345234938200065"}
{"_id":{"$oid":"57cbfd197fea4b187cf7124f"},"username":"Ayu_A08","url":"/Ayu_A08/status/590334883270111233?p=v","text_tweet":"Gws de kaget denger lo dirawat/CON","time":"20 Apr 15","id":"590334883270111233"}
{"_id":{"$oid":"57cbfd187fea4b187cf7123d"},"username":"info_malang","url":"/info_malang/status/590121641046245376?p=v","text_tweet":"15 Ambruk Kena DBD Warga Keluhkan Puskesmas/ORG Tolak Fogging Ada 1/NUM warga di RT/ORG 10 meningga","time":"20 Apr 15","id":"590121641046245376"}
{"_id":{"$oid":"57cbfd197fea4b187cf71252"},"username":"humasprovkalbar","url":"/humasprovkalbar/status/590347660671918080?p=v","text_tweet":"DEMAM BERDARAH Pengasapan Bukan Solusi Lifestyle via","time":"20 Apr 15","id":"590347660671918080"}
{"_id":{"$oid":"57cbfd187fea4b187cf71241"},"username":"updatejawatimur","url":"/updatejawatimur/status/590071719664070656?p=v","text_tweet":"15/NUM Warga Malang/LOC Terserang/CON DBD 1 1/NUM Meninggal/CON","time":"20 Apr 15","id":"590071719664070656"}
{"_id":{"$oid":"57cbfd187fea4b187cf7123e"},"username":"rdi971","url":"/rdi971/status/590307646214832129?p=v","text_tweet":"yuk share Sp sih perempuan hebat dimata km","time":"20 Apr 15","id":"590307646214832129"}
