{"_id":{"$oid":"57b1ec7f7fea4b73228c04a3"},"username":"BambangParijoto","index":2038,"data_id":"/BambangParijoto/status/584967790647316480?p=v","url":"584967790647316480","time_tweet":"5 Apr 15","text_tweet":"20 Kasus DBD, Gondangrejo Gerakkan PSN Serentak dlvr.it/9GX1Tb","original_tweet":"\u003cdiv class=\"dir-ltr\" dir=\"ltr\"\u003e  20 Kasus \u003cspan class=\"twitter-hit-highlight\"\u003eDBD\u003c/span\u003e, Gondangrejo Gerakkan PSN Serentak \u003ca href=\"http://t.co/lMtL03TxHp\" rel=\"nofollow\" dir=\"ltr\" data-expanded-url=\"http://dlvr.it/9GX1Tb\" data-url=\"http://dlvr.it/9GX1Tb\" class=\"twitter_external_link dir-ltr tco-link\" target=\"_blank\" title=\"http://dlvr.it/9GX1Tb\"\u003edlvr.it/9GX1Tb\u003c/a\u003e\n\u003c/div\u003e"}
{"_id":{"$oid":"57b1ec7f7fea4b73228c04a2"},"username":"slimbeautycarep","index":2037,"data_id":"/slimbeautycarep/status/584969238105858048?p=v","url":"584969238105858048","time_tweet":"5 Apr 15","text_tweet":"seperti malaria dan demam berdarah dan yang paling menjengkelkan adalah gigitan nyamuk yang bengkak dan juga kadang berbekas.","original_tweet":"\u003cdiv class=\"dir-ltr\" dir=\"ltr\"\u003e  seperti malaria dan \u003cspan class=\"twitter-hit-highlight\"\u003edemam berdarah\u003c/span\u003e dan yang paling menjengkelkan adalah gigitan nyamuk yang bengkak dan juga kadang berbekas.\n\u003c/div\u003e"}
{"_id":{"$oid":"57b1ec7f7fea4b73228c04a4"},"username":"ermayow_","index":2039,"data_id":"/ermayow_/status/584964022853902336?p=v","url":"584964022853902336","time_tweet":"5 Apr 15","text_tweet":"@Soffell_ID dkter: krn dngn soffell, kt dpt terhndar dr ggtan nyamuk. Dan mencegah pnykt DBD. Dd: iyah dktr, trima ksh dkter :) #KuisSoffell","original_tweet":"\u003cdiv class=\"dir-ltr\" dir=\"ltr\"\u003e  \u003ca href=\"/Soffell_ID\" class=\"twitter-atreply dir-ltr\" dir=\"ltr\" data-mentioned-user-id=\"1601959920\" data-screenname=\"Soffell_ID\"\u003e@Soffell_ID\u003c/a\u003e dkter: krn dngn soffell, kt dpt terhndar dr ggtan nyamuk. Dan mencegah pnykt \u003cspan class=\"twitter-hit-highlight\"\u003eDBD\u003c/span\u003e. Dd: iyah dktr, trima ksh dkter :) \u003ca href=\"/hashtag/KuisSoffell?src=hash\" data-query-source=\"hashtag_click\" class=\"twitter-hashtag dir-ltr\" dir=\"ltr\"\u003e#KuisSoffell\u003c/a\u003e\n\u003c/div\u003e"}
{"_id":{"$oid":"57b1ec877fea4b73228c04a6"},"username":"yolaapriyani","index":2041,"data_id":"/yolaapriyani/status/584961265228877825?p=v","url":"584961265228877825","time_tweet":"5 Apr 15","text_tweet":"Cewek PMS kalo di gigit nyamuk, nyamuknya yg kena DBD hahaha","original_tweet":"\u003cdiv class=\"dir-ltr\" dir=\"ltr\"\u003e  Cewek PMS kalo di gigit nyamuk, nyamuknya yg kena \u003cspan class=\"twitter-hit-highlight\"\u003eDBD\u003c/span\u003e hahaha\n\u003c/div\u003e"}
{"_id":{"$oid":"57b1ec877fea4b73228c04a7"},"username":"kompascom","index":2042,"data_id":"/kompascom/status/584960520106582016?p=v","url":"584960520106582016","time_tweet":"5 Apr 15","text_tweet":"Warga Miskin Terserang Demam Berdarah, Dua Orang Meninggal kom.ps/AFr4tT","original_tweet":"\u003cdiv class=\"dir-ltr\" dir=\"ltr\"\u003e  Warga Miskin Terserang \u003cspan class=\"twitter-hit-highlight\"\u003eDemam Berdarah\u003c/span\u003e, Dua Orang Meninggal \u003ca href=\"http://t.co/mkQem7tneG\" rel=\"nofollow\" dir=\"ltr\" data-expanded-url=\"http://kom.ps/AFr4tT\" data-url=\"http://kom.ps/AFr4tT\" class=\"twitter_external_link dir-ltr tco-link\" target=\"_blank\" title=\"http://kom.ps/AFr4tT\"\u003ekom.ps/AFr4tT\u003c/a\u003e\n\u003c/div\u003e"}
{"_id":{"$oid":"57b1ec877fea4b73228c04a9"},"username":"butiKavaka","index":2044,"data_id":"/butiKavaka/status/584948914102480896?p=v","url":"584948914102480896","time_tweet":"5 Apr 15","text_tweet":"#InfoKesehatan | AWAS DEMAM BERDARAH mengintai kita, Cegah dgn cara ini \u0026gt;\u0026gt; goo.gl/6mSCQB | @INFOwargaDKI @duniaWANITA_","original_tweet":"\u003cdiv class=\"dir-ltr\" dir=\"ltr\"\u003e  \u003ca href=\"/hashtag/InfoKesehatan?src=hash\" data-query-source=\"hashtag_click\" class=\"twitter-hashtag dir-ltr\" dir=\"ltr\"\u003e#InfoKesehatan\u003c/a\u003e | AWAS \u003cspan class=\"twitter-hit-highlight\"\u003eDEMAM BERDARAH\u003c/span\u003e mengintai kita, Cegah dgn cara ini \u0026gt;\u0026gt; \u003ca href=\"http://t.co/EKkVwLI7mE\" rel=\"nofollow\" dir=\"ltr\" data-expanded-url=\"http://goo.gl/6mSCQB\" data-url=\"http://goo.gl/6mSCQB\" class=\"twitter_external_link dir-ltr tco-link\" target=\"_blank\" title=\"http://goo.gl/6mSCQB\"\u003egoo.gl/6mSCQB\u003c/a\u003e | \u003ca href=\"/INFOwargaDKI\" class=\"twitter-atreply dir-ltr\" dir=\"ltr\" data-mentioned-user-id=\"316264120\" data-screenname=\"INFOwargaDKI\"\u003e@INFOwargaDKI\u003c/a\u003e \u003ca href=\"/duniaWANITA_\" class=\"twitter-atreply dir-ltr\" dir=\"ltr\" data-mentioned-user-id=\"873071179\" data-screenname=\"duniaWANITA_\"\u003e@duniaWANITA_\u003c/a\u003e\n\u003c/div\u003e"}
{"_id":{"$oid":"57b1ec877fea4b73228c04aa"},"username":"PopyJDB","index":2045,"data_id":"/PopyJDB/status/584932447650914305?p=v","url":"584932447650914305","time_tweet":"5 Apr 15","text_tweet":"@soffell_id Dkter:Dd dmam biasa,u/ mnghndari DBD pke soffell yaDD:emg ga bhya buat ank kcil?Dkter:Nggk,Soffell amn u/ ank,lembt n hrum:)","original_tweet":"\u003cdiv class=\"dir-ltr\" dir=\"ltr\"\u003e  \u003ca href=\"/Soffell_ID\" class=\"twitter-atreply dir-ltr\" dir=\"ltr\" data-mentioned-user-id=\"1601959920\" data-screenname=\"Soffell_ID\"\u003e@soffell_id\u003c/a\u003e Dkter:Dd dmam biasa,u/ mnghndari \u003cspan class=\"twitter-hit-highlight\"\u003eDBD\u003c/span\u003e pke soffell ya\nDD:emg ga bhya buat ank kcil?\nDkter:Nggk,Soffell amn u/ ank,lembt n hrum:)\n\u003c/div\u003e"}
{"_id":{"$oid":"57b1ec877fea4b73228c04ab"},"username":"RinoSaas","index":2046,"data_id":"/RinoSaas/status/584928871658561538?p=v","url":"584928871658561538","time_tweet":"5 Apr 15","text_tweet":"Gejala DBD :'( kalo emang umur q udah brakhr..q mnta maaf buat kalian orang orang yang pernh aq sakiti","original_tweet":"\u003cdiv class=\"dir-ltr\" dir=\"ltr\"\u003e  Gejala \u003cspan class=\"twitter-hit-highlight\"\u003eDBD\u003c/span\u003e :'(   kalo emang umur q udah brakhr..  q mnta maaf buat kalian orang orang yang pernh aq sakiti\n\u003c/div\u003e"}
{"_id":{"$oid":"57b1ec877fea4b73228c04a5"},"username":"andika_yuda28","index":2040,"data_id":"/andika_yuda28/status/584961938456768512?p=v","url":"584961938456768512","time_tweet":"5 Apr 15","text_tweet":"Jambu biji, pepaya, jeruk, atau mangga yang kaya cairan baik dikonsumsi untuk membantu pemulihan saat demam berdarah.","original_tweet":"\u003cdiv class=\"dir-ltr\" dir=\"ltr\"\u003e  Jambu biji, pepaya, jeruk, atau mangga yang kaya cairan baik dikonsumsi untuk membantu pemulihan saat \u003cspan class=\"twitter-hit-highlight\"\u003edemam berdarah\u003c/span\u003e.\n\u003c/div\u003e"}
{"_id":{"$oid":"57b1ec877fea4b73228c04ac"},"username":"evita_hardini","index":2047,"data_id":"/evita_hardini/status/584927110742937600?p=v","url":"584927110742937600","time_tweet":"5 Apr 15","text_tweet":"Dokter: km suka tdr siang? Dd: suka dok Dokter: bgs tp sblm tdr pake dl @Soffell_ID krn siang hari byk nyamuk DBD loh Dd: y dok #KuisSoffell","original_tweet":"\u003cdiv class=\"dir-ltr\" dir=\"ltr\"\u003e  Dokter: km suka tdr siang? Dd: suka dok Dokter: bgs tp sblm tdr pake dl \u003ca href=\"/Soffell_ID\" class=\"twitter-atreply dir-ltr\" dir=\"ltr\" data-mentioned-user-id=\"1601959920\" data-screenname=\"Soffell_ID\"\u003e@Soffell_ID\u003c/a\u003e krn siang hari byk nyamuk \u003cspan class=\"twitter-hit-highlight\"\u003eDBD\u003c/span\u003e loh Dd: y dok \u003ca href=\"/hashtag/KuisSoffell?src=hash\" data-query-source=\"hashtag_click\" class=\"twitter-hashtag dir-ltr\" dir=\"ltr\"\u003e#KuisSoffell\u003c/a\u003e\n\u003c/div\u003e"}
{"_id":{"$oid":"57b1ec877fea4b73228c04af"},"username":"Mirmanda11","index":2050,"data_id":"/Mirmanda11/status/584922768824786944?p=v","url":"584922768824786944","time_tweet":"5 Apr 15","text_tweet":"@soffell_id dd: dokter itu Soffel bwt apa? :) Dokter: ini lotion pencegah DBD,kamu jg pakai iya. dd: baik dokter :)#KuisSoffell","original_tweet":"\u003cdiv class=\"dir-ltr\" dir=\"ltr\"\u003e  \u003ca href=\"/Soffell_ID\" class=\"twitter-atreply dir-ltr\" dir=\"ltr\" data-mentioned-user-id=\"1601959920\" data-screenname=\"Soffell_ID\"\u003e@soffell_id\u003c/a\u003e dd: dokter itu Soffel bwt apa? :) Dokter: ini lotion pencegah \u003cspan class=\"twitter-hit-highlight\"\u003eDBD\u003c/span\u003e,kamu jg pakai iya. dd: baik dokter :)\u003ca href=\"/hashtag/KuisSoffell?src=hash\" data-query-source=\"hashtag_click\" class=\"twitter-hashtag dir-ltr\" dir=\"ltr\"\u003e#KuisSoffell\u003c/a\u003e\n\u003c/div\u003e"}
{"_id":{"$oid":"57b1ec877fea4b73228c04a8"},"username":"ProdukTiensBali","index":2043,"data_id":"/ProdukTiensBali/status/584950675504635904?p=v","url":"584950675504635904","time_tweet":"5 Apr 15","text_tweet":"Demam Dengue (DD) dan Demam berdarah dengue (DBD) adalah penyakit demam akut yang disebabkan oleh infeksi virus dengue.","original_tweet":"\u003cdiv class=\"dir-ltr\" dir=\"ltr\"\u003e  Demam Dengue (DD) dan \u003cspan class=\"twitter-hit-highlight\"\u003eDemam berdarah\u003c/span\u003e dengue (\u003cspan class=\"twitter-hit-highlight\"\u003eDBD\u003c/span\u003e) adalah penyakit demam akut yang disebabkan oleh infeksi virus dengue.\n\u003c/div\u003e"}
{"_id":{"$oid":"57b1ec877fea4b73228c04b1"},"username":"VinaBeverly","index":2052,"data_id":"/VinaBeverly/status/584921272049631232?p=v","url":"584921272049631232","time_tweet":"5 Apr 15","text_tweet":"Dokter:klo mau tidur pakai @Soffell_ID ya de biar ga digigit nyamuk dan terhindar dr DBD dd:siap dokter #KuisSoffell","original_tweet":"\u003cdiv class=\"dir-ltr\" dir=\"ltr\"\u003e  Dokter:klo mau tidur pakai \u003ca href=\"/Soffell_ID\" class=\"twitter-atreply dir-ltr\" dir=\"ltr\" data-mentioned-user-id=\"1601959920\" data-screenname=\"Soffell_ID\"\u003e@Soffell_ID\u003c/a\u003e ya de biar ga digigit nyamuk dan terhindar dr \u003cspan class=\"twitter-hit-highlight\"\u003eDBD\u003c/span\u003e dd:siap dokter \u003ca href=\"/hashtag/KuisSoffell?src=hash\" data-query-source=\"hashtag_click\" class=\"twitter-hashtag dir-ltr\" dir=\"ltr\"\u003e#KuisSoffell\u003c/a\u003e\n\u003c/div\u003e"}
{"_id":{"$oid":"57b1ec877fea4b73228c04b2"},"username":"kidnesia","index":2053,"data_id":"/kidnesia/status/584920373998690304?p=v","url":"584920373998690304","time_tweet":"5 Apr 15","text_tweet":"Nyamuk, Si Obat DBD: Demam berdarah bisa sembuh dengan nyamuk? Kok, bisa, sih? bit.ly/1C8TWoo","original_tweet":"\u003cdiv class=\"dir-ltr\" dir=\"ltr\"\u003e  Nyamuk, Si Obat \u003cspan class=\"twitter-hit-highlight\"\u003eDBD\u003c/span\u003e: \u003cspan class=\"twitter-hit-highlight\"\u003eDemam berdarah\u003c/span\u003e bisa sembuh dengan nyamuk\n? Kok, bisa, sih? \u003ca href=\"http://t.co/twh2ihRNp6\" rel=\"nofollow\" dir=\"ltr\" data-expanded-url=\"http://bit.ly/1C8TWoo\" data-url=\"http://bit.ly/1C8TWoo\" class=\"twitter_external_link dir-ltr tco-link\" target=\"_blank\" title=\"http://bit.ly/1C8TWoo\"\u003ebit.ly/1C8TWoo\u003c/a\u003e\n\u003c/div\u003e"}
{"_id":{"$oid":"57b1ec877fea4b73228c04b3"},"username":"ayuvan14","index":2054,"data_id":"/ayuvan14/status/584916125093232640?p=v","url":"584916125093232640","time_tweet":"5 Apr 15","text_tweet":"@Soffell_ID Dokter: Ini cuma gejala DBD kok dek, km ga kena kok :). Biar terhindar dr DBD, dede hrus rajin pakai soffell tiap mau bobo ya :)","original_tweet":"\u003cdiv class=\"dir-ltr\" dir=\"ltr\"\u003e  \u003ca href=\"/Soffell_ID\" class=\"twitter-atreply dir-ltr\" dir=\"ltr\" data-mentioned-user-id=\"1601959920\" data-screenname=\"Soffell_ID\"\u003e@Soffell_ID\u003c/a\u003e Dokter: Ini cuma gejala \u003cspan class=\"twitter-hit-highlight\"\u003eDBD\u003c/span\u003e kok dek, km ga kena kok :). Biar terhindar dr \u003cspan class=\"twitter-hit-highlight\"\u003eDBD\u003c/span\u003e, dede hrus rajin pakai soffell tiap mau bobo ya :)\n\u003c/div\u003e"}
{"_id":{"$oid":"57b1ec877fea4b73228c04ad"},"username":"Mirmanda11","index":2048,"data_id":"/Mirmanda11/status/584926438635266048?p=v","url":"584926438635266048","time_tweet":"5 Apr 15","text_tweet":"@soffell_id dd: knp sih buk dokter sllu bawa Soffell? :) Dokter: krn cuma Soffell yg ampuh bwt pencegah DBD :) #KuisSoffell","original_tweet":"\u003cdiv class=\"dir-ltr\" dir=\"ltr\"\u003e  \u003ca href=\"/Soffell_ID\" class=\"twitter-atreply dir-ltr\" dir=\"ltr\" data-mentioned-user-id=\"1601959920\" data-screenname=\"Soffell_ID\"\u003e@soffell_id\u003c/a\u003e dd: knp sih buk dokter sllu bawa Soffell? :) Dokter: krn cuma Soffell yg ampuh bwt pencegah \u003cspan class=\"twitter-hit-highlight\"\u003eDBD\u003c/span\u003e :) \u003ca href=\"/hashtag/KuisSoffell?src=hash\" data-query-source=\"hashtag_click\" class=\"twitter-hashtag dir-ltr\" dir=\"ltr\"\u003e#KuisSoffell\u003c/a\u003e\n\u003c/div\u003e"}
{"_id":{"$oid":"57b1ec877fea4b73228c04b4"},"username":"buletinsehatmu","index":2055,"data_id":"/buletinsehatmu/status/584914346771353600?p=v","url":"584914346771353600","time_tweet":"5 Apr 15","text_tweet":"Awas, Serangan Demam Berdarah Dengue yang Mematikan! - Demam Berdarah Dengue | Foto : indo4life(com) DBD atau Dema... ow.ly/2WXODO","original_tweet":"\u003cdiv class=\"dir-ltr\" dir=\"ltr\"\u003e  Awas, Serangan \u003cspan class=\"twitter-hit-highlight\"\u003eDemam Berdarah\u003c/span\u003e Dengue yang Mematikan! - \u003cspan class=\"twitter-hit-highlight\"\u003eDemam Berdarah\u003c/span\u003e Dengue | Foto : indo4life(com) \u003cspan class=\"twitter-hit-highlight\"\u003eDBD\u003c/span\u003e atau Dema... \u003ca href=\"http://t.co/Uqi3V4hn6q\" rel=\"nofollow\" dir=\"ltr\" data-expanded-url=\"http://ow.ly/2WXODO\" data-url=\"http://ow.ly/2WXODO\" class=\"twitter_external_link dir-ltr tco-link\" target=\"_blank\" title=\"http://ow.ly/2WXODO\"\u003eow.ly/2WXODO\u003c/a\u003e\n\u003c/div\u003e"}
{"_id":{"$oid":"57b1ec8f7fea4b73228c04b6"},"username":"ondemande9","index":2057,"data_id":"/ondemande9/status/584912111320506368?p=v","url":"584912111320506368","time_tweet":"5 Apr 15","text_tweet":"Awas, Serangan Demam Berdarah Dengue yang Mematikan!: DBD atau Demam Berdarah Dengue merupakan salah satu peny... bit.ly/1F3wBLT","original_tweet":"\u003cdiv class=\"dir-ltr\" dir=\"ltr\"\u003e  Awas, Serangan \u003cspan class=\"twitter-hit-highlight\"\u003eDemam Berdarah\u003c/span\u003e Dengue yang Mematikan!: \u003cspan class=\"twitter-hit-highlight\"\u003eDBD\u003c/span\u003e atau \u003cspan class=\"twitter-hit-highlight\"\u003eDemam Berdarah\u003c/span\u003e Dengue merupakan salah satu peny... \u003ca href=\"http://t.co/y986bnsOCb\" rel=\"nofollow\" dir=\"ltr\" data-expanded-url=\"http://bit.ly/1F3wBLT\" data-url=\"http://bit.ly/1F3wBLT\" class=\"twitter_external_link dir-ltr tco-link\" target=\"_blank\" title=\"http://bit.ly/1F3wBLT\"\u003ebit.ly/1F3wBLT\u003c/a\u003e\n\u003c/div\u003e"}
{"_id":{"$oid":"57b1ec877fea4b73228c04b5"},"username":"TidarSaktiFM","index":2056,"data_id":"/TidarSaktiFM/status/584912442175651842?p=v","url":"584912442175651842","time_tweet":"5 Apr 15","text_tweet":"#3jam Sahabat, Pancaroba, Waspadai DBD dan Influenza!info lengkapnya di sini via... fb.me/4waqfkg0b","original_tweet":"\u003cdiv class=\"dir-ltr\" dir=\"ltr\"\u003e  \u003ca href=\"/hashtag/3jam?src=hash\" data-query-source=\"hashtag_click\" class=\"twitter-hashtag dir-ltr\" dir=\"ltr\"\u003e#3jam\u003c/a\u003e Sahabat, Pancaroba, Waspadai \u003cspan class=\"twitter-hit-highlight\"\u003eDBD\u003c/span\u003e dan Influenza!\ninfo lengkapnya di sini via... \u003ca href=\"http://t.co/SwWzjN991T\" rel=\"nofollow\" dir=\"ltr\" data-expanded-url=\"http://fb.me/4waqfkg0b\" data-url=\"http://fb.me/4waqfkg0b\" class=\"twitter_external_link dir-ltr tco-link\" target=\"_blank\" title=\"http://fb.me/4waqfkg0b\"\u003efb.me/4waqfkg0b\u003c/a\u003e\n\u003c/div\u003e"}
{"_id":{"$oid":"57b1ec877fea4b73228c04ae"},"username":"evita_hardini","index":2049,"data_id":"/evita_hardini/status/584925911910191105?p=v","url":"584925911910191105","time_tweet":"5 Apr 15","text_tweet":"Dokter: dd klo lg d sklh pake @Soffell_ID gk? Dd: gk dok mank knp? Dokter: d pakai y biar gk d gigit nyamuk DBD Dd: y dok! #kuisSoffell","original_tweet":"\u003cdiv class=\"dir-ltr\" dir=\"ltr\"\u003e  Dokter: dd klo lg d sklh pake \u003ca href=\"/Soffell_ID\" class=\"twitter-atreply dir-ltr\" dir=\"ltr\" data-mentioned-user-id=\"1601959920\" data-screenname=\"Soffell_ID\"\u003e@Soffell_ID\u003c/a\u003e gk? Dd: gk dok mank knp? Dokter: d pakai y biar gk d gigit nyamuk \u003cspan class=\"twitter-hit-highlight\"\u003eDBD\u003c/span\u003e Dd: y dok! \u003ca href=\"/hashtag/kuisSoffell?src=hash\" data-query-source=\"hashtag_click\" class=\"twitter-hashtag dir-ltr\" dir=\"ltr\"\u003e#kuisSoffell\u003c/a\u003e\n\u003c/div\u003e"}
{"_id":{"$oid":"57b1ec8f7fea4b73228c04b7"},"username":"Sri_1945","index":2058,"data_id":"/Sri_1945/status/584908084864098305?p=v","url":"584908084864098305","time_tweet":"5 Apr 15","text_tweet":"@Soffell_ID Dokter bagainana cara bebas dari DBD? Dr: Selalu siap soffell dmnapun\u0026; kpnpun ky dokter dong:) #KuisSoffell","original_tweet":"\u003cdiv class=\"dir-ltr\" dir=\"ltr\"\u003e  \u003ca href=\"/Soffell_ID\" class=\"twitter-atreply dir-ltr\" dir=\"ltr\" data-mentioned-user-id=\"1601959920\" data-screenname=\"Soffell_ID\"\u003e@Soffell_ID\u003c/a\u003e Dokter bagainana cara bebas dari \u003cspan class=\"twitter-hit-highlight\"\u003eDBD\u003c/span\u003e? \nDr: Selalu siap soffell dmnapun\u0026amp; kpnpun ky dokter dong:) \u003ca href=\"/hashtag/KuisSoffell?src=hash\" data-query-source=\"hashtag_click\" class=\"twitter-hashtag dir-ltr\" dir=\"ltr\"\u003e#KuisSoffell\u003c/a\u003e\n\u003c/div\u003e"}
{"_id":{"$oid":"57b1ec8f7fea4b73228c04b8"},"username":"sulstya","index":2059,"data_id":"/sulstya/status/584907496499781632?p=v","url":"584907496499781632","time_tweet":"5 Apr 15","text_tweet":"@Soffell_ID dd : doktel, dede sakit apa ?Dokter : ohh, dde cuma demam kok. Hati hati dbd ya deDd : tenang bu, kan dde pake soffel seharian","original_tweet":"\u003cdiv class=\"dir-ltr\" dir=\"ltr\"\u003e  \u003ca href=\"/Soffell_ID\" class=\"twitter-atreply dir-ltr\" dir=\"ltr\" data-mentioned-user-id=\"1601959920\" data-screenname=\"Soffell_ID\"\u003e@Soffell_ID\u003c/a\u003e dd : doktel, dede sakit apa ?\nDokter : ohh, dde cuma demam kok. Hati hati \u003cspan class=\"twitter-hit-highlight\"\u003edbd\u003c/span\u003e ya de\nDd : tenang bu, kan dde pake soffel seharian\n\u003c/div\u003e"}
{"_id":{"$oid":"57b1ec8f7fea4b73228c04b9"},"username":"PuspitaFM","index":2060,"data_id":"/PuspitaFM/status/584903381568761857?p=v","url":"584903381568761857","time_tweet":"5 Apr 15","text_tweet":"#JMR Pancaroba, Waspadai DBD dan Influenza! malangtimes.com/berita/0604201‚Ä¶","original_tweet":"\u003cdiv class=\"dir-ltr\" dir=\"ltr\"\u003e  \u003ca href=\"/hashtag/JMR?src=hash\" data-query-source=\"hashtag_click\" class=\"twitter-hashtag dir-ltr\" dir=\"ltr\"\u003e#JMR\u003c/a\u003e Pancaroba, Waspadai \u003cspan class=\"twitter-hit-highlight\"\u003eDBD\u003c/span\u003e dan Influenza! \u003ca href=\"http://t.co/ehFYbUNYhf\" rel=\"nofollow\" dir=\"ltr\" data-expanded-url=\"http://malangtimes.com/berita/06042015/29990/pancaroba-waspadai-dbd-dan-influenza.html\" data-url=\"http://malangtimes.com/berita/06042015/29990/pancaroba-waspadai-dbd-dan-influenza.html\" class=\"twitter_external_link dir-ltr tco-link\" target=\"_blank\" title=\"http://malangtimes.com/berita/06042015/29990/pancaroba-waspadai-dbd-dan-influenza.html\"\u003emalangtimes.com/berita/0604201‚Ä¶\u003c/a\u003e\n\u003c/div\u003e"}
{"_id":{"$oid":"57b1ec8f7fea4b73228c04bb"},"username":"katawartadotcom","index":2062,"data_id":"/katawartadotcom/status/584901374237749248?p=v","url":"584901374237749248","time_tweet":"5 Apr 15","text_tweet":"Dinkes Surabaya Gerak Cepat Menindaklanjuti Laporan DBD tinyurl.com/knz3pun","original_tweet":"\u003cdiv class=\"dir-ltr\" dir=\"ltr\"\u003e  Dinkes Surabaya Gerak Cepat Menindaklanjuti Laporan \u003cspan class=\"twitter-hit-highlight\"\u003eDBD\u003c/span\u003e \u003ca href=\"http://t.co/31pE3nbLzf\" rel=\"nofollow\" dir=\"ltr\" data-expanded-url=\"http://tinyurl.com/knz3pun\" data-url=\"http://tinyurl.com/knz3pun\" class=\"twitter_external_link dir-ltr tco-link\" target=\"_blank\" title=\"http://tinyurl.com/knz3pun\"\u003etinyurl.com/knz3pun\u003c/a\u003e\n\u003c/div\u003e"}
{"_id":{"$oid":"57b1ec8f7fea4b73228c04ba"},"username":"mithathathatha","index":2061,"data_id":"/mithathathatha/status/584901501610524673?p=v","url":"584901501610524673","time_tweet":"5 Apr 15","text_tweet":"Demam Berdarah Dengueüôè (at Pavilliun Praja Amerta (Wangaya Hospital)) ‚Äî path.com/p/27nFzL","original_tweet":"\u003cdiv class=\"dir-ltr\" dir=\"ltr\"\u003e  \u003cspan class=\"twitter-hit-highlight\"\u003eDemam Berdarah\u003c/span\u003e Dengueüôè (at Pavilliun Praja Amerta (Wangaya Hospital)) ‚Äî \u003ca href=\"https://t.co/TotB684jwp\" rel=\"nofollow\" dir=\"ltr\" data-expanded-url=\"https://path.com/p/27nFzL\" data-url=\"https://path.com/p/27nFzL\" class=\"twitter_external_link dir-ltr tco-link\" target=\"_blank\" title=\"https://path.com/p/27nFzL\"\u003epath.com/p/27nFzL\u003c/a\u003e\n\u003c/div\u003e"}
{"_id":{"$oid":"57b1ec8f7fea4b73228c04bd"},"username":"depoknews","index":2064,"data_id":"/depoknews/status/584897221436375040?p=v","url":"584897221436375040","time_tweet":"5 Apr 15","text_tweet":"Tujuh warga Ratu Jaya Depok terjangkit DBD--\u0026gt; bit.ly/1MVjXCZ","original_tweet":"\u003cdiv class=\"dir-ltr\" dir=\"ltr\"\u003e  Tujuh warga Ratu Jaya Depok terjangkit \u003cspan class=\"twitter-hit-highlight\"\u003eDBD\u003c/span\u003e\n--\u0026gt; \u003ca href=\"http://t.co/WFHlU2qqBs\" rel=\"nofollow\" dir=\"ltr\" data-expanded-url=\"http://bit.ly/1MVjXCZ\" data-url=\"http://bit.ly/1MVjXCZ\" class=\"twitter_external_link dir-ltr tco-link\" target=\"_blank\" title=\"http://bit.ly/1MVjXCZ\"\u003ebit.ly/1MVjXCZ\u003c/a\u003e\n\u003c/div\u003e"}
{"_id":{"$oid":"57b1ec8f7fea4b73228c04be"},"username":"depoknews","index":2065,"data_id":"/depoknews/status/584893485674700801?p=v","url":"584893485674700801","time_tweet":"5 Apr 15","text_tweet":"Warga Depok, segera antisipasi DBD sebelum terlambat! bit.ly/1Pb4VI0","original_tweet":"\u003cdiv class=\"dir-ltr\" dir=\"ltr\"\u003e  Warga Depok, segera antisipasi \u003cspan class=\"twitter-hit-highlight\"\u003eDBD\u003c/span\u003e sebelum terlambat! \u003ca href=\"http://t.co/ioa3PVbGef\" rel=\"nofollow\" dir=\"ltr\" data-expanded-url=\"http://bit.ly/1Pb4VI0\" data-url=\"http://bit.ly/1Pb4VI0\" class=\"twitter_external_link dir-ltr tco-link\" target=\"_blank\" title=\"http://bit.ly/1Pb4VI0\"\u003ebit.ly/1Pb4VI0\u003c/a\u003e\n\u003c/div\u003e"}
{"_id":{"$oid":"57b1ec8f7fea4b73228c04bc"},"username":"zayncloser","index":2063,"data_id":"/zayncloser/status/584897814964084736?p=v","url":"584897814964084736","time_tweet":"5 Apr 15","text_tweet":"Anamasskaalrjfbd dbd #OneDirection #TheyreTheOne @radiodisney pic.twitter.com/9VfKF4REYe","original_tweet":"\u003cdiv class=\"dir-ltr\" dir=\"ltr\"\u003e  Anamasskaalrjfbd \u003cspan class=\"twitter-hit-highlight\"\u003edbd\u003c/span\u003e \u003ca href=\"/hashtag/OneDirection?src=hash\" data-query-source=\"hashtag_click\" class=\"twitter-hashtag dir-ltr\" dir=\"ltr\"\u003e#OneDirection\u003c/a\u003e \u003ca href=\"/hashtag/TheyreTheOne?src=hash\" data-query-source=\"hashtag_click\" class=\"twitter-hashtag dir-ltr\" dir=\"ltr\"\u003e#TheyreTheOne\u003c/a\u003e \u003ca href=\"/radiodisney\" class=\"twitter-atreply dir-ltr\" dir=\"ltr\" data-mentioned-user-id=\"77504008\" data-screenname=\"radiodisney\"\u003e@radiodisney\u003c/a\u003e \u003ca href=\"http://t.co/9VfKF4REYe\" data-pre-embedded=\"true\" rel=\"nofollow\" data-entity-id=\"584897813739339776\" dir=\"ltr\" data-url=\"http://twitter.com/liamasturbad0/status/584897814964084736/photo/1\" data-tco-id=\"9VfKF4REYe\" class=\"twitter_external_link dir-ltr tco-link has-expanded-path\" target=\"_top\" data-expanded-path=\"/liamasturbad0/status/584897814964084736/photo/1\"\u003epic.twitter.com/9VfKF4REYe\u003c/a\u003e\n\u003c/div\u003e"}
{"_id":{"$oid":"57b1ec8f7fea4b73228c04c1"},"username":"SimKuringUjang","index":2068,"data_id":"/SimKuringUjang/status/584885914909966338?p=v","url":"584885914909966338","time_tweet":"5 Apr 15","text_tweet":"Angger weh panyakit Nudatang teh tt DBD , TIFUS !!","original_tweet":"\u003cdiv class=\"dir-ltr\" dir=\"ltr\"\u003e  Angger weh panyakit Nudatang teh tt \u003cspan class=\"twitter-hit-highlight\"\u003eDBD\u003c/span\u003e , TIFUS !!\n\u003c/div\u003e"}
{"_id":{"$oid":"57b1ec8f7fea4b73228c04c0"},"username":"infojatim","index":2067,"data_id":"/infojatim/status/584889192871628800?p=v","url":"584889192871628800","time_tweet":"5 Apr 15","text_tweet":"DBD Renggut Lima Nyawa Di Malang - Suara Pembaruan goo.gl/fb/KI8hQ0 #Malang","original_tweet":"\u003cdiv class=\"dir-ltr\" dir=\"ltr\"\u003e  \u003cspan class=\"twitter-hit-highlight\"\u003eDBD\u003c/span\u003e Renggut Lima Nyawa Di Malang - Suara Pembaruan \u003ca href=\"http://t.co/7l0Aaws6hV\" rel=\"nofollow\" dir=\"ltr\" data-expanded-url=\"http://goo.gl/fb/KI8hQ0\" data-url=\"http://goo.gl/fb/KI8hQ0\" class=\"twitter_external_link dir-ltr tco-link\" target=\"_blank\" title=\"http://goo.gl/fb/KI8hQ0\"\u003egoo.gl/fb/KI8hQ0\u003c/a\u003e \u003ca href=\"/hashtag/Malang?src=hash\" data-query-source=\"hashtag_click\" class=\"twitter-hashtag dir-ltr\" dir=\"ltr\"\u003e#Malang\u003c/a\u003e\n\u003c/div\u003e"}
{"_id":{"$oid":"57b1ec8f7fea4b73228c04bf"},"username":"SapawargaSby","index":2066,"data_id":"/SapawargaSby/status/584890936456384514?p=v","url":"584890936456384514","time_tweet":"5 Apr 15","text_tweet":"Informasi mengenai Call Center Demam Berdarah Dengue (DBD) Dinas Kesehatan Surabaya, bisa di klik =\u0026gt; surabaya.go.id/dinamis/?id=60‚Ä¶","original_tweet":"\u003cdiv class=\"dir-ltr\" dir=\"ltr\"\u003e  Informasi mengenai Call Center \u003cspan class=\"twitter-hit-highlight\"\u003eDemam Berdarah\u003c/span\u003e Dengue (\u003cspan class=\"twitter-hit-highlight\"\u003eDBD\u003c/span\u003e) Dinas Kesehatan Surabaya, bisa di klik =\u0026gt; \u003ca href=\"http://t.co/DlwtNDQkku\" rel=\"nofollow\" dir=\"ltr\" data-expanded-url=\"http://www.surabaya.go.id/dinamis/?id=6001\" data-url=\"http://www.surabaya.go.id/dinamis/?id=6001\" class=\"twitter_external_link dir-ltr tco-link\" target=\"_blank\" title=\"http://www.surabaya.go.id/dinamis/?id=6001\"\u003esurabaya.go.id/dinamis/?id=60‚Ä¶\u003c/a\u003e\n\u003c/div\u003e"}
{"_id":{"$oid":"57b1ec877fea4b73228c04b0"},"username":"xrahmathekiehlx","index":2051,"data_id":"/xrahmathekiehlx/status/584922730002264065?p=v","url":"584922730002264065","time_tweet":"5 Apr 15","text_tweet":"@soffell_id Anak: Dok, sy sakit apa? Dokter: Ade hny pns biasa. Hati2 kena DBD/Malaria! Anak: Tenang,Dok!Sy sllu pk Soffell kok #KuisSoffell","original_tweet":"\u003cdiv class=\"dir-ltr\" dir=\"ltr\"\u003e  \u003ca href=\"/Soffell_ID\" class=\"twitter-atreply dir-ltr\" dir=\"ltr\" data-mentioned-user-id=\"1601959920\" data-screenname=\"Soffell_ID\"\u003e@soffell_id\u003c/a\u003e Anak: Dok, sy sakit apa? Dokter: Ade hny pns biasa. Hati2 kena \u003cspan class=\"twitter-hit-highlight\"\u003eDBD\u003c/span\u003e/Malaria! Anak: Tenang,Dok!Sy sllu pk Soffell kok \u003ca href=\"/hashtag/KuisSoffell?src=hash\" data-query-source=\"hashtag_click\" class=\"twitter-hashtag dir-ltr\" dir=\"ltr\"\u003e#KuisSoffell\u003c/a\u003e\n\u003c/div\u003e"}
{"_id":{"$oid":"57b1ec997fea4b73228c04c2"},"username":"phepeakbar","index":2069,"data_id":"/phepeakbar/status/584885193422479360?p=v","url":"584885193422479360","time_tweet":"5 Apr 15","text_tweet":"Iye sama2 sodara({}) teraktirannya ye jgn lupa:G wkwk\"@SyifaGlorial: Makasih yahh sodara makasih({}) \"@phepeakbar: Dbd sodara eh salah deng","original_tweet":"\u003cdiv class=\"dir-ltr\" dir=\"ltr\"\u003e  Iye sama2 sodara({}) teraktirannya ye jgn lupa:G wkwk\"@SyifaGlorial: Makasih yahh sodara makasih({}) \"\u003ca href=\"/phepeakbar\" class=\"twitter-atreply dir-ltr\" dir=\"ltr\" data-mentioned-user-id=\"1382172199\" data-screenname=\"phepeakbar\"\u003e@phepeakbar\u003c/a\u003e: \u003cspan class=\"twitter-hit-highlight\"\u003eDbd\u003c/span\u003e sodara eh salah deng\n\u003c/div\u003e"}
{"_id":{"$oid":"57b1ec997fea4b73228c04c3"},"username":"Ceu_Di","index":2070,"data_id":"/Ceu_Di/status/584881451147005952?p=v","url":"584881451147005952","time_tweet":"5 Apr 15","text_tweet":"@rdi971 gk perlu ditebar, krn pesona aq mah dh terpancar hehe @dailoplop ketawa'y pesona banget, pagi Met hr Isnin @Didin_Bagito #DBD smngat","original_tweet":"\u003cdiv class=\"dir-ltr\" dir=\"ltr\"\u003e  \u003ca href=\"/rdi971\" class=\"twitter-atreply dir-ltr\" dir=\"ltr\" data-mentioned-user-id=\"381979676\" data-screenname=\"rdi971\"\u003e@rdi971\u003c/a\u003e gk perlu ditebar, krn pesona aq mah dh terpancar hehe \u003ca href=\"/dailoplop\" class=\"twitter-atreply dir-ltr\" dir=\"ltr\" data-mentioned-user-id=\"378541095\" data-screenname=\"dailoplop\"\u003e@dailoplop\u003c/a\u003e ketawa'y pesona banget, pagi Met hr Isnin \u003ca href=\"/Didin_Bagito\" class=\"twitter-atreply dir-ltr\" dir=\"ltr\" data-mentioned-user-id=\"151890383\" data-screenname=\"Didin_Bagito\"\u003e@Didin_Bagito\u003c/a\u003e \u003ca href=\"/hashtag/DBD?src=hash\" data-query-source=\"hashtag_click\" class=\"twitter-hashtag dir-ltr\" dir=\"ltr\"\u003e#\u003cspan class=\"twitter-hit-highlight\"\u003eDBD\u003c/span\u003e\u003c/a\u003e smngat\n\u003c/div\u003e"}
{"_id":{"$oid":"57b1ec997fea4b73228c04c5"},"username":"aryantibanjarn1","index":2072,"data_id":"/aryantibanjarn1/status/584878454576820226?p=v","url":"584878454576820226","time_tweet":"5 Apr 15","text_tweet":"@rdi971 pagi bang@Didin_Bagito teh@dailoplop , cara #tebarpesona pling curi2 pandang doang... #DBD","original_tweet":"\u003cdiv class=\"dir-ltr\" dir=\"ltr\"\u003e  \u003ca href=\"/rdi971\" class=\"twitter-atreply dir-ltr\" dir=\"ltr\" data-mentioned-user-id=\"381979676\" data-screenname=\"rdi971\"\u003e@rdi971\u003c/a\u003e pagi bang@Didin_Bagito teh@dailoplop , cara \u003ca href=\"/hashtag/tebarpesona?src=hash\" data-query-source=\"hashtag_click\" class=\"twitter-hashtag dir-ltr\" dir=\"ltr\"\u003e#tebarpesona\u003c/a\u003e pling curi2 pandang doang... \u003ca href=\"/hashtag/DBD?src=hash\" data-query-source=\"hashtag_click\" class=\"twitter-hashtag dir-ltr\" dir=\"ltr\"\u003e#\u003cspan class=\"twitter-hit-highlight\"\u003eDBD\u003c/span\u003e\u003c/a\u003e\n\u003c/div\u003e"}
{"_id":{"$oid":"57b1ec997fea4b73228c04c4"},"username":"c0150b89a2d1492","index":2071,"data_id":"/c0150b89a2d1492/status/584878545945534464?p=v","url":"584878545945534464","time_tweet":"5 Apr 15","text_tweet":"@rdi971 @Didin_Bagito @dailoplop #Dbd bwt kjutan bwt dia klo gk pura2 skit pgi cantik kmrin capek gk yc kq bng didin gk ikut sc???","original_tweet":"\u003cdiv class=\"dir-ltr\" dir=\"ltr\"\u003e  \u003ca href=\"/rdi971\" class=\"twitter-atreply dir-ltr\" dir=\"ltr\" data-mentioned-user-id=\"381979676\" data-screenname=\"rdi971\"\u003e@rdi971\u003c/a\u003e \u003ca href=\"/Didin_Bagito\" class=\"twitter-atreply dir-ltr\" dir=\"ltr\" data-mentioned-user-id=\"151890383\" data-screenname=\"Didin_Bagito\"\u003e@Didin_Bagito\u003c/a\u003e \u003ca href=\"/dailoplop\" class=\"twitter-atreply dir-ltr\" dir=\"ltr\" data-mentioned-user-id=\"378541095\" data-screenname=\"dailoplop\"\u003e@dailoplop\u003c/a\u003e \u003ca href=\"/hashtag/Dbd?src=hash\" data-query-source=\"hashtag_click\" class=\"twitter-hashtag dir-ltr\" dir=\"ltr\"\u003e#\u003cspan class=\"twitter-hit-highlight\"\u003eDbd\u003c/span\u003e\u003c/a\u003e bwt kjutan bwt dia klo gk pura2 skit pgi cantik kmrin capek gk yc kq bng didin gk ikut sc???\n\u003c/div\u003e"}
{"_id":{"$oid":"57b1ec997fea4b73228c04c6"},"username":"MelfiMeriska","index":2073,"data_id":"/MelfiMeriska/status/584876488614252544?p=v","url":"584876488614252544","time_tweet":"5 Apr 15","text_tweet":"Peneliti dari UNAIR berhasil menemukan antidengue demam berdarah, dan Indonesia menjadi negara pertama di dunia yg menemukan#BayuTravolta","original_tweet":"\u003cdiv class=\"dir-ltr\" dir=\"ltr\"\u003e  Peneliti dari UNAIR berhasil menemukan antidengue \u003cspan class=\"twitter-hit-highlight\"\u003edemam berdarah\u003c/span\u003e, dan Indonesia menjadi negara pertama di dunia yg menemukan  \u003ca href=\"/hashtag/BayuTravolta?src=hash\" data-query-source=\"hashtag_click\" class=\"twitter-hashtag dir-ltr\" dir=\"ltr\"\u003e#BayuTravolta\u003c/a\u003e\n\u003c/div\u003e"}
{"_id":{"$oid":"57b1ec997fea4b73228c04ca"},"username":"kalxplaylist","index":2077,"data_id":"/kalxplaylist/status/584864126205239297?p=v","url":"584864126205239297","time_tweet":"5 Apr 15","text_tweet":"4:35pm No Sudden Moves - Dengue Fever - The Deepest Lake(Tuk Tuk)","original_tweet":"\u003cdiv class=\"dir-ltr\" dir=\"ltr\"\u003e  4:35pm No Sudden Moves - \u003cspan class=\"twitter-hit-highlight\"\u003eDengue Fever\u003c/span\u003e - The Deepest Lake(Tuk Tuk)\n\u003c/div\u003e"}
{"_id":{"$oid":"57b1ec997fea4b73228c04cb"},"username":"StandUpIndo_WTP","index":2078,"data_id":"/StandUpIndo_WTP/status/584861956483350528?p=v","url":"584861956483350528","time_tweet":"5 Apr 15","text_tweet":"erhindar dari demam berdarah, Seorang ABG kini terserang demam korea","original_tweet":"\u003cdiv class=\"dir-ltr\" dir=\"ltr\"\u003e  erhindar dari \u003cspan class=\"twitter-hit-highlight\"\u003edemam berdarah\u003c/span\u003e, Seorang ABG kini terserang demam korea\n\u003c/div\u003e"}
{"_id":{"$oid":"57b1ec997fea4b73228c04cc"},"username":"GoBekasi","index":2079,"data_id":"/GoBekasi/status/584858480999145472?p=v","url":"584858480999145472","time_tweet":"5 Apr 15","text_tweet":"Waspada Penyebaran DBD - gobekasi.co.id/2015/04/06/was‚Ä¶ pic.twitter.com/L8CJlkxwhA","original_tweet":"\u003cdiv class=\"dir-ltr\" dir=\"ltr\"\u003e  Waspada Penyebaran \u003cspan class=\"twitter-hit-highlight\"\u003eDBD\u003c/span\u003e - \u003ca href=\"http://t.co/YRRTbpLobH\" rel=\"nofollow\" dir=\"ltr\" data-expanded-url=\"http://www.gobekasi.co.id/2015/04/06/waspada-penyebaran-dbd/\" data-url=\"http://www.gobekasi.co.id/2015/04/06/waspada-penyebaran-dbd/\" class=\"twitter_external_link dir-ltr tco-link\" target=\"_blank\" title=\"http://www.gobekasi.co.id/2015/04/06/waspada-penyebaran-dbd/\"\u003egobekasi.co.id/2015/04/06/was‚Ä¶\u003c/a\u003e \u003ca href=\"http://t.co/L8CJlkxwhA\" data-pre-embedded=\"true\" rel=\"nofollow\" data-entity-id=\"584858480906874880\" dir=\"ltr\" data-url=\"http://twitter.com/GoBekasi/status/584858480999145472/photo/1\" data-tco-id=\"L8CJlkxwhA\" class=\"twitter_external_link dir-ltr tco-link has-expanded-path\" target=\"_top\" data-expanded-path=\"/GoBekasi/status/584858480999145472/photo/1\"\u003epic.twitter.com/L8CJlkxwhA\u003c/a\u003e\n\u003c/div\u003e"}
{"_id":{"$oid":"57b1ec997fea4b73228c04c9"},"username":"MfthRizki","index":2076,"data_id":"/MfthRizki/status/584865426959572993?p=v","url":"584865426959572993","time_tweet":"5 Apr 15","text_tweet":"Ya Allah si fiqri msk rumah skt juga ini, DBD pula. Mohon doa ya semua biar cepet diangkat penyakitnya. Amin","original_tweet":"\u003cdiv class=\"dir-ltr\" dir=\"ltr\"\u003e  Ya Allah si fiqri msk rumah skt juga ini, \u003cspan class=\"twitter-hit-highlight\"\u003eDBD\u003c/span\u003e pula. Mohon doa ya semua biar cepet diangkat penyakitnya. Amin\n\u003c/div\u003e"}
{"_id":{"$oid":"57b1ec997fea4b73228c04cd"},"username":"CHIRPPlaylist","index":2080,"data_id":"/CHIRPPlaylist/status/584852338474553345?p=v","url":"584852338474553345","time_tweet":"5 Apr 15","text_tweet":"#np Dengue Fever (@DENGUEFEVER) - Rom Say Sok","original_tweet":"\u003cdiv class=\"dir-ltr\" dir=\"ltr\"\u003e  \u003ca href=\"/hashtag/np?src=hash\" data-query-source=\"hashtag_click\" class=\"twitter-hashtag dir-ltr\" dir=\"ltr\"\u003e#np\u003c/a\u003e \u003cspan class=\"twitter-hit-highlight\"\u003eDengue Fever\u003c/span\u003e (\u003ca href=\"/DENGUEFEVER\" class=\"twitter-atreply dir-ltr\" dir=\"ltr\" data-mentioned-user-id=\"15934546\" data-screenname=\"DENGUEFEVER\"\u003e@DENGUEFEVER\u003c/a\u003e) - Rom Say Sok\n\u003c/div\u003e"}
{"_id":{"$oid":"57b1ec997fea4b73228c04c8"},"username":"KIMSendangPotro","index":2075,"data_id":"/KIMSendangPotro/status/584869724699238400?p=v","url":"584869724699238400","time_tweet":"5 Apr 15","text_tweet":"3. Lepas dari DBD, Sedahkidul Tingkatkan GDSC kimsendangpotro.blogspot.com/2015/04/lepas-‚Ä¶ #PekanKIM #JawaTimur 2015 cc @pakdekarwo1950 @kimjawatimur","original_tweet":"\u003cdiv class=\"dir-ltr\" dir=\"ltr\"\u003e  3. Lepas dari \u003cspan class=\"twitter-hit-highlight\"\u003eDBD\u003c/span\u003e, Sedahkidul Tingkatkan GDSC \u003ca href=\"http://t.co/5SSDuetSaY\" rel=\"nofollow\" dir=\"ltr\" data-expanded-url=\"http://kimsendangpotro.blogspot.com/2015/04/lepas-dari-dbd-sedahkidul-biasakan-pola.html\" data-url=\"http://kimsendangpotro.blogspot.com/2015/04/lepas-dari-dbd-sedahkidul-biasakan-pola.html\" class=\"twitter_external_link dir-ltr tco-link\" target=\"_blank\" title=\"http://kimsendangpotro.blogspot.com/2015/04/lepas-dari-dbd-sedahkidul-biasakan-pola.html\"\u003ekimsendangpotro.blogspot.com/2015/04/lepas-‚Ä¶\u003c/a\u003e \u003ca href=\"/hashtag/PekanKIM?src=hash\" data-query-source=\"hashtag_click\" class=\"twitter-hashtag dir-ltr\" dir=\"ltr\"\u003e#PekanKIM\u003c/a\u003e \u003ca href=\"/hashtag/JawaTimur?src=hash\" data-query-source=\"hashtag_click\" class=\"twitter-hashtag dir-ltr\" dir=\"ltr\"\u003e#JawaTimur\u003c/a\u003e 2015 cc \u003ca href=\"/pakdekarwo1950\" class=\"twitter-atreply dir-ltr\" dir=\"ltr\" data-mentioned-user-id=\"2880205176\" data-screenname=\"pakdekarwo1950\"\u003e@pakdekarwo1950\u003c/a\u003e \u003ca href=\"/kimjawatimur\" class=\"twitter-atreply dir-ltr\" dir=\"ltr\" data-mentioned-user-id=\"3040653914\" data-screenname=\"kimjawatimur\"\u003e@kimjawatimur\u003c/a\u003e\n\u003c/div\u003e"}
{"_id":{"$oid":"57b1ec997fea4b73228c04ce"},"username":"CamiFosco1D","index":2081,"data_id":"/CamiFosco1D/status/584844426180222978?p=v","url":"584844426180222978","time_tweet":"5 Apr 15","text_tweet":"G #OneDirection #TheyreTheOne @radiodisney dbd","original_tweet":"\u003cdiv class=\"dir-ltr\" dir=\"ltr\"\u003e  G \u003ca href=\"/hashtag/OneDirection?src=hash\" data-query-source=\"hashtag_click\" class=\"twitter-hashtag dir-ltr\" dir=\"ltr\"\u003e#OneDirection\u003c/a\u003e \u003ca href=\"/hashtag/TheyreTheOne?src=hash\" data-query-source=\"hashtag_click\" class=\"twitter-hashtag dir-ltr\" dir=\"ltr\"\u003e#TheyreTheOne\u003c/a\u003e \u003ca href=\"/radiodisney\" class=\"twitter-atreply dir-ltr\" dir=\"ltr\" data-mentioned-user-id=\"77504008\" data-screenname=\"radiodisney\"\u003e@radiodisney\u003c/a\u003e \u003cspan class=\"twitter-hit-highlight\"\u003edbd\u003c/span\u003e\n\u003c/div\u003e"}
{"_id":{"$oid":"57b1ec997fea4b73228c04d0"},"username":"OpenBSD_ports","index":2083,"data_id":"/OpenBSD_ports/status/584829827351322624?p=v","url":"584829827351322624","time_tweet":"5 Apr 15","text_tweet":"afresh1@ modified databases/p5-DBD-CSV: Update databases/p5-DBD-CSV to 0.48OK aja@","original_tweet":"\u003cdiv class=\"dir-ltr\" dir=\"ltr\"\u003e  afresh1@ modified databases/p5-\u003cspan class=\"twitter-hit-highlight\"\u003eDBD\u003c/span\u003e-CSV: Update databases/p5-\u003cspan class=\"twitter-hit-highlight\"\u003eDBD\u003c/span\u003e-CSV to 0.48OK aja@\n\u003c/div\u003e"}
{"_id":{"$oid":"57b1ec997fea4b73228c04cf"},"username":"Anisamtd_","index":2082,"data_id":"/Anisamtd_/status/584841139980611584?p=v","url":"584841139980611584","time_tweet":"5 Apr 15","text_tweet":"Kemarin types sekarang udh kena DBD-_","original_tweet":"\u003cdiv class=\"dir-ltr\" dir=\"ltr\"\u003e  Kemarin types sekarang udh kena \u003cspan class=\"twitter-hit-highlight\"\u003eDBD\u003c/span\u003e-_\n\u003c/div\u003e"}
{"_id":{"$oid":"57b1ec997fea4b73228c04d1"},"username":"JavierSuero14","index":2084,"data_id":"/JavierSuero14/status/584829393341657088?p=v","url":"584829393341657088","time_tweet":"5 Apr 15","text_tweet":"Ni he dbd eedido","original_tweet":"\u003cdiv class=\"dir-ltr\" dir=\"ltr\"\u003e  Ni he \u003cspan class=\"twitter-hit-highlight\"\u003edbd\u003c/span\u003e eedido\n\u003c/div\u003e"}
{"_id":{"$oid":"57b1ec997fea4b73228c04c7"},"username":"info_malang","index":2074,"data_id":"/info_malang/status/584871807204790272?p=v","url":"584871807204790272","time_tweet":"5 Apr 15","text_tweet":"Pancaroba, Waspadai DBD dan Influenza!: MALANGTIMES ‚Äì Musim pancaroba dari penghujan ke panas, mem... bit.ly/1F2Y1BI #kerangalam","original_tweet":"\u003cdiv class=\"dir-ltr\" dir=\"ltr\"\u003e  Pancaroba, Waspadai \u003cspan class=\"twitter-hit-highlight\"\u003eDBD\u003c/span\u003e dan Influenza!: MALANGTIMES ‚Äì Musim pancaroba dari penghujan ke panas, mem... \u003ca href=\"http://t.co/EYVpIDhT70\" rel=\"nofollow\" dir=\"ltr\" data-expanded-url=\"http://bit.ly/1F2Y1BI\" data-url=\"http://bit.ly/1F2Y1BI\" class=\"twitter_external_link dir-ltr tco-link\" target=\"_blank\" title=\"http://bit.ly/1F2Y1BI\"\u003ebit.ly/1F2Y1BI\u003c/a\u003e \u003ca href=\"/hashtag/kerangalam?src=hash\" data-query-source=\"hashtag_click\" class=\"twitter-hashtag dir-ltr\" dir=\"ltr\"\u003e#kerangalam\u003c/a\u003e\n\u003c/div\u003e"}
{"_id":{"$oid":"57b1ec997fea4b73228c04d2"},"username":"yos_xxo","index":2085,"data_id":"/yos_xxo/status/584821284770545664?p=v","url":"584821284770545664","time_tweet":"5 Apr 15","text_tweet":"DBD Feat. Maria LaPiedra - NOYA #nowplaying lo mas","original_tweet":"\u003cdiv class=\"dir-ltr\" dir=\"ltr\"\u003e  \u003cspan class=\"twitter-hit-highlight\"\u003eDBD\u003c/span\u003e Feat. Maria LaPiedra - NOYA \u003ca href=\"/hashtag/nowplaying?src=hash\" data-query-source=\"hashtag_click\" class=\"twitter-hashtag dir-ltr\" dir=\"ltr\"\u003e#nowplaying\u003c/a\u003e lo mas\n\u003c/div\u003e"}
{"_id":{"$oid":"57b1ec997fea4b73228c04d3"},"username":"HanisaDarnasari","index":2086,"data_id":"/HanisaDarnasari/status/584818704078082048?p=v","url":"584818704078082048","time_tweet":"5 Apr 15","text_tweet":"Di gigit vampire berubah jadi vampire.. Di gigit Nyamuk stiap Hari,, Ga ada perubahan. Palinggan berubah jadi sakit DBD. üëç","original_tweet":"\u003cdiv class=\"dir-ltr\" dir=\"ltr\"\u003e  Di gigit vampire berubah jadi vampire.. Di gigit Nyamuk stiap Hari,, Ga ada perubahan. Palinggan berubah jadi sakit \u003cspan class=\"twitter-hit-highlight\"\u003eDBD\u003c/span\u003e. üëç\n\u003c/div\u003e"}
{"_id":{"$oid":"57b1ec997fea4b73228c04d4"},"username":"rismabisa","index":2087,"data_id":"/rismabisa/status/584798433338327040?p=v","url":"584798433338327040","time_tweet":"5 Apr 15","text_tweet":"Pemkot Surabaya Melakukan gerak cepat menangani Warga yang terkena Demam Berdarah Dengue (DBD). Bahkan Pemkot... fb.me/3GUhiCufe","original_tweet":"\u003cdiv class=\"dir-ltr\" dir=\"ltr\"\u003e  Pemkot Surabaya Melakukan gerak cepat menangani Warga yang terkena \u003cspan class=\"twitter-hit-highlight\"\u003eDemam Berdarah\u003c/span\u003e Dengue (\u003cspan class=\"twitter-hit-highlight\"\u003eDBD\u003c/span\u003e). Bahkan Pemkot... \u003ca href=\"http://t.co/jnqh1Xo9zX\" rel=\"nofollow\" dir=\"ltr\" data-expanded-url=\"http://fb.me/3GUhiCufe\" data-url=\"http://fb.me/3GUhiCufe\" class=\"twitter_external_link dir-ltr tco-link\" target=\"_blank\" title=\"http://fb.me/3GUhiCufe\"\u003efb.me/3GUhiCufe\u003c/a\u003e\n\u003c/div\u003e"}
{"_id":{"$oid":"57b1ec9c7fea4b73228c04d7"},"username":"fernandosinagaa","index":2090,"data_id":"/fernandosinagaa/status/584758314581368832?p=v","url":"584758314581368832","time_tweet":"5 Apr 15","text_tweet":"gak boleh nyimpen duit lama2, dimakan rayap. \"@dayanalady: Tabungan harus sering2 dikuras biar ga banyak jentik penyebab demam berdarah.","original_tweet":"\u003cdiv class=\"dir-ltr\" dir=\"ltr\"\u003e  gak boleh nyimpen duit lama2, dimakan rayap. \"\u003ca href=\"/dayanalady\" class=\"twitter-atreply dir-ltr\" dir=\"ltr\" data-mentioned-user-id=\"62293005\" data-screenname=\"dayanalady\"\u003e@dayanalady\u003c/a\u003e: Tabungan harus sering2 dikuras biar ga banyak jentik penyebab \u003cspan class=\"twitter-hit-highlight\"\u003edemam berdarah\u003c/span\u003e.\n\u003c/div\u003e"}
{"_id":{"$oid":"57b1ec9c7fea4b73228c04d8"},"username":"dayanalady","index":2091,"data_id":"/dayanalady/status/584757143271706624?p=v","url":"584757143271706624","time_tweet":"5 Apr 15","text_tweet":"Tabungan harus sering2 dikuras biar ga banyak jentik-jentiknya.Ga baek, bisa jd sarang penyebab demam berdarah.Ancaat! :)) :))","original_tweet":"\u003cdiv class=\"dir-ltr\" dir=\"ltr\"\u003e  Tabungan harus sering2 dikuras biar ga banyak jentik-jentiknya.\n\nGa baek, bisa jd sarang penyebab \u003cspan class=\"twitter-hit-highlight\"\u003edemam berdarah\u003c/span\u003e.\n\nAncaat! :)) :))\n\u003c/div\u003e"}
{"_id":{"$oid":"57b1ec9c7fea4b73228c04da"},"username":"Flopy_Aranda","index":2093,"data_id":"/Flopy_Aranda/status/584755390597988352?p=v","url":"584755390597988352","time_tweet":"5 Apr 15","text_tweet":"Jsidbdk dbd","original_tweet":"\u003cdiv class=\"dir-ltr\" dir=\"ltr\"\u003e  Jsidbdk \u003cspan class=\"twitter-hit-highlight\"\u003edbd\u003c/span\u003e\n\u003c/div\u003e"}
{"_id":{"$oid":"57b1ec9c7fea4b73228c04d9"},"username":"cakrawalakampus","index":2092,"data_id":"/cakrawalakampus/status/584756538662727680?p=v","url":"584756538662727680","time_tweet":"5 Apr 15","text_tweet":"saat anda sakit DBD, makanlah daun ubi jalar. karena efektif menaikkan trombosit darah.","original_tweet":"\u003cdiv class=\"dir-ltr\" dir=\"ltr\"\u003e  saat anda sakit \u003cspan class=\"twitter-hit-highlight\"\u003eDBD\u003c/span\u003e, makanlah daun ubi jalar. karena efektif menaikkan trombosit darah.\n\u003c/div\u003e"}
{"_id":{"$oid":"57b1ec997fea4b73228c04d5"},"username":"17_rommy","index":2088,"data_id":"/17_rommy/status/584788969839288321?p=v","url":"584788969839288321","time_tweet":"5 Apr 15","text_tweet":"#FifthHarmony ‚ÄúBO$$‚Äù #StuckInOurHeads @radiodisney @camilacabello97@diana23_5h@fiorepm14d dbd pic.twitter.com/l3sOOueGGI","original_tweet":"\u003cdiv class=\"dir-ltr\" dir=\"ltr\"\u003e  \u003ca href=\"/hashtag/FifthHarmony?src=hash\" data-query-source=\"hashtag_click\" class=\"twitter-hashtag dir-ltr\" dir=\"ltr\"\u003e#FifthHarmony\u003c/a\u003e ‚ÄúBO$$‚Äù \u003ca href=\"/hashtag/StuckInOurHeads?src=hash\" data-query-source=\"hashtag_click\" class=\"twitter-hashtag dir-ltr\" dir=\"ltr\"\u003e#StuckInOurHeads\u003c/a\u003e \u003ca href=\"/radiodisney\" class=\"twitter-atreply dir-ltr\" dir=\"ltr\" data-mentioned-user-id=\"77504008\" data-screenname=\"radiodisney\"\u003e@radiodisney\u003c/a\u003e \u003ca href=\"/camilacabello97\" class=\"twitter-atreply dir-ltr\" dir=\"ltr\" data-mentioned-user-id=\"739784130\" data-screenname=\"camilacabello97\"\u003e@camilacabello97\u003c/a\u003e  \u003ca href=\"/diana23_5h\" class=\"twitter-atreply dir-ltr\" dir=\"ltr\" data-mentioned-user-id=\"2347091852\" data-screenname=\"diana23_5h\"\u003e@diana23_5h\u003c/a\u003e  \u003ca href=\"/fiorepm14\" class=\"twitter-atreply dir-ltr\" dir=\"ltr\" data-mentioned-user-id=\"3091889671\" data-screenname=\"fiorepm14\"\u003e@fiorepm14\u003c/a\u003e  d \u003cspan class=\"twitter-hit-highlight\"\u003edbd\u003c/span\u003e \u003ca href=\"http://t.co/l3sOOueGGI\" data-pre-embedded=\"true\" rel=\"nofollow\" data-entity-id=\"584788967700172801\" dir=\"ltr\" data-url=\"http://twitter.com/17_rommy/status/584788969839288321/photo/1\" data-tco-id=\"l3sOOueGGI\" class=\"twitter_external_link dir-ltr tco-link has-expanded-path\" target=\"_top\" data-expanded-path=\"/17_rommy/status/584788969839288321/photo/1\"\u003epic.twitter.com/l3sOOueGGI\u003c/a\u003e\n\u003c/div\u003e"}
{"_id":{"$oid":"57b1ec9c7fea4b73228c04db"},"username":"_carldaniel","index":2094,"data_id":"/_carldaniel/status/584749256331886592?p=v","url":"584749256331886592","time_tweet":"5 Apr 15","text_tweet":"sya yung pinili ko kasi \"mahal ko sya\" -sakit db?","original_tweet":"\u003cdiv class=\"dir-ltr\" dir=\"ltr\"\u003e  sya yung pinili ko kasi \"mahal ko sya\" -\u003cspan class=\"twitter-hit-highlight\"\u003esakit db\u003c/span\u003e?\n\u003c/div\u003e"}
{"_id":{"$oid":"57b1ec9c7fea4b73228c04dc"},"username":"belengsultra","index":2095,"data_id":"/belengsultra/status/584737797141045249?p=v","url":"584737797141045249","time_tweet":"5 Apr 15","text_tweet":"17 Warga Positif DBD, Rumbia Jadi Titik Rawan ift.tt/1IAHliJ","original_tweet":"\u003cdiv class=\"dir-ltr\" dir=\"ltr\"\u003e  17 Warga Positif \u003cspan class=\"twitter-hit-highlight\"\u003eDBD\u003c/span\u003e, Rumbia Jadi Titik Rawan \u003ca href=\"http://t.co/P8Q4AJgeWY\" rel=\"nofollow\" dir=\"ltr\" data-expanded-url=\"http://ift.tt/1IAHliJ\" data-url=\"http://ift.tt/1IAHliJ\" class=\"twitter_external_link dir-ltr tco-link\" target=\"_blank\" title=\"http://ift.tt/1IAHliJ\"\u003eift.tt/1IAHliJ\u003c/a\u003e\n\u003c/div\u003e"}
{"_id":{"$oid":"57b1ec9c7fea4b73228c04de"},"username":"Karamsarpeople","index":2097,"data_id":"/Karamsarpeople/status/584731733020512256?p=v","url":"584731733020512256","time_tweet":"5 Apr 15","text_tweet":"@sevdenurturan2 Zaaa hdbsbsbd dbd","original_tweet":"\u003cdiv class=\"dir-ltr\" dir=\"ltr\"\u003e  \u003ca href=\"/sevdenurturan2\" class=\"twitter-atreply dir-ltr\" dir=\"ltr\" data-mentioned-user-id=\"2703443644\" data-screenname=\"sevdenurturan2\"\u003e@sevdenurturan2\u003c/a\u003e Zaaa hdbsbsbd \u003cspan class=\"twitter-hit-highlight\"\u003edbd\u003c/span\u003e\n\u003c/div\u003e"}
{"_id":{"$oid":"57b1ec9c7fea4b73228c04df"},"username":"vivinoveliani","index":2098,"data_id":"/vivinoveliani/status/584730668745101313?p=v","url":"584730668745101313","time_tweet":"5 Apr 15","text_tweet":"Gws ya buat lu, gak tega ngeliyat lu drmh skit kena penyakit dbd, pengen jengukin tapi..... ????","original_tweet":"\u003cdiv class=\"dir-ltr\" dir=\"ltr\"\u003e  Gws ya buat lu, gak tega ngeliyat lu drmh skit kena penyakit \u003cspan class=\"twitter-hit-highlight\"\u003edbd\u003c/span\u003e, pengen jengukin tapi..... ????\n\u003c/div\u003e"}
{"_id":{"$oid":"57b1ec9c7fea4b73228c04dd"},"username":"angelalunaaaa","index":2096,"data_id":"/angelalunaaaa/status/584737198265634816?p=v","url":"584737198265634816","time_tweet":"5 Apr 15","text_tweet":"@nkkvg :( dh dbd","original_tweet":"\u003cdiv class=\"dir-ltr\" dir=\"ltr\"\u003e  \u003ca href=\"/nkkvg\" class=\"twitter-atreply dir-ltr\" dir=\"ltr\" data-mentioned-user-id=\"1422726530\" data-screenname=\"nkkvg\"\u003e@nkkvg\u003c/a\u003e :( dh \u003cspan class=\"twitter-hit-highlight\"\u003edbd\u003c/span\u003e\n\u003c/div\u003e"}
{"_id":{"$oid":"57b1ec9c7fea4b73228c04d6"},"username":"17_rommy","index":2089,"data_id":"/17_rommy/status/584788952659456000?p=v","url":"584788952659456000","time_tweet":"5 Apr 15","text_tweet":"#FifthHarmony ‚ÄúBO$$‚Äù #StuckInOurHeads @radiodisney @camilacabello97@diana23_5h@fiorepm14dbd pic.twitter.com/iHdkCBqeI7","original_tweet":"\u003cdiv class=\"dir-ltr\" dir=\"ltr\"\u003e  \u003ca href=\"/hashtag/FifthHarmony?src=hash\" data-query-source=\"hashtag_click\" class=\"twitter-hashtag dir-ltr\" dir=\"ltr\"\u003e#FifthHarmony\u003c/a\u003e ‚ÄúBO$$‚Äù \u003ca href=\"/hashtag/StuckInOurHeads?src=hash\" data-query-source=\"hashtag_click\" class=\"twitter-hashtag dir-ltr\" dir=\"ltr\"\u003e#StuckInOurHeads\u003c/a\u003e \u003ca href=\"/radiodisney\" class=\"twitter-atreply dir-ltr\" dir=\"ltr\" data-mentioned-user-id=\"77504008\" data-screenname=\"radiodisney\"\u003e@radiodisney\u003c/a\u003e \u003ca href=\"/camilacabello97\" class=\"twitter-atreply dir-ltr\" dir=\"ltr\" data-mentioned-user-id=\"739784130\" data-screenname=\"camilacabello97\"\u003e@camilacabello97\u003c/a\u003e  \u003ca href=\"/diana23_5h\" class=\"twitter-atreply dir-ltr\" dir=\"ltr\" data-mentioned-user-id=\"2347091852\" data-screenname=\"diana23_5h\"\u003e@diana23_5h\u003c/a\u003e  \u003ca href=\"/fiorepm14\" class=\"twitter-atreply dir-ltr\" dir=\"ltr\" data-mentioned-user-id=\"3091889671\" data-screenname=\"fiorepm14\"\u003e@fiorepm14\u003c/a\u003e  \u003cspan class=\"twitter-hit-highlight\"\u003edbd\u003c/span\u003e \u003ca href=\"http://t.co/iHdkCBqeI7\" data-pre-embedded=\"true\" rel=\"nofollow\" data-entity-id=\"584788951090733056\" dir=\"ltr\" data-url=\"http://twitter.com/17_rommy/status/584788952659456000/photo/1\" data-tco-id=\"iHdkCBqeI7\" class=\"twitter_external_link dir-ltr tco-link has-expanded-path\" target=\"_top\" data-expanded-path=\"/17_rommy/status/584788952659456000/photo/1\"\u003epic.twitter.com/iHdkCBqeI7\u003c/a\u003e\n\u003c/div\u003e"}
{"_id":{"$oid":"57b1ec9c7fea4b73228c04e0"},"username":"BonitaShopID","index":2099,"data_id":"/BonitaShopID/status/584725861523443712?p=v","url":"584725861523443712","time_tweet":"5 Apr 15","text_tweet":"Nyamuk membawa penyakit (malaria, demam berdarah, dll). jadi bukan nyamuknya sendiri yang membunuh, tetapi penyakit yang dibaw #TahukahKamu","original_tweet":"\u003cdiv class=\"dir-ltr\" dir=\"ltr\"\u003e  Nyamuk membawa penyakit (malaria, \u003cspan class=\"twitter-hit-highlight\"\u003edemam berdarah\u003c/span\u003e, dll). jadi bukan nyamuknya sendiri yang membunuh, tetapi penyakit yang dibaw \u003ca href=\"/hashtag/TahukahKamu?src=hash\" data-query-source=\"hashtag_click\" class=\"twitter-hashtag dir-ltr\" dir=\"ltr\"\u003e#TahukahKamu\u003c/a\u003e\n\u003c/div\u003e"}
{"_id":{"$oid":"57b1ec9c7fea4b73228c04e4"},"username":"melizein","index":2103,"data_id":"/melizein/status/584715683440762880?p=v","url":"584715683440762880","time_tweet":"5 Apr 15","text_tweet":"Hayu gita oge. Nindul samper mel hayu kbru sore? ‚Äî Siti, tania sakit udah satu mingfu di rs banjar sakit dbd , i... ask.fm/a/c463ohi8","original_tweet":"\u003cdiv class=\"dir-ltr\" dir=\"ltr\"\u003e  Hayu gita oge. Nindul samper mel hayu kbru sore? ‚Äî Siti, tania sakit udah satu mingfu di rs banjar sakit \u003cspan class=\"twitter-hit-highlight\"\u003edbd\u003c/span\u003e , i... \u003ca href=\"http://t.co/rGCHza3QWI\" rel=\"nofollow\" dir=\"ltr\" data-expanded-url=\"http://ask.fm/a/c463ohi8\" data-url=\"http://ask.fm/a/c463ohi8\" class=\"twitter_external_link dir-ltr tco-link\" target=\"_blank\" title=\"http://ask.fm/a/c463ohi8\"\u003eask.fm/a/c463ohi8\u003c/a\u003e\n\u003c/div\u003e"}
{"_id":{"$oid":"57b1ec9c7fea4b73228c04e1"},"username":"ikkhaputri","index":2100,"data_id":"/ikkhaputri/status/584724965313744896?p=v","url":"584724965313744896","time_tweet":"5 Apr 15","text_tweet":"Masih bergelut dengan NCP dan analisis diet pasien DBD üò≠üòñüìñ","original_tweet":"\u003cdiv class=\"dir-ltr\" dir=\"ltr\"\u003e  Masih bergelut dengan NCP dan analisis diet pasien \u003cspan class=\"twitter-hit-highlight\"\u003eDBD\u003c/span\u003e üò≠üòñüìñ\n\u003c/div\u003e"}
{"_id":{"$oid":"57b1ec9c7fea4b73228c04e2"},"username":"Hiimchan_BAP","index":2101,"data_id":"/Hiimchan_BAP/status/584722174281293824?p=v","url":"584722174281293824","time_tweet":"5 Apr 15","text_tweet":"@lkiseop_ DBD BRO","original_tweet":"\u003cdiv class=\"dir-ltr\" dir=\"ltr\"\u003e  @lkiseop_ \u003cspan class=\"twitter-hit-highlight\"\u003eDBD\u003c/span\u003e BRO\n\u003c/div\u003e"}
{"_id":{"$oid":"57b1ec9c7fea4b73228c04e3"},"username":"UnongShaggy_","index":2102,"data_id":"/UnongShaggy_/status/584717301666062337?p=v","url":"584717301666062337","time_tweet":"5 Apr 15","text_tweet":"Untung aja gak demam berdarah?hahah","original_tweet":"\u003cdiv class=\"dir-ltr\" dir=\"ltr\"\u003e  Untung aja gak \u003cspan class=\"twitter-hit-highlight\"\u003edemam berdarah\u003c/span\u003e?hahah\n\u003c/div\u003e"}
{"_id":{"$oid":"57b1ec9c7fea4b73228c04e5"},"username":"febby_orangee","index":2104,"data_id":"/febby_orangee/status/584714774740504577?p=v","url":"584714774740504577","time_tweet":"5 Apr 15","text_tweet":"Ab untuk thypusIgM. Ab untuk DHF IgG. üòä","original_tweet":"\u003cdiv class=\"dir-ltr\" dir=\"ltr\"\u003e  Ab untuk thypus  IgM. Ab untuk \u003cspan class=\"twitter-hit-highlight\"\u003eDHF\u003c/span\u003e IgG. üòä\n\u003c/div\u003e"}
{"_id":{"$oid":"57b1ec9c7fea4b73228c04e6"},"username":"dineke_DBD","index":2105,"data_id":"/dineke_DBD/status/584709138506100736?p=v","url":"584709138506100736","time_tweet":"5 Apr 15","text_tweet":"Haha belom gung\"@AgungRadin Udh dpet filmnya? \"@dineke_DBD: My idiot brother:')","original_tweet":"\u003cdiv class=\"dir-ltr\" dir=\"ltr\"\u003e  Haha belom gung\"\u003ca href=\"/AgungRadin\" class=\"twitter-atreply dir-ltr\" dir=\"ltr\" data-mentioned-user-id=\"3139142676\" data-screenname=\"AgungRadin\"\u003e@AgungRadin\u003c/a\u003e Udh dpet filmnya? \"\u003ca href=\"/dineke_DBD\" class=\"twitter-atreply dir-ltr\" dir=\"ltr\" data-mentioned-user-id=\"998797891\" data-screenname=\"dineke_DBD\"\u003e@dineke_\u003cspan class=\"twitter-hit-highlight\"\u003eDBD\u003c/span\u003e\u003c/a\u003e: My idiot brother:')\n\u003c/div\u003e"}
{"_id":{"$oid":"57b1ec9c7fea4b73228c04e7"},"username":"mengingatcepat","index":2106,"data_id":"/mengingatcepat/status/584703114558754816?p=v","url":"584703114558754816","time_tweet":"5 Apr 15","text_tweet":"kandungan mineral tembaga dlm Jambu merah dpt meningkatkan kadar trombosit dlm darah shg sering digunakan utk pengobatan demam berdarah #I","original_tweet":"\u003cdiv class=\"dir-ltr\" dir=\"ltr\"\u003e  kandungan mineral tembaga dlm Jambu merah dpt meningkatkan kadar trombosit dlm darah shg sering digunakan utk pengobatan \u003cspan class=\"twitter-hit-highlight\"\u003edemam berdarah\u003c/span\u003e   \u003ca href=\"/hashtag/I?src=hash\" data-query-source=\"hashtag_click\" class=\"twitter-hashtag dir-ltr\" dir=\"ltr\"\u003e#I\u003c/a\u003e\n\u003c/div\u003e"}
{"_id":{"$oid":"57b1eca47fea4b73228c04e9"},"username":"DHF_CSYKC","index":2108,"data_id":"/DHF_CSYKC/status/584699933967523840?p=v","url":"584699933967523840","time_tweet":"5 Apr 15","text_tweet":"At Djoeragan Susu ‚Äî path.com/p/3Jgju0","original_tweet":"\u003cdiv class=\"dir-ltr\" dir=\"ltr\"\u003e  At Djoeragan Susu ‚Äî \u003ca href=\"https://t.co/jYEP8YYr5e\" rel=\"nofollow\" dir=\"ltr\" data-expanded-url=\"https://path.com/p/3Jgju0\" data-url=\"https://path.com/p/3Jgju0\" class=\"twitter_external_link dir-ltr tco-link\" target=\"_blank\" title=\"https://path.com/p/3Jgju0\"\u003epath.com/p/3Jgju0\u003c/a\u003e\n\u003c/div\u003e"}
{"_id":{"$oid":"57b1eca47fea4b73228c04ea"},"username":"Cnnorsam","index":2109,"data_id":"/Cnnorsam/status/584698693321789440?p=v","url":"584698693321789440","time_tweet":"5 Apr 15","text_tweet":"Terhindar dr demam berdarah, Seorang ABG kini terserang demam Kpop","original_tweet":"\u003cdiv class=\"dir-ltr\" dir=\"ltr\"\u003e  Terhindar dr \u003cspan class=\"twitter-hit-highlight\"\u003edemam berdarah\u003c/span\u003e, Seorang ABG kini terserang demam Kpop\n\u003c/div\u003e"}
{"_id":{"$oid":"57b1eca47fea4b73228c04ec"},"username":"LuzarnaR","index":2111,"data_id":"/LuzarnaR/status/584692004065386497?p=v","url":"584692004065386497","time_tweet":"5 Apr 15","text_tweet":"Makasih yahh sodara makasih({}) \"@phepeakbar: Dbd sodara eh salah deng Hbd sodara\u0026lt;=-P\"@SyifaGlorial: Ciiee yang ultah ciieeee:(\"\"","original_tweet":"\u003cdiv class=\"dir-ltr\" dir=\"ltr\"\u003e  Makasih yahh sodara makasih({}) \"\u003ca href=\"/phepeakbar\" class=\"twitter-atreply dir-ltr\" dir=\"ltr\" data-mentioned-user-id=\"1382172199\" data-screenname=\"phepeakbar\"\u003e@phepeakbar\u003c/a\u003e: \u003cspan class=\"twitter-hit-highlight\"\u003eDbd\u003c/span\u003e sodara eh salah deng Hbd sodara\u0026lt;=-P\"@SyifaGlorial: Ciiee yang ultah ciieeee:(\"\"\n\u003c/div\u003e"}
{"_id":{"$oid":"57b1eca47fea4b73228c04eb"},"username":"Lanny_Wijaya86","index":2110,"data_id":"/Lanny_Wijaya86/status/584694691440029696?p=v","url":"584694691440029696","time_tweet":"5 Apr 15","text_tweet":"Bedanya Penyakit Demam Berdarah (DBD) dengan Tifus atau Tipes - klik \u0026gt; is.gd/PAtGxu","original_tweet":"\u003cdiv class=\"dir-ltr\" dir=\"ltr\"\u003e  Bedanya Penyakit \u003cspan class=\"twitter-hit-highlight\"\u003eDemam Berdarah\u003c/span\u003e (\u003cspan class=\"twitter-hit-highlight\"\u003eDBD\u003c/span\u003e) dengan Tifus atau Tipes - klik \u0026gt; \u003ca href=\"http://t.co/YYGs7t16Xc\" rel=\"nofollow\" dir=\"ltr\" data-expanded-url=\"http://is.gd/PAtGxu\" data-url=\"http://is.gd/PAtGxu\" class=\"twitter_external_link dir-ltr tco-link\" target=\"_blank\" title=\"http://is.gd/PAtGxu\"\u003eis.gd/PAtGxu\u003c/a\u003e\n\u003c/div\u003e"}
{"_id":{"$oid":"57b1eca47fea4b73228c04ed"},"username":"depoknews","index":2112,"data_id":"/depoknews/status/584688434960183297?p=v","url":"584688434960183297","time_tweet":"5 Apr 15","text_tweet":"Tujuh warga Ratu Jaya Depok terjangkit DBD bit.ly/1C5fceO","original_tweet":"\u003cdiv class=\"dir-ltr\" dir=\"ltr\"\u003e  Tujuh warga Ratu Jaya Depok terjangkit \u003cspan class=\"twitter-hit-highlight\"\u003eDBD\u003c/span\u003e \u003ca href=\"http://t.co/J4wC1i6Uvs\" rel=\"nofollow\" dir=\"ltr\" data-expanded-url=\"http://bit.ly/1C5fceO\" data-url=\"http://bit.ly/1C5fceO\" class=\"twitter_external_link dir-ltr tco-link\" target=\"_blank\" title=\"http://bit.ly/1C5fceO\"\u003ebit.ly/1C5fceO\u003c/a\u003e\n\u003c/div\u003e"}
{"_id":{"$oid":"57b1eca47fea4b73228c04ee"},"username":"sangkurcaci","index":2113,"data_id":"/sangkurcaci/status/584682048855515137?p=v","url":"584682048855515137","time_tweet":"5 Apr 15","text_tweet":"Seekor nyamuk terkena demam berdarah, diduga akibat di gigit temannya sendiri","original_tweet":"\u003cdiv class=\"dir-ltr\" dir=\"ltr\"\u003e  Seekor nyamuk terkena \u003cspan class=\"twitter-hit-highlight\"\u003edemam berdarah\u003c/span\u003e, diduga akibat di gigit temannya sendiri\n\u003c/div\u003e"}
{"_id":{"$oid":"57b1ecae7fea4b73228c04ef"},"username":"egaskaraM","index":2114,"data_id":"/egaskaraM/status/584681463800528896?p=v","url":"584681463800528896","time_tweet":"5 Apr 15","text_tweet":"ka sakit?sakit apa?udah sembuh belum? ‚Äî Iya kemaren dbd, belum 100% fit sih._. ask.fm/a/c4d9k5bq","original_tweet":"\u003cdiv class=\"dir-ltr\" dir=\"ltr\"\u003e  ka sakit?sakit apa?udah sembuh belum? ‚Äî Iya kemaren \u003cspan class=\"twitter-hit-highlight\"\u003edbd\u003c/span\u003e, belum 100% fit sih._. \u003ca href=\"http://t.co/vu33eKcMdg\" rel=\"nofollow\" dir=\"ltr\" data-expanded-url=\"http://ask.fm/a/c4d9k5bq\" data-url=\"http://ask.fm/a/c4d9k5bq\" class=\"twitter_external_link dir-ltr tco-link\" target=\"_blank\" title=\"http://ask.fm/a/c4d9k5bq\"\u003eask.fm/a/c4d9k5bq\u003c/a\u003e\n\u003c/div\u003e"}
{"_id":{"$oid":"57b1ecae7fea4b73228c04f0"},"username":"StephenWira21","index":2115,"data_id":"/StephenWira21/status/584679541345390593?p=v","url":"584679541345390593","time_tweet":"5 Apr 15","text_tweet":"Kasian ponakan yang ini jauh\" dari bali tapi kena demam berdarah..cepat sembuh nak :,( pic.twitter.com/XiVfTkmCSD","original_tweet":"\u003cdiv class=\"dir-ltr\" dir=\"ltr\"\u003e  Kasian ponakan yang ini jauh\" dari bali tapi kena \u003cspan class=\"twitter-hit-highlight\"\u003edemam berdarah\u003c/span\u003e..cepat sembuh nak :,( \u003ca href=\"http://t.co/XiVfTkmCSD\" data-pre-embedded=\"true\" rel=\"nofollow\" data-entity-id=\"584679512241152001\" dir=\"ltr\" data-url=\"http://twitter.com/StephenWira21/status/584679541345390593/photo/1\" data-tco-id=\"XiVfTkmCSD\" class=\"twitter_external_link dir-ltr tco-link has-expanded-path\" target=\"_top\" data-expanded-path=\"/StephenWira21/status/584679541345390593/photo/1\"\u003epic.twitter.com/XiVfTkmCSD\u003c/a\u003e\n\u003c/div\u003e"}
{"_id":{"$oid":"57b1ecae7fea4b73228c04f1"},"username":"GLOREWW","index":2116,"data_id":"/GLOREWW/status/584678506786787328?p=v","url":"584678506786787328","time_tweet":"5 Apr 15","text_tweet":"Nyamuk nya jahatüò¢ bisa sampe dbd giniüòÇüòÇüòÇ [pic] ‚Äî path.com/p/26daE8","original_tweet":"\u003cdiv class=\"dir-ltr\" dir=\"ltr\"\u003e  Nyamuk nya jahatüò¢ bisa sampe \u003cspan class=\"twitter-hit-highlight\"\u003edbd\u003c/span\u003e giniüòÇüòÇüòÇ [pic] ‚Äî \u003ca href=\"https://t.co/QVpNvEm1iO\" rel=\"nofollow\" dir=\"ltr\" data-expanded-url=\"https://path.com/p/26daE8\" data-url=\"https://path.com/p/26daE8\" class=\"twitter_external_link dir-ltr tco-link\" target=\"_blank\" title=\"https://path.com/p/26daE8\"\u003epath.com/p/26daE8\u003c/a\u003e\n\u003c/div\u003e"}
{"_id":{"$oid":"57b1ecae7fea4b73228c04f2"},"username":"BekasiUrbanCity","index":2117,"data_id":"/BekasiUrbanCity/status/584672182032293888?p=v","url":"584672182032293888","time_tweet":"5 Apr 15","text_tweet":"#infoBUC Kenali Ciri-Ciri Terjangkit DBD Dengan Benar - go.shr.lc/18KoDsS pic.twitter.com/sLdun7Ld7E","original_tweet":"\u003cdiv class=\"dir-ltr\" dir=\"ltr\"\u003e  \u003ca href=\"/hashtag/infoBUC?src=hash\" data-query-source=\"hashtag_click\" class=\"twitter-hashtag dir-ltr\" dir=\"ltr\"\u003e#infoBUC\u003c/a\u003e Kenali Ciri-Ciri Terjangkit \u003cspan class=\"twitter-hit-highlight\"\u003eDBD\u003c/span\u003e Dengan Benar - \u003ca href=\"http://t.co/JqtfgfTjJd\" rel=\"nofollow\" dir=\"ltr\" data-expanded-url=\"http://go.shr.lc/18KoDsS\" data-url=\"http://go.shr.lc/18KoDsS\" class=\"twitter_external_link dir-ltr tco-link\" target=\"_blank\" title=\"http://go.shr.lc/18KoDsS\"\u003ego.shr.lc/18KoDsS\u003c/a\u003e \u003ca href=\"http://t.co/sLdun7Ld7E\" data-pre-embedded=\"true\" rel=\"nofollow\" data-entity-id=\"578498182079901696\" dir=\"ltr\" data-url=\"http://twitter.com/BekasiUrbanCity/status/578498189549965312/photo/1\" data-tco-id=\"sLdun7Ld7E\" class=\"twitter_external_link dir-ltr tco-link has-expanded-path\" target=\"_top\" data-expanded-path=\"/BekasiUrbanCity/status/578498189549965312/photo/1\"\u003epic.twitter.com/sLdun7Ld7E\u003c/a\u003e\n\u003c/div\u003e"}
{"_id":{"$oid":"57b1ecae7fea4b73228c04f3"},"username":"chusnul_MTR15","index":2118,"data_id":"/chusnul_MTR15/status/584668609521131522?p=v","url":"584668609521131522","time_tweet":"5 Apr 15","text_tweet":"Bagi kalian yg besok kesekolah jgn lupa pakai autan.biar gada korban lagi yg kena dbd pic.twitter.com/nv7GyaG7vj","original_tweet":"\u003cdiv class=\"dir-ltr\" dir=\"ltr\"\u003e  Bagi kalian yg besok kesekolah jgn lupa pakai autan.biar gada korban lagi yg kena \u003cspan class=\"twitter-hit-highlight\"\u003edbd\u003c/span\u003e \u003ca href=\"http://t.co/nv7GyaG7vj\" data-pre-embedded=\"true\" rel=\"nofollow\" data-entity-id=\"584668597458313216\" dir=\"ltr\" data-url=\"http://twitter.com/chusnul_MTR15/status/584668609521131522/photo/1\" data-tco-id=\"nv7GyaG7vj\" class=\"twitter_external_link dir-ltr tco-link has-expanded-path\" target=\"_top\" data-expanded-path=\"/chusnul_MTR15/status/584668609521131522/photo/1\"\u003epic.twitter.com/nv7GyaG7vj\u003c/a\u003e\n\u003c/div\u003e"}
{"_id":{"$oid":"57b1eca47fea4b73228c04e8"},"username":"bjmUpdate","index":2107,"data_id":"/bjmUpdate/status/584701650129956865?p=v","url":"584701650129956865","time_tweet":"5 Apr 15","text_tweet":"bantu info -\u0026gt; RT @MuhammadNoor_: @bjmUpdate ada yg tahu dimana bjual teh angkak gsn yg demam berdarah, aken ulun takana DB, takliling kd dpt","original_tweet":"\u003cdiv class=\"dir-ltr\" dir=\"ltr\"\u003e  bantu info -\u0026gt; RT \u003ca href=\"/MuhammadNoor_\" class=\"twitter-atreply dir-ltr\" dir=\"ltr\" data-mentioned-user-id=\"580926922\" data-screenname=\"MuhammadNoor_\"\u003e@MuhammadNoor_\u003c/a\u003e: \u003ca href=\"/bjmUpdate\" class=\"twitter-atreply dir-ltr\" dir=\"ltr\" data-mentioned-user-id=\"445183062\" data-screenname=\"bjmUpdate\"\u003e@bjmUpdate\u003c/a\u003e ada yg tahu dimana bjual teh angkak gsn yg \u003cspan class=\"twitter-hit-highlight\"\u003edemam berdarah\u003c/span\u003e, aken ulun takana DB, takliling kd dpt\n\u003c/div\u003e"}
{"_id":{"$oid":"57b1ecae7fea4b73228c04f6"},"username":"SLGienne","index":2121,"data_id":"/SLGienne/status/584653789279424512?p=v","url":"584653789279424512","time_tweet":"5 Apr 15","text_tweet":"@Tempymeune DJJDKD'DBD'D ZACK \u0026lt;3","original_tweet":"\u003cdiv class=\"dir-ltr\" dir=\"ltr\"\u003e  \u003ca href=\"/Tempymeune\" class=\"twitter-atreply dir-ltr\" dir=\"ltr\" data-mentioned-user-id=\"2598207047\" data-screenname=\"Tempymeune\"\u003e@Tempymeune\u003c/a\u003e DJJDKD'\u003cspan class=\"twitter-hit-highlight\"\u003eDBD\u003c/span\u003e'D ZACK \u0026lt;3\n\u003c/div\u003e"}
{"_id":{"$oid":"57b1ecae7fea4b73228c04f7"},"username":"mbah_Q","index":2122,"data_id":"/mbah_Q/status/584650480594227201?p=v","url":"584650480594227201","time_tweet":"5 Apr 15","text_tweet":"Seekor nyamuk terkena demam berdarah, diduga akibat di gigit temannya sendiri","original_tweet":"\u003cdiv class=\"dir-ltr\" dir=\"ltr\"\u003e  Seekor nyamuk terkena \u003cspan class=\"twitter-hit-highlight\"\u003edemam berdarah\u003c/span\u003e, diduga akibat di gigit temannya sendiri\n\u003c/div\u003e"}
{"_id":{"$oid":"57b1ecae7fea4b73228c04f8"},"username":"rizkaaprili","index":2123,"data_id":"/rizkaaprili/status/584647821560778752?p=v","url":"584647821560778752","time_tweet":"5 Apr 15","text_tweet":"iya dhamRT @Idham14_: rizkaaprili dbd riz, makasih yak","original_tweet":"\u003cdiv class=\"dir-ltr\" dir=\"ltr\"\u003e  iya dhamRT \u003ca href=\"/Idham14_\" class=\"twitter-atreply dir-ltr\" dir=\"ltr\" data-mentioned-user-id=\"582876055\" data-screenname=\"Idham14_\"\u003e@Idham14_\u003c/a\u003e: rizkaaprili \u003cspan class=\"twitter-hit-highlight\"\u003edbd\u003c/span\u003e riz, makasih yak\n\u003c/div\u003e"}
{"_id":{"$oid":"57b1ecae7fea4b73228c04fa"},"username":"AceMaxsMurah","index":2125,"data_id":"/AceMaxsMurah/status/584644302065704960?p=v","url":"584644302065704960","time_tweet":"5 Apr 15","text_tweet":"Gamat Gold untuk Demam Berdarah - Gamat Gold untuk Demam Berdarah merupakan obat herbal terbuat dari dari... tinyurl.com/qbgrsog","original_tweet":"\u003cdiv class=\"dir-ltr\" dir=\"ltr\"\u003e  Gamat Gold untuk \u003cspan class=\"twitter-hit-highlight\"\u003eDemam Berdarah\u003c/span\u003e - Gamat Gold untuk \u003cspan class=\"twitter-hit-highlight\"\u003eDemam Berdarah\u003c/span\u003e merupakan obat herbal terbuat dari dari... \u003ca href=\"http://t.co/yFN0PxZO8j\" rel=\"nofollow\" dir=\"ltr\" data-expanded-url=\"http://tinyurl.com/qbgrsog\" data-url=\"http://tinyurl.com/qbgrsog\" class=\"twitter_external_link dir-ltr tco-link\" target=\"_blank\" title=\"http://tinyurl.com/qbgrsog\"\u003etinyurl.com/qbgrsog\u003c/a\u003e\n\u003c/div\u003e"}
{"_id":{"$oid":"57b1ecae7fea4b73228c04f9"},"username":"adie_stiveler","index":2124,"data_id":"/adie_stiveler/status/584645354873753600?p=v","url":"584645354873753600","time_tweet":"5 Apr 15","text_tweet":"Persiapan diri disaat musim demam berdarah melanda ~ (at Garage Sweeper) [pic] ‚Äî path.com/p/1hhFZE","original_tweet":"\u003cdiv class=\"dir-ltr\" dir=\"ltr\"\u003e  Persiapan diri disaat musim \u003cspan class=\"twitter-hit-highlight\"\u003edemam berdarah\u003c/span\u003e melanda ~ (at Garage Sweeper) [pic] ‚Äî \u003ca href=\"https://t.co/AGWwXNeuEn\" rel=\"nofollow\" dir=\"ltr\" data-expanded-url=\"https://path.com/p/1hhFZE\" data-url=\"https://path.com/p/1hhFZE\" class=\"twitter_external_link dir-ltr tco-link\" target=\"_blank\" title=\"https://path.com/p/1hhFZE\"\u003epath.com/p/1hhFZE\u003c/a\u003e\n\u003c/div\u003e"}
{"_id":{"$oid":"57b1ecae7fea4b73228c04fb"},"username":"ekanovitap_","index":2126,"data_id":"/ekanovitap_/status/584638644511612933?p=v","url":"584638644511612933","time_tweet":"5 Apr 15","text_tweet":"Sebagai calon Skm yg baik nih gua haha Aminn.Yuk cegah DBD teman-teman. Mencegah lebih baik dari pada‚Ä¶ [pic] ‚Äî path.com/p/O7sfE","original_tweet":"\u003cdiv class=\"dir-ltr\" dir=\"ltr\"\u003e  Sebagai calon Skm yg baik nih gua haha Aminn.\nYuk cegah \u003cspan class=\"twitter-hit-highlight\"\u003eDBD\u003c/span\u003e teman-teman. Mencegah lebih baik dari pada‚Ä¶ [pic] ‚Äî \u003ca href=\"https://t.co/lvog1hw2BR\" rel=\"nofollow\" dir=\"ltr\" data-expanded-url=\"https://path.com/p/O7sfE\" data-url=\"https://path.com/p/O7sfE\" class=\"twitter_external_link dir-ltr tco-link\" target=\"_blank\" title=\"https://path.com/p/O7sfE\"\u003epath.com/p/O7sfE\u003c/a\u003e\n\u003c/div\u003e"}
{"_id":{"$oid":"57b1ecae7fea4b73228c04f4"},"username":"dailoplop","index":2119,"data_id":"/dailoplop/status/584662003236511744?p=v","url":"584662003236511744","time_tweet":"5 Apr 15","text_tweet":"aaa..senangnya bs ngobrol lgs sm pendengar setia #DBD @rdi971 mksh loh buat pasangan cinta sejati ini #jalan2ekseizz pic.twitter.com/FcL69FpysJ","original_tweet":"\u003cdiv class=\"dir-ltr\" dir=\"ltr\"\u003e  aaa..senangnya bs ngobrol lgs sm pendengar setia \u003ca href=\"/hashtag/DBD?src=hash\" data-query-source=\"hashtag_click\" class=\"twitter-hashtag dir-ltr\" dir=\"ltr\"\u003e#\u003cspan class=\"twitter-hit-highlight\"\u003eDBD\u003c/span\u003e\u003c/a\u003e \u003ca href=\"/rdi971\" class=\"twitter-atreply dir-ltr\" dir=\"ltr\" data-mentioned-user-id=\"381979676\" data-screenname=\"rdi971\"\u003e@rdi971\u003c/a\u003e mksh loh buat pasangan cinta sejati ini \u003ca href=\"/hashtag/jalan2ekseizz?src=hash\" data-query-source=\"hashtag_click\" class=\"twitter-hashtag dir-ltr\" dir=\"ltr\"\u003e#jalan2ekseizz\u003c/a\u003e \u003ca href=\"http://t.co/FcL69FpysJ\" data-pre-embedded=\"true\" rel=\"nofollow\" data-entity-id=\"584661979509334016\" dir=\"ltr\" data-url=\"http://twitter.com/dailoplop/status/584662003236511744/photo/1\" data-tco-id=\"FcL69FpysJ\" class=\"twitter_external_link dir-ltr tco-link has-expanded-path\" target=\"_top\" data-expanded-path=\"/dailoplop/status/584662003236511744/photo/1\"\u003epic.twitter.com/FcL69FpysJ\u003c/a\u003e\n\u003c/div\u003e"}
{"_id":{"$oid":"57b1ecae7fea4b73228c04fd"},"username":"MeylanManurung","index":2128,"data_id":"/MeylanManurung/status/584635539174719488?p=v","url":"584635539174719488","time_tweet":"5 Apr 15","text_tweet":"DBD Medan keren badai coy ! Horas Medan !!!","original_tweet":"\u003cdiv class=\"dir-ltr\" dir=\"ltr\"\u003e  \u003cspan class=\"twitter-hit-highlight\"\u003eDBD\u003c/span\u003e Medan keren badai coy ! Horas Medan !!!\n\u003c/div\u003e"}
{"_id":{"$oid":"57b1ecae7fea4b73228c04fe"},"username":"alikah67","index":2129,"data_id":"/alikah67/status/584634957118763008?p=v","url":"584634957118763008","time_tweet":"5 Apr 15","text_tweet":"Jambu biji, pepaya, jeruk, atau mangga yang kaya cairan baik dikonsumsi untuk membantu pemulihan saat demam berdarah.","original_tweet":"\u003cdiv class=\"dir-ltr\" dir=\"ltr\"\u003e  Jambu biji, pepaya, jeruk, atau mangga yang kaya cairan baik dikonsumsi untuk membantu pemulihan saat \u003cspan class=\"twitter-hit-highlight\"\u003edemam berdarah\u003c/span\u003e.\n\u003c/div\u003e"}
{"_id":{"$oid":"57b1ecae7fea4b73228c04ff"},"username":"melodianosekai","index":2130,"data_id":"/melodianosekai/status/584626489364090880?p=v","url":"584626489364090880","time_tweet":"5 Apr 15","text_tweet":"@kanyanlele kemungkinan DBD kan ya, kalo DBD asal trombositnya belum terlalu rendah (yg biasanya perlu infus), rawat jalan lebih efektif","original_tweet":"\u003cdiv class=\"dir-ltr\" dir=\"ltr\"\u003e  @kanyanlele kemungkinan \u003cspan class=\"twitter-hit-highlight\"\u003eDBD\u003c/span\u003e kan ya, kalo \u003cspan class=\"twitter-hit-highlight\"\u003eDBD\u003c/span\u003e asal trombositnya belum terlalu rendah (yg biasanya perlu infus), rawat jalan lebih efektif\n\u003c/div\u003e"}
{"_id":{"$oid":"57b1ecae7fea4b73228c04f5"},"username":"islamaktual1912","index":2120,"data_id":"/islamaktual1912/status/584660304379965440?p=v","url":"584660304379965440","time_tweet":"5 Apr 15","text_tweet":"Cegah DBD dengan Modifikasi Lingkungan dlvr.it/9G0mmW fb.me/4jzTYg2UR","original_tweet":"\u003cdiv class=\"dir-ltr\" dir=\"ltr\"\u003e  Cegah \u003cspan class=\"twitter-hit-highlight\"\u003eDBD\u003c/span\u003e dengan Modifikasi Lingkungan \u003ca href=\"http://t.co/hRPHDseuTo\" rel=\"nofollow\" dir=\"ltr\" data-expanded-url=\"http://dlvr.it/9G0mmW\" data-url=\"http://dlvr.it/9G0mmW\" class=\"twitter_external_link dir-ltr tco-link\" target=\"_blank\" title=\"http://dlvr.it/9G0mmW\"\u003edlvr.it/9G0mmW\u003c/a\u003e \u003ca href=\"http://t.co/zpHTqGZ48K\" rel=\"nofollow\" dir=\"ltr\" data-expanded-url=\"http://fb.me/4jzTYg2UR\" data-url=\"http://fb.me/4jzTYg2UR\" class=\"twitter_external_link dir-ltr tco-link\" target=\"_blank\" title=\"http://fb.me/4jzTYg2UR\"\u003efb.me/4jzTYg2UR\u003c/a\u003e\n\u003c/div\u003e"}
{"_id":{"$oid":"57b1ecae7fea4b73228c04fc"},"username":"MeylanManurung","index":2127,"data_id":"/MeylanManurung/status/584637593905537024?p=v","url":"584637593905537024","time_tweet":"5 Apr 15","text_tweet":"@dbd_dancer keren pake banget, ada diposisi 3 itu lae. Dukung terus dbd medan","original_tweet":"\u003cdiv class=\"dir-ltr\" dir=\"ltr\"\u003e  @\u003cspan class=\"twitter-hit-highlight\"\u003edbd\u003c/span\u003e_dancer keren pake banget, ada diposisi 3 itu lae. Dukung terus \u003cspan class=\"twitter-hit-highlight\"\u003edbd\u003c/span\u003e medan\n\u003c/div\u003e"}
{"_id":{"$oid":"57b1ecae7fea4b73228c0500"},"username":"ricky061085","index":2131,"data_id":"/ricky061085/status/584618016282804224?p=v","url":"584618016282804224","time_tweet":"5 Apr 15","text_tweet":"daun pepaya untuk obat demam berdarah-goo.gl/f7n1Co - for you who ever kena demam berdarah","original_tweet":"\u003cdiv class=\"dir-ltr\" dir=\"ltr\"\u003e  daun pepaya untuk obat \u003cspan class=\"twitter-hit-highlight\"\u003edemam berdarah\u003c/span\u003e-\u003ca href=\"http://t.co/yKaGkxBRI5\" rel=\"nofollow\" dir=\"ltr\" data-expanded-url=\"http://goo.gl/f7n1Co\" data-url=\"http://goo.gl/f7n1Co\" class=\"twitter_external_link dir-ltr tco-link\" target=\"_blank\" title=\"http://goo.gl/f7n1Co\"\u003egoo.gl/f7n1Co\u003c/a\u003e - for you who ever kena \u003cspan class=\"twitter-hit-highlight\"\u003edemam berdarah\u003c/span\u003e\n\u003c/div\u003e"}
