{"_id":{"$oid":"579069ea2b16e510013c53b9"},"username":"anakku","index":208,"data_id":"/anakku/status/582434590016606208?p=v","url":"582434590016606208","time_tweet":"29 Mar 15","text_tweet":"Demam berdarah dengue (DBD) ditandai dengan demam yang disebabkan virus Dengue. Menurut pedoman WHO tahun 2011,... fb.me/20r0AUKoF","original_tweet":"\u003cdiv class=\"dir-ltr\" dir=\"ltr\"\u003e  \u003cspan class=\"twitter-hit-highlight\"\u003eDemam berdarah\u003c/span\u003e dengue (\u003cspan class=\"twitter-hit-highlight\"\u003eDBD\u003c/span\u003e) ditandai dengan demam yang disebabkan virus Dengue. Menurut pedoman WHO tahun 2011,... \u003ca href=\"http://t.co/KbVw4oLmLA\" rel=\"nofollow\" dir=\"ltr\" data-expanded-url=\"http://fb.me/20r0AUKoF\" data-url=\"http://fb.me/20r0AUKoF\" class=\"twitter_external_link dir-ltr tco-link\" target=\"_blank\" title=\"http://fb.me/20r0AUKoF\"\u003efb.me/20r0AUKoF\u003c/a\u003e\n\u003c/div\u003e"}
{"_id":{"$oid":"579069ea2b16e510013c53ba"},"username":"Beritaintermezo","index":209,"data_id":"/Beritaintermezo/status/582411550998151168?p=v","url":"582411550998151168","time_tweet":"29 Mar 15","text_tweet":"Firdaus: Gotong Royong Cegah DBD beritaintermezo.com/berita-firdausâ€¦","original_tweet":"\u003cdiv class=\"dir-ltr\" dir=\"ltr\"\u003e  Firdaus: Gotong Royong Cegah \u003cspan class=\"twitter-hit-highlight\"\u003eDBD\u003c/span\u003e \u003ca href=\"http://t.co/Pm6FrJw22r\" rel=\"nofollow\" dir=\"ltr\" data-expanded-url=\"http://beritaintermezo.com/berita-firdaus-gotong-royong-cegah-dbd.html#.VRjcna0Qs8E.twitter\" data-url=\"http://beritaintermezo.com/berita-firdaus-gotong-royong-cegah-dbd.html#.VRjcna0Qs8E.twitter\" class=\"twitter_external_link dir-ltr tco-link\" target=\"_blank\" title=\"http://beritaintermezo.com/berita-firdaus-gotong-royong-cegah-dbd.html#.VRjcna0Qs8E.twitter\"\u003eberitaintermezo.com/berita-firdausâ€¦\u003c/a\u003e\n\u003c/div\u003e"}
{"_id":{"$oid":"579069ea2b16e510013c53bb"},"username":"nwisnuputra","index":210,"data_id":"/nwisnuputra/status/582411292100550657?p=v","url":"582411292100550657","time_tweet":"29 Mar 15","text_tweet":"Peneliti dari UNAIR berhasil menemukan antidengue demam berdarah, dan Indonesia menjadi negara pertama di dunia yg menemukan obat ini.","original_tweet":"\u003cdiv class=\"dir-ltr\" dir=\"ltr\"\u003e  Peneliti dari UNAIR berhasil menemukan antidengue \u003cspan class=\"twitter-hit-highlight\"\u003edemam berdarah\u003c/span\u003e, dan Indonesia menjadi negara pertama di dunia yg menemukan obat ini.\n\u003c/div\u003e"}
{"_id":{"$oid":"579069ea2b16e510013c53bc"},"username":"HelloDoctorID","index":211,"data_id":"/HelloDoctorID/status/582406911955468288?p=v","url":"582406911955468288","time_tweet":"29 Mar 15","text_tweet":"Kini, perubahan iklim tak menentu. Kadang panas, kadang hujan. Jaga kebersihan dan kesehatan untuk mencegah DBD!... fb.me/2aldc1bvZ","original_tweet":"\u003cdiv class=\"dir-ltr\" dir=\"ltr\"\u003e  Kini, perubahan iklim tak menentu. Kadang panas, kadang hujan. Jaga kebersihan dan kesehatan untuk mencegah \u003cspan class=\"twitter-hit-highlight\"\u003eDBD\u003c/span\u003e!... \u003ca href=\"http://t.co/ACJKDykZMg\" rel=\"nofollow\" dir=\"ltr\" data-expanded-url=\"http://fb.me/2aldc1bvZ\" data-url=\"http://fb.me/2aldc1bvZ\" class=\"twitter_external_link dir-ltr tco-link\" target=\"_blank\" title=\"http://fb.me/2aldc1bvZ\"\u003efb.me/2aldc1bvZ\u003c/a\u003e\n\u003c/div\u003e"}
{"_id":{"$oid":"579069ea2b16e510013c53bd"},"username":"inaPOScom","index":212,"data_id":"/inaPOScom/status/582405465826463744?p=v","url":"582405465826463744","time_tweet":"29 Mar 15","text_tweet":"Balai Kesehatan Lanal Cilacap Waspada DBD bit.ly/1yrs529","original_tweet":"\u003cdiv class=\"dir-ltr\" dir=\"ltr\"\u003e  Balai Kesehatan Lanal Cilacap Waspada \u003cspan class=\"twitter-hit-highlight\"\u003eDBD\u003c/span\u003e \u003ca href=\"http://t.co/PFFVMJDP1i\" rel=\"nofollow\" dir=\"ltr\" data-expanded-url=\"http://bit.ly/1yrs529\" data-url=\"http://bit.ly/1yrs529\" class=\"twitter_external_link dir-ltr tco-link\" target=\"_blank\" title=\"http://bit.ly/1yrs529\"\u003ebit.ly/1yrs529\u003c/a\u003e\n\u003c/div\u003e"}
{"_id":{"$oid":"579069ea2b16e510013c53be"},"username":"sllowbro","index":213,"data_id":"/sllowbro/status/582396890253164544?p=v","url":"582396890253164544","time_tweet":"29 Mar 15","text_tweet":"#SGBTEAM Nyamuk menyebabkan 40 persen populasi dunia berisiko menderita demam berdarah.","original_tweet":"\u003cdiv class=\"dir-ltr\" dir=\"ltr\"\u003e  \u003ca href=\"/hashtag/SGBTEAM?src=hash\" data-query-source=\"hashtag_click\" class=\"twitter-hashtag dir-ltr\" dir=\"ltr\"\u003e#SGBTEAM\u003c/a\u003e Nyamuk menyebabkan 40 persen populasi dunia berisiko menderita \u003cspan class=\"twitter-hit-highlight\"\u003edemam berdarah\u003c/span\u003e.\n\u003c/div\u003e"}
{"_id":{"$oid":"579069ee2b16e510013c53bf"},"username":"Puspen_TNI","index":214,"data_id":"/Puspen_TNI/status/582391791808159744?p=v","url":"582391791808159744","time_tweet":"29 Mar 15","text_tweet":"Balai Kesehatan Lanal Cilacap Waspada DBD | WEBSITE TENTARA NASIONAL INDONESIA tni.mil.id/view-74371-balâ€¦","original_tweet":"\u003cdiv class=\"dir-ltr\" dir=\"ltr\"\u003e  Balai Kesehatan Lanal Cilacap Waspada \u003cspan class=\"twitter-hit-highlight\"\u003eDBD\u003c/span\u003e | WEBSITE TENTARA NASIONAL INDONESIA \u003ca href=\"http://t.co/kvQ25v5QRc\" rel=\"nofollow\" dir=\"ltr\" data-expanded-url=\"http://www.tni.mil.id/view-74371-balai-kesehatan-lanal-cilacap-waspada-dbd.html#.VRjKPE3WLds.twitter\" data-url=\"http://www.tni.mil.id/view-74371-balai-kesehatan-lanal-cilacap-waspada-dbd.html#.VRjKPE3WLds.twitter\" class=\"twitter_external_link dir-ltr tco-link\" target=\"_blank\" title=\"http://www.tni.mil.id/view-74371-balai-kesehatan-lanal-cilacap-waspada-dbd.html#.VRjKPE3WLds.twitter\"\u003etni.mil.id/view-74371-balâ€¦\u003c/a\u003e\n\u003c/div\u003e"}
{"_id":{"$oid":"579069ee2b16e510013c53c0"},"username":"pkssemarang","index":215,"data_id":"/pkssemarang/status/582386909894164482?p=v","url":"582386909894164482","time_tweet":"29 Mar 15","text_tweet":"PKS Fogging Lokasi Wabah Demam Berdarah: youtu.be/VohglleAczI lewat @YouTube #PKSSejahtera #PKSJateng","original_tweet":"\u003cdiv class=\"dir-ltr\" dir=\"ltr\"\u003e  PKS Fogging Lokasi Wabah \u003cspan class=\"twitter-hit-highlight\"\u003eDemam Berdarah\u003c/span\u003e: \u003ca href=\"https://t.co/bsIPwC3X84\" rel=\"nofollow\" dir=\"ltr\" data-expanded-url=\"https://youtu.be/VohglleAczI\" data-url=\"https://youtu.be/VohglleAczI\" class=\"twitter_external_link dir-ltr tco-link\" target=\"_blank\" title=\"https://youtu.be/VohglleAczI\"\u003eyoutu.be/VohglleAczI\u003c/a\u003e lewat \u003ca href=\"/YouTube\" class=\"twitter-atreply dir-ltr\" dir=\"ltr\" data-mentioned-user-id=\"10228272\" data-screenname=\"YouTube\"\u003e@YouTube\u003c/a\u003e \u003ca href=\"/hashtag/PKSSejahtera?src=hash\" data-query-source=\"hashtag_click\" class=\"twitter-hashtag dir-ltr\" dir=\"ltr\"\u003e#PKSSejahtera\u003c/a\u003e \u003ca href=\"/hashtag/PKSJateng?src=hash\" data-query-source=\"hashtag_click\" class=\"twitter-hashtag dir-ltr\" dir=\"ltr\"\u003e#PKSJateng\u003c/a\u003e\n\u003c/div\u003e"}
{"_id":{"$oid":"579069ee2b16e510013c53c1"},"username":"beritametro86","index":216,"data_id":"/beritametro86/status/582379523355713537?p=v","url":"582379523355713537","time_tweet":"29 Mar 15","text_tweet":"Direktur RS Baptis Kota Batu Kampanye Terapi DBD: Direktur RS Baptis Kota Batu dr Dolly Irbantoro melakukan kampanye bit.ly/1DaG3eO","original_tweet":"\u003cdiv class=\"dir-ltr\" dir=\"ltr\"\u003e  Direktur RS Baptis Kota Batu Kampanye Terapi \u003cspan class=\"twitter-hit-highlight\"\u003eDBD\u003c/span\u003e: Direktur RS Baptis Kota Batu dr Dolly Irbantoro melakukan kampanye \u003ca href=\"http://t.co/BDsDl4hsvr\" rel=\"nofollow\" dir=\"ltr\" data-expanded-url=\"http://bit.ly/1DaG3eO\" data-url=\"http://bit.ly/1DaG3eO\" class=\"twitter_external_link dir-ltr tco-link\" target=\"_blank\" title=\"http://bit.ly/1DaG3eO\"\u003ebit.ly/1DaG3eO\u003c/a\u003e\n\u003c/div\u003e"}
{"_id":{"$oid":"579069ee2b16e510013c53c2"},"username":"jdbpurpose","index":217,"data_id":"/jdbpurpose/status/582376098241126400?p=v","url":"582376098241126400","time_tweet":"29 Mar 15","text_tweet":"Fdkdbxnddbds dbd d CJD sbsbdbxxbbbbsbd","original_tweet":"\u003cdiv class=\"dir-ltr\" dir=\"ltr\"\u003e  Fdkdbxnddbds \u003cspan class=\"twitter-hit-highlight\"\u003edbd\u003c/span\u003e d CJD sbsbdbxxbbbbsbd\n\u003c/div\u003e"}
{"_id":{"$oid":"579069ee2b16e510013c53c3"},"username":"taylahcailes","index":218,"data_id":"/taylahcailes/status/582376039227076609?p=v","url":"582376039227076609","time_tweet":"29 Mar 15","text_tweet":"JUATINF SODNF DBD","original_tweet":"\u003cdiv class=\"dir-ltr\" dir=\"ltr\"\u003e  JUATINF SODNF \u003cspan class=\"twitter-hit-highlight\"\u003eDBD\u003c/span\u003e\n\u003c/div\u003e"}
{"_id":{"$oid":"579069ee2b16e510013c53c4"},"username":"mang_dhe","index":219,"data_id":"/mang_dhe/status/582370544646946816?p=v","url":"582370544646946816","time_tweet":"29 Mar 15","text_tweet":"Kebijakan pemerintah spt gejala DBD(demam) naik turun naik turun kalau ngga cpt ditolong bisa meninggal loh","original_tweet":"\u003cdiv class=\"dir-ltr\" dir=\"ltr\"\u003e  Kebijakan pemerintah spt gejala \u003cspan class=\"twitter-hit-highlight\"\u003eDBD\u003c/span\u003e(demam) naik turun naik turun kalau ngga cpt ditolong bisa meninggal loh\n\u003c/div\u003e"}
{"_id":{"$oid":"579069ee2b16e510013c53c5"},"username":"inpojabar","index":220,"data_id":"/inpojabar/status/582366481394073600?p=v","url":"582366481394073600","time_tweet":"29 Mar 15","text_tweet":"Kabupaten Garut Waspada DBD dan Malaria - Tribun Jabar goo.gl/fb/lL2G2A #Garut","original_tweet":"\u003cdiv class=\"dir-ltr\" dir=\"ltr\"\u003e  Kabupaten Garut Waspada \u003cspan class=\"twitter-hit-highlight\"\u003eDBD\u003c/span\u003e dan Malaria - Tribun Jabar \u003ca href=\"http://t.co/UfmLEESx5Q\" rel=\"nofollow\" dir=\"ltr\" data-expanded-url=\"http://goo.gl/fb/lL2G2A\" data-url=\"http://goo.gl/fb/lL2G2A\" class=\"twitter_external_link dir-ltr tco-link\" target=\"_blank\" title=\"http://goo.gl/fb/lL2G2A\"\u003egoo.gl/fb/lL2G2A\u003c/a\u003e \u003ca href=\"/hashtag/Garut?src=hash\" data-query-source=\"hashtag_click\" class=\"twitter-hashtag dir-ltr\" dir=\"ltr\"\u003e#Garut\u003c/a\u003e\n\u003c/div\u003e"}
{"_id":{"$oid":"579069ee2b16e510013c53c6"},"username":"akuadalahdunia","index":221,"data_id":"/akuadalahdunia/status/582359199612579840?p=v","url":"582359199612579840","time_tweet":"29 Mar 15","text_tweet":"Terhindar dari demam berdarah, Seorang ABG kini terserang demam korea","original_tweet":"\u003cdiv class=\"dir-ltr\" dir=\"ltr\"\u003e  Terhindar dari \u003cspan class=\"twitter-hit-highlight\"\u003edemam berdarah\u003c/span\u003e, Seorang ABG kini terserang demam korea\n\u003c/div\u003e"}
{"_id":{"$oid":"579069ee2b16e510013c53c7"},"username":"nicha_elkana","index":222,"data_id":"/nicha_elkana/status/582355254588510208?p=v","url":"582355254588510208","time_tweet":"29 Mar 15","text_tweet":"@rdi971 @Didin_Bagito @dailoplop ainun dan habibie ceritanya keren banget, bagus, kisahnya juga di ambil dr kisah nyata #DBD","original_tweet":"\u003cdiv class=\"dir-ltr\" dir=\"ltr\"\u003e  \u003ca href=\"/rdi971\" class=\"twitter-atreply dir-ltr\" dir=\"ltr\" data-mentioned-user-id=\"381979676\" data-screenname=\"rdi971\"\u003e@rdi971\u003c/a\u003e \u003ca href=\"/Didin_Bagito\" class=\"twitter-atreply dir-ltr\" dir=\"ltr\" data-mentioned-user-id=\"151890383\" data-screenname=\"Didin_Bagito\"\u003e@Didin_Bagito\u003c/a\u003e \u003ca href=\"/dailoplop\" class=\"twitter-atreply dir-ltr\" dir=\"ltr\" data-mentioned-user-id=\"378541095\" data-screenname=\"dailoplop\"\u003e@dailoplop\u003c/a\u003e ainun dan habibie ceritanya keren banget, bagus, kisahnya juga di ambil dr kisah nyata \u003ca href=\"/hashtag/DBD?src=hash\" data-query-source=\"hashtag_click\" class=\"twitter-hashtag dir-ltr\" dir=\"ltr\"\u003e#\u003cspan class=\"twitter-hit-highlight\"\u003eDBD\u003c/span\u003e\u003c/a\u003e\n\u003c/div\u003e"}
{"_id":{"$oid":"579069ee2b16e510013c53c8"},"username":"Anthye19","index":223,"data_id":"/Anthye19/status/582344665132851200?p=v","url":"582344665132851200","time_tweet":"29 Mar 15","text_tweet":"Penuluhan tentang penyakit DBD @ Stikes Mega Rezky Makassar instagram.com/p/01RjtsqWZP/","original_tweet":"\u003cdiv class=\"dir-ltr\" dir=\"ltr\"\u003e  Penuluhan tentang penyakit \u003cspan class=\"twitter-hit-highlight\"\u003eDBD\u003c/span\u003e @ Stikes Mega Rezky Makassar \u003ca href=\"https://t.co/2tvgxu8wxz\" rel=\"nofollow\" dir=\"ltr\" data-expanded-url=\"https://instagram.com/p/01RjtsqWZP/\" data-url=\"https://instagram.com/p/01RjtsqWZP/\" class=\"twitter_external_link dir-ltr tco-link\" target=\"_blank\" title=\"https://instagram.com/p/01RjtsqWZP/\"\u003einstagram.com/p/01RjtsqWZP/\u003c/a\u003e\n\u003c/div\u003e"}
{"_id":{"$oid":"579069ee2b16e510013c53c9"},"username":"AyipMandoen","index":224,"data_id":"/AyipMandoen/status/582342773753421826?p=v","url":"582342773753421826","time_tweet":"29 Mar 15","text_tweet":"@rdi971 @Didin_Bagito @dailoplop #DBDSaya suka bnget sama SiDoel anak Sekolahan itu film apa sinetron sih?#film","original_tweet":"\u003cdiv class=\"dir-ltr\" dir=\"ltr\"\u003e  \u003ca href=\"/rdi971\" class=\"twitter-atreply dir-ltr\" dir=\"ltr\" data-mentioned-user-id=\"381979676\" data-screenname=\"rdi971\"\u003e@rdi971\u003c/a\u003e \u003ca href=\"/Didin_Bagito\" class=\"twitter-atreply dir-ltr\" dir=\"ltr\" data-mentioned-user-id=\"151890383\" data-screenname=\"Didin_Bagito\"\u003e@Didin_Bagito\u003c/a\u003e \u003ca href=\"/dailoplop\" class=\"twitter-atreply dir-ltr\" dir=\"ltr\" data-mentioned-user-id=\"378541095\" data-screenname=\"dailoplop\"\u003e@dailoplop\u003c/a\u003e \u003ca href=\"/hashtag/DBD?src=hash\" data-query-source=\"hashtag_click\" class=\"twitter-hashtag dir-ltr\" dir=\"ltr\"\u003e#\u003cspan class=\"twitter-hit-highlight\"\u003eDBD\u003c/span\u003e\u003c/a\u003e\nSaya suka bnget sama SiDoel anak Sekolahan itu film apa sinetron sih?\n\u003ca href=\"/hashtag/film?src=hash\" data-query-source=\"hashtag_click\" class=\"twitter-hashtag dir-ltr\" dir=\"ltr\"\u003e#film\u003c/a\u003e\n\u003c/div\u003e"}
{"_id":{"$oid":"579069ee2b16e510013c53ca"},"username":"Rizkaangelita","index":225,"data_id":"/Rizkaangelita/status/582340173528186880?p=v","url":"582340173528186880","time_tweet":"29 Mar 15","text_tweet":"Adek sudah sehat?:p â€” hooo, sehat apa dulu nih :)kalau sehat dari sakit db, insyaallah sih udah membaik tunggu ... ask.fm/a/c4a0eig0","original_tweet":"\u003cdiv class=\"dir-ltr\" dir=\"ltr\"\u003e  Adek sudah sehat?:p â€” hooo, sehat apa dulu nih :)\nkalau sehat dari \u003cspan class=\"twitter-hit-highlight\"\u003esakit db\u003c/span\u003e, insyaallah sih udah membaik tunggu ... \u003ca href=\"http://t.co/mb16CBJ2rR\" rel=\"nofollow\" dir=\"ltr\" data-expanded-url=\"http://ask.fm/a/c4a0eig0\" data-url=\"http://ask.fm/a/c4a0eig0\" class=\"twitter_external_link dir-ltr tco-link\" target=\"_blank\" title=\"http://ask.fm/a/c4a0eig0\"\u003eask.fm/a/c4a0eig0\u003c/a\u003e\n\u003c/div\u003e"}
{"_id":{"$oid":"579069ee2b16e510013c53cb"},"username":"rezacasmita1","index":226,"data_id":"/rezacasmita1/status/582338512592080896?p=v","url":"582338512592080896","time_tweet":"29 Mar 15","text_tweet":"@rdi971 @Didin_Bagito @dailoplop#DBD sy suka sama ayat ayat cinta #film","original_tweet":"\u003cdiv class=\"dir-ltr\" dir=\"ltr\"\u003e  \u003ca href=\"/rdi971\" class=\"twitter-atreply dir-ltr\" dir=\"ltr\" data-mentioned-user-id=\"381979676\" data-screenname=\"rdi971\"\u003e@rdi971\u003c/a\u003e \u003ca href=\"/Didin_Bagito\" class=\"twitter-atreply dir-ltr\" dir=\"ltr\" data-mentioned-user-id=\"151890383\" data-screenname=\"Didin_Bagito\"\u003e@Didin_Bagito\u003c/a\u003e \u003ca href=\"/dailoplop\" class=\"twitter-atreply dir-ltr\" dir=\"ltr\" data-mentioned-user-id=\"378541095\" data-screenname=\"dailoplop\"\u003e@dailoplop\u003c/a\u003e  \u003ca href=\"/hashtag/DBD?src=hash\" data-query-source=\"hashtag_click\" class=\"twitter-hashtag dir-ltr\" dir=\"ltr\"\u003e#\u003cspan class=\"twitter-hit-highlight\"\u003eDBD\u003c/span\u003e\u003c/a\u003e sy suka sama ayat ayat cinta \u003ca href=\"/hashtag/film?src=hash\" data-query-source=\"hashtag_click\" class=\"twitter-hashtag dir-ltr\" dir=\"ltr\"\u003e#film\u003c/a\u003e\n\u003c/div\u003e"}
{"_id":{"$oid":"579069ee2b16e510013c53cc"},"username":"Ohen_33135","index":227,"data_id":"/Ohen_33135/status/582337382793371648?p=v","url":"582337382793371648","time_tweet":"29 Mar 15","text_tweet":"@rdi971 @Didin_Bagito @dailoplop #film #DBD kalau akumah paling suka Film AADC,A Didin kumaha damang Teh dai sayang kangen kampung engga","original_tweet":"\u003cdiv class=\"dir-ltr\" dir=\"ltr\"\u003e  \u003ca href=\"/rdi971\" class=\"twitter-atreply dir-ltr\" dir=\"ltr\" data-mentioned-user-id=\"381979676\" data-screenname=\"rdi971\"\u003e@rdi971\u003c/a\u003e \u003ca href=\"/Didin_Bagito\" class=\"twitter-atreply dir-ltr\" dir=\"ltr\" data-mentioned-user-id=\"151890383\" data-screenname=\"Didin_Bagito\"\u003e@Didin_Bagito\u003c/a\u003e \u003ca href=\"/dailoplop\" class=\"twitter-atreply dir-ltr\" dir=\"ltr\" data-mentioned-user-id=\"378541095\" data-screenname=\"dailoplop\"\u003e@dailoplop\u003c/a\u003e \u003ca href=\"/hashtag/film?src=hash\" data-query-source=\"hashtag_click\" class=\"twitter-hashtag dir-ltr\" dir=\"ltr\"\u003e#film\u003c/a\u003e \u003ca href=\"/hashtag/DBD?src=hash\" data-query-source=\"hashtag_click\" class=\"twitter-hashtag dir-ltr\" dir=\"ltr\"\u003e#\u003cspan class=\"twitter-hit-highlight\"\u003eDBD\u003c/span\u003e\u003c/a\u003e kalau akumah paling suka Film AADC,A Didin kumaha damang Teh dai sayang kangen kampung engga\n\u003c/div\u003e"}
{"_id":{"$oid":"579069ee2b16e510013c53cd"},"username":"rdi971","index":228,"data_id":"/rdi971/status/582337190509690880?p=v","url":"582337190509690880","time_tweet":"29 Mar 15","text_tweet":"buat km yg pgn tmbh ekseizz yuks onair di #DBD w/ @Didin_Bagito @dailoplop 021-3911971 - 021-3929052","original_tweet":"\u003cdiv class=\"dir-ltr\" dir=\"ltr\"\u003e  buat km yg pgn tmbh ekseizz yuks onair di \u003ca href=\"/hashtag/DBD?src=hash\" data-query-source=\"hashtag_click\" class=\"twitter-hashtag dir-ltr\" dir=\"ltr\"\u003e#\u003cspan class=\"twitter-hit-highlight\"\u003eDBD\u003c/span\u003e\u003c/a\u003e w/ \u003ca href=\"/Didin_Bagito\" class=\"twitter-atreply dir-ltr\" dir=\"ltr\" data-mentioned-user-id=\"151890383\" data-screenname=\"Didin_Bagito\"\u003e@Didin_Bagito\u003c/a\u003e \u003ca href=\"/dailoplop\" class=\"twitter-atreply dir-ltr\" dir=\"ltr\" data-mentioned-user-id=\"378541095\" data-screenname=\"dailoplop\"\u003e@dailoplop\u003c/a\u003e 021-3911971 - 021-3929052\n\u003c/div\u003e"}
{"_id":{"$oid":"579069ee2b16e510013c53ce"},"username":"Maryono_caplan","index":229,"data_id":"/Maryono_caplan/status/582337158809178112?p=v","url":"582337158809178112","time_tweet":"29 Mar 15","text_tweet":"@rdi971 @Didin_bagito @dailoplop #film THE RAID 2 BERANDAL seru soal'a !!!#DBD","original_tweet":"\u003cdiv class=\"dir-ltr\" dir=\"ltr\"\u003e  \u003ca href=\"/rdi971\" class=\"twitter-atreply dir-ltr\" dir=\"ltr\" data-mentioned-user-id=\"381979676\" data-screenname=\"rdi971\"\u003e@rdi971\u003c/a\u003e \u003ca href=\"/Didin_Bagito\" class=\"twitter-atreply dir-ltr\" dir=\"ltr\" data-mentioned-user-id=\"151890383\" data-screenname=\"Didin_Bagito\"\u003e@Didin_bagito\u003c/a\u003e \u003ca href=\"/dailoplop\" class=\"twitter-atreply dir-ltr\" dir=\"ltr\" data-mentioned-user-id=\"378541095\" data-screenname=\"dailoplop\"\u003e@dailoplop\u003c/a\u003e \u003ca href=\"/hashtag/film?src=hash\" data-query-source=\"hashtag_click\" class=\"twitter-hashtag dir-ltr\" dir=\"ltr\"\u003e#film\u003c/a\u003e THE RAID 2 BERANDAL seru soal'a !!!\u003ca href=\"/hashtag/DBD?src=hash\" data-query-source=\"hashtag_click\" class=\"twitter-hashtag dir-ltr\" dir=\"ltr\"\u003e#\u003cspan class=\"twitter-hit-highlight\"\u003eDBD\u003c/span\u003e\u003c/a\u003e\n\u003c/div\u003e"}
{"_id":{"$oid":"579069ee2b16e510013c53cf"},"username":"jebidal","index":230,"data_id":"/jebidal/status/582336844295057408?p=v","url":"582336844295057408","time_tweet":"29 Mar 15","text_tweet":"jebidal.com: TESIS DETERMINAN PARTISIPASI KELUARGA DALAM TINDAKAN PENCEGAHAN DEMAM BERDARAH DENGUE is.gd/43qLqq #Contoh","original_tweet":"\u003cdiv class=\"dir-ltr\" dir=\"ltr\"\u003e  \u003ca href=\"http://t.co/2Udw7VsOF4\" rel=\"nofollow\" dir=\"ltr\" data-expanded-url=\"http://jebidal.com\" data-url=\"http://jebidal.com\" class=\"twitter_external_link dir-ltr tco-link\" target=\"_blank\" title=\"http://jebidal.com\"\u003ejebidal.com\u003c/a\u003e: TESIS DETERMINAN PARTISIPASI KELUARGA DALAM TINDAKAN PENCEGAHAN \u003cspan class=\"twitter-hit-highlight\"\u003eDEMAM BERDARAH\u003c/span\u003e DENGUE \u003ca href=\"http://t.co/D0UbPNWpYS\" rel=\"nofollow\" dir=\"ltr\" data-expanded-url=\"http://is.gd/43qLqq\" data-url=\"http://is.gd/43qLqq\" class=\"twitter_external_link dir-ltr tco-link\" target=\"_blank\" title=\"http://is.gd/43qLqq\"\u003eis.gd/43qLqq\u003c/a\u003e \u003ca href=\"/hashtag/Contoh?src=hash\" data-query-source=\"hashtag_click\" class=\"twitter-hashtag dir-ltr\" dir=\"ltr\"\u003e#Contoh\u003c/a\u003e\n\u003c/div\u003e"}
{"_id":{"$oid":"579069ee2b16e510013c53d0"},"username":"EdyMitharockerz","index":231,"data_id":"/EdyMitharockerz/status/582336326579539968?p=v","url":"582336326579539968","time_tweet":"29 Mar 15","text_tweet":"@rdi971 judul #film favorite w adalah film PUPUS sedihh bngt kisah perjlann cinta dan menuentuh binggo ;) @Didin_Bagito @dailoplop #DBD","original_tweet":"\u003cdiv class=\"dir-ltr\" dir=\"ltr\"\u003e  \u003ca href=\"/rdi971\" class=\"twitter-atreply dir-ltr\" dir=\"ltr\" data-mentioned-user-id=\"381979676\" data-screenname=\"rdi971\"\u003e@rdi971\u003c/a\u003e judul \u003ca href=\"/hashtag/film?src=hash\" data-query-source=\"hashtag_click\" class=\"twitter-hashtag dir-ltr\" dir=\"ltr\"\u003e#film\u003c/a\u003e favorite w adalah film PUPUS sedihh bngt kisah perjlann cinta dan menuentuh binggo ;) \u003ca href=\"/Didin_Bagito\" class=\"twitter-atreply dir-ltr\" dir=\"ltr\" data-mentioned-user-id=\"151890383\" data-screenname=\"Didin_Bagito\"\u003e@Didin_Bagito\u003c/a\u003e \u003ca href=\"/dailoplop\" class=\"twitter-atreply dir-ltr\" dir=\"ltr\" data-mentioned-user-id=\"378541095\" data-screenname=\"dailoplop\"\u003e@dailoplop\u003c/a\u003e \u003ca href=\"/hashtag/DBD?src=hash\" data-query-source=\"hashtag_click\" class=\"twitter-hashtag dir-ltr\" dir=\"ltr\"\u003e#\u003cspan class=\"twitter-hit-highlight\"\u003eDBD\u003c/span\u003e\u003c/a\u003e\n\u003c/div\u003e"}
{"_id":{"$oid":"579069ee2b16e510013c53d1"},"username":"suherman059","index":232,"data_id":"/suherman059/status/582336221768220673?p=v","url":"582336221768220673","time_tweet":"29 Mar 15","text_tweet":"@dailoplop @didin_bagito @rdi971 film Laskar pelangi#DBD#HariFilmNasional","original_tweet":"\u003cdiv class=\"dir-ltr\" dir=\"ltr\"\u003e  \u003ca href=\"/dailoplop\" class=\"twitter-atreply dir-ltr\" dir=\"ltr\" data-mentioned-user-id=\"378541095\" data-screenname=\"dailoplop\"\u003e@dailoplop\u003c/a\u003e \u003ca href=\"/Didin_Bagito\" class=\"twitter-atreply dir-ltr\" dir=\"ltr\" data-mentioned-user-id=\"151890383\" data-screenname=\"Didin_Bagito\"\u003e@didin_bagito\u003c/a\u003e \u003ca href=\"/rdi971\" class=\"twitter-atreply dir-ltr\" dir=\"ltr\" data-mentioned-user-id=\"381979676\" data-screenname=\"rdi971\"\u003e@rdi971\u003c/a\u003e film Laskar pelangi  \u003ca href=\"/hashtag/DBD?src=hash\" data-query-source=\"hashtag_click\" class=\"twitter-hashtag dir-ltr\" dir=\"ltr\"\u003e#\u003cspan class=\"twitter-hit-highlight\"\u003eDBD\u003c/span\u003e\u003c/a\u003e  \u003ca href=\"/hashtag/HariFilmNasional?src=hash\" data-query-source=\"hashtag_click\" class=\"twitter-hashtag dir-ltr\" dir=\"ltr\"\u003e#HariFilmNasional\u003c/a\u003e\n\u003c/div\u003e"}
{"_id":{"$oid":"579069ee2b16e510013c53d2"},"username":"amri_wilson","index":233,"data_id":"/amri_wilson/status/582334335933493248?p=v","url":"582334335933493248","time_tweet":"29 Mar 15","text_tweet":"@rdi971 film pvrit aku adlh mistri gnung mrapi soalny aku sk sm prshbtn nenk lmpir dan grandong ibarat bang @Didin_Bagito\u0026; @dailoplop #DBD","original_tweet":"\u003cdiv class=\"dir-ltr\" dir=\"ltr\"\u003e  \u003ca href=\"/rdi971\" class=\"twitter-atreply dir-ltr\" dir=\"ltr\" data-mentioned-user-id=\"381979676\" data-screenname=\"rdi971\"\u003e@rdi971\u003c/a\u003e film pvrit aku adlh mistri gnung mrapi soalny aku sk sm prshbtn nenk lmpir dan grandong ibarat bang \u003ca href=\"/Didin_Bagito\" class=\"twitter-atreply dir-ltr\" dir=\"ltr\" data-mentioned-user-id=\"151890383\" data-screenname=\"Didin_Bagito\"\u003e@Didin_Bagito\u003c/a\u003e  \u0026amp; \u003ca href=\"/dailoplop\" class=\"twitter-atreply dir-ltr\" dir=\"ltr\" data-mentioned-user-id=\"378541095\" data-screenname=\"dailoplop\"\u003e@dailoplop\u003c/a\u003e \u003ca href=\"/hashtag/DBD?src=hash\" data-query-source=\"hashtag_click\" class=\"twitter-hashtag dir-ltr\" dir=\"ltr\"\u003e#\u003cspan class=\"twitter-hit-highlight\"\u003eDBD\u003c/span\u003e\u003c/a\u003e\n\u003c/div\u003e"}
{"_id":{"$oid":"579069f62b16e510013c53d3"},"username":"kusnaditerkos1","index":234,"data_id":"/kusnaditerkos1/status/582333673996849153?p=v","url":"582333673996849153","time_tweet":"29 Mar 15","text_tweet":"@rdi971 @rdi971 #film @Didin_Bagito @dailoplop #DBD Tersanjung aq gemes am Lely Sagita yg Slalu nyiksa indah","original_tweet":"\u003cdiv class=\"dir-ltr\" dir=\"ltr\"\u003e  \u003ca href=\"/rdi971\" class=\"twitter-atreply dir-ltr\" dir=\"ltr\" data-mentioned-user-id=\"381979676\" data-screenname=\"rdi971\"\u003e@rdi971\u003c/a\u003e \u003ca href=\"/rdi971\" class=\"twitter-atreply dir-ltr\" dir=\"ltr\" data-mentioned-user-id=\"381979676\" data-screenname=\"rdi971\"\u003e@rdi971\u003c/a\u003e \u003ca href=\"/hashtag/film?src=hash\" data-query-source=\"hashtag_click\" class=\"twitter-hashtag dir-ltr\" dir=\"ltr\"\u003e#film\u003c/a\u003e \u003ca href=\"/Didin_Bagito\" class=\"twitter-atreply dir-ltr\" dir=\"ltr\" data-mentioned-user-id=\"151890383\" data-screenname=\"Didin_Bagito\"\u003e@Didin_Bagito\u003c/a\u003e \u003ca href=\"/dailoplop\" class=\"twitter-atreply dir-ltr\" dir=\"ltr\" data-mentioned-user-id=\"378541095\" data-screenname=\"dailoplop\"\u003e@dailoplop\u003c/a\u003e \u003ca href=\"/hashtag/DBD?src=hash\" data-query-source=\"hashtag_click\" class=\"twitter-hashtag dir-ltr\" dir=\"ltr\"\u003e#\u003cspan class=\"twitter-hit-highlight\"\u003eDBD\u003c/span\u003e\u003c/a\u003e Tersanjung aq gemes am Lely Sagita yg Slalu nyiksa indah\n\u003c/div\u003e"}
{"_id":{"$oid":"579069f62b16e510013c53d4"},"username":"rdi971","index":235,"data_id":"/rdi971/status/582332698875727872?p=v","url":"582332698875727872","time_tweet":"29 Mar 15","text_tweet":"Apa sih judul #film favorite kamu? Yuk share w/ @Didin_Bagito @dailoplop / sms 08121212971 #DBD","original_tweet":"\u003cdiv class=\"dir-ltr\" dir=\"ltr\"\u003e  Apa sih judul \u003ca href=\"/hashtag/film?src=hash\" data-query-source=\"hashtag_click\" class=\"twitter-hashtag dir-ltr\" dir=\"ltr\"\u003e#film\u003c/a\u003e favorite kamu? Yuk share w/ \u003ca href=\"/Didin_Bagito\" class=\"twitter-atreply dir-ltr\" dir=\"ltr\" data-mentioned-user-id=\"151890383\" data-screenname=\"Didin_Bagito\"\u003e@Didin_Bagito\u003c/a\u003e \u003ca href=\"/dailoplop\" class=\"twitter-atreply dir-ltr\" dir=\"ltr\" data-mentioned-user-id=\"378541095\" data-screenname=\"dailoplop\"\u003e@dailoplop\u003c/a\u003e / sms 08121212971 \u003ca href=\"/hashtag/DBD?src=hash\" data-query-source=\"hashtag_click\" class=\"twitter-hashtag dir-ltr\" dir=\"ltr\"\u003e#\u003cspan class=\"twitter-hit-highlight\"\u003eDBD\u003c/span\u003e\u003c/a\u003e\n\u003c/div\u003e"}
{"_id":{"$oid":"579069f62b16e510013c53d5"},"username":"rdi971","index":236,"data_id":"/rdi971/status/582332349053964288?p=v","url":"582332349053964288","time_tweet":"29 Mar 15","text_tweet":"Daripada bingung mau ngapain, mendingan kamu dengerin deh ocehan paginya @Didin_Bagito @dailoplop #DBD #harifilmnasional","original_tweet":"\u003cdiv class=\"dir-ltr\" dir=\"ltr\"\u003e  Daripada bingung mau ngapain, mendingan kamu dengerin deh ocehan paginya \u003ca href=\"/Didin_Bagito\" class=\"twitter-atreply dir-ltr\" dir=\"ltr\" data-mentioned-user-id=\"151890383\" data-screenname=\"Didin_Bagito\"\u003e@Didin_Bagito\u003c/a\u003e \u003ca href=\"/dailoplop\" class=\"twitter-atreply dir-ltr\" dir=\"ltr\" data-mentioned-user-id=\"378541095\" data-screenname=\"dailoplop\"\u003e@dailoplop\u003c/a\u003e \u003ca href=\"/hashtag/DBD?src=hash\" data-query-source=\"hashtag_click\" class=\"twitter-hashtag dir-ltr\" dir=\"ltr\"\u003e#\u003cspan class=\"twitter-hit-highlight\"\u003eDBD\u003c/span\u003e\u003c/a\u003e \u003ca href=\"/hashtag/harifilmnasional?src=hash\" data-query-source=\"hashtag_click\" class=\"twitter-hashtag dir-ltr\" dir=\"ltr\"\u003e#harifilmnasional\u003c/a\u003e\n\u003c/div\u003e"}
{"_id":{"$oid":"579069f62b16e510013c53d6"},"username":"inpojabar","index":237,"data_id":"/inpojabar/status/582330618886885376?p=v","url":"582330618886885376","time_tweet":"29 Mar 15","text_tweet":"Kabupaten Garut Waspada DBD dan Malaria - Tribun Jabar goo.gl/fb/JBQSEB #Garut","original_tweet":"\u003cdiv class=\"dir-ltr\" dir=\"ltr\"\u003e  Kabupaten Garut Waspada \u003cspan class=\"twitter-hit-highlight\"\u003eDBD\u003c/span\u003e dan Malaria - Tribun Jabar \u003ca href=\"http://t.co/3V9y2ps6Yx\" rel=\"nofollow\" dir=\"ltr\" data-expanded-url=\"http://goo.gl/fb/JBQSEB\" data-url=\"http://goo.gl/fb/JBQSEB\" class=\"twitter_external_link dir-ltr tco-link\" target=\"_blank\" title=\"http://goo.gl/fb/JBQSEB\"\u003egoo.gl/fb/JBQSEB\u003c/a\u003e \u003ca href=\"/hashtag/Garut?src=hash\" data-query-source=\"hashtag_click\" class=\"twitter-hashtag dir-ltr\" dir=\"ltr\"\u003e#Garut\u003c/a\u003e\n\u003c/div\u003e"}
{"_id":{"$oid":"579069f62b16e510013c53d7"},"username":"rdi971","index":238,"data_id":"/rdi971/status/582325285091086336?p=v","url":"582325285091086336","time_tweet":"29 Mar 15","text_tweet":"#SobatRDI sesaat lagi kamu tau gimana yah kalo @Didin_Bagito w/ @dailoplop main di film \" 5.cm\" yuk denger di #sketsapagi #DBD","original_tweet":"\u003cdiv class=\"dir-ltr\" dir=\"ltr\"\u003e  \u003ca href=\"/hashtag/SobatRDI?src=hash\" data-query-source=\"hashtag_click\" class=\"twitter-hashtag dir-ltr\" dir=\"ltr\"\u003e#SobatRDI\u003c/a\u003e sesaat lagi kamu tau gimana yah kalo \u003ca href=\"/Didin_Bagito\" class=\"twitter-atreply dir-ltr\" dir=\"ltr\" data-mentioned-user-id=\"151890383\" data-screenname=\"Didin_Bagito\"\u003e@Didin_Bagito\u003c/a\u003e w/ \u003ca href=\"/dailoplop\" class=\"twitter-atreply dir-ltr\" dir=\"ltr\" data-mentioned-user-id=\"378541095\" data-screenname=\"dailoplop\"\u003e@dailoplop\u003c/a\u003e main di film \" 5.cm\" yuk denger di \u003ca href=\"/hashtag/sketsapagi?src=hash\" data-query-source=\"hashtag_click\" class=\"twitter-hashtag dir-ltr\" dir=\"ltr\"\u003e#sketsapagi\u003c/a\u003e \u003ca href=\"/hashtag/DBD?src=hash\" data-query-source=\"hashtag_click\" class=\"twitter-hashtag dir-ltr\" dir=\"ltr\"\u003e#\u003cspan class=\"twitter-hit-highlight\"\u003eDBD\u003c/span\u003e\u003c/a\u003e\n\u003c/div\u003e"}
{"_id":{"$oid":"579069f62b16e510013c53d8"},"username":"StandUpIndo_WTP","index":239,"data_id":"/StandUpIndo_WTP/status/582325267529502720?p=v","url":"582325267529502720","time_tweet":"29 Mar 15","text_tweet":"erhindar dari demam berdarah, Seorang ABG kini terserang demam korea","original_tweet":"\u003cdiv class=\"dir-ltr\" dir=\"ltr\"\u003e  erhindar dari \u003cspan class=\"twitter-hit-highlight\"\u003edemam berdarah\u003c/span\u003e, Seorang ABG kini terserang demam korea\n\u003c/div\u003e"}
{"_id":{"$oid":"579069f62b16e510013c53d9"},"username":"cabllostan","index":240,"data_id":"/cabllostan/status/582321665469771776?p=v","url":"582321665469771776","time_tweet":"29 Mar 15","text_tweet":"PARA NAO SBDHBDGSVS D LAUREN DBD Dpic.twitter.com/McU0FInDqb","original_tweet":"\u003cdiv class=\"dir-ltr\" dir=\"ltr\"\u003e  PARA NAO SBDHBDGSVS D LAUREN \u003cspan class=\"twitter-hit-highlight\"\u003eDBD\u003c/span\u003e D  \u003ca href=\"http://t.co/McU0FInDqb\" data-pre-embedded=\"true\" rel=\"nofollow\" data-entity-id=\"582320792966467584\" dir=\"ltr\" data-url=\"http://twitter.com/laurinahotp/status/582320816714567681/photo/1\" data-tco-id=\"McU0FInDqb\" class=\"twitter_external_link dir-ltr tco-link has-expanded-path\" target=\"_top\" data-expanded-path=\"/laurinahotp/status/582320816714567681/photo/1\"\u003epic.twitter.com/McU0FInDqb\u003c/a\u003e\n\u003c/div\u003e"}
{"_id":{"$oid":"579069f62b16e510013c53da"},"username":"MegaaSMaimoen","index":241,"data_id":"/MegaaSMaimoen/status/582297411109847040?p=v","url":"582297411109847040","time_tweet":"29 Mar 15","text_tweet":"Jika suatu saat kita sdg ditimpa musibah sakit typus/DBD coba deh minum sari kurma perbotol setiap harinya. Insya Allah cepat memulihkan.","original_tweet":"\u003cdiv class=\"dir-ltr\" dir=\"ltr\"\u003e  Jika suatu saat kita sdg ditimpa musibah sakit typus/\u003cspan class=\"twitter-hit-highlight\"\u003eDBD\u003c/span\u003e coba deh minum sari kurma perbotol setiap harinya. Insya Allah cepat memulihkan.\n\u003c/div\u003e"}
{"_id":{"$oid":"579069f62b16e510013c53db"},"username":"dineke_DBD","index":242,"data_id":"/dineke_DBD/status/582293349823967232?p=v","url":"582293349823967232","time_tweet":"29 Mar 15","text_tweet":"Sholat subuhnya ya edo :*â™¥","original_tweet":"\u003cdiv class=\"dir-ltr\" dir=\"ltr\"\u003e  Sholat subuhnya ya edo :*â™¥\n\u003c/div\u003e"}
{"_id":{"$oid":"579069f62b16e510013c53dc"},"username":"dineke_DBD","index":243,"data_id":"/dineke_DBD/status/582293277929439232?p=v","url":"582293277929439232","time_tweet":"29 Mar 15","text_tweet":"Selamatpagiedo{}â™¥","original_tweet":"\u003cdiv class=\"dir-ltr\" dir=\"ltr\"\u003e  Selamatpagiedo{}â™¥\n\u003c/div\u003e"}
{"_id":{"$oid":"579069f62b16e510013c53dd"},"username":"dineke_DBD","index":244,"data_id":"/dineke_DBD/status/582293214331174912?p=v","url":"582293214331174912","time_tweet":"29 Mar 15","text_tweet":"Redhoâ™¥","original_tweet":"\u003cdiv class=\"dir-ltr\" dir=\"ltr\"\u003e  Redhoâ™¥\n\u003c/div\u003e"}
{"_id":{"$oid":"579069f62b16e510013c53de"},"username":"anandarachmad1","index":245,"data_id":"/anandarachmad1/status/582290745530417152?p=v","url":"582290745530417152","time_tweet":"29 Mar 15","text_tweet":"gara\" kena DBD gua 3 hari 3 malam kena panas tinggi :v...pertama 39,1 trus turun 38 trus naik lg 29,5 :'v kurang... fb.me/31d1ufnxb","original_tweet":"\u003cdiv class=\"dir-ltr\" dir=\"ltr\"\u003e  gara\" kena \u003cspan class=\"twitter-hit-highlight\"\u003eDBD\u003c/span\u003e gua 3 hari 3 malam kena panas tinggi :v...pertama 39,1 trus turun 38 trus naik lg 29,5 :'v kurang... \u003ca href=\"http://t.co/8zjn8Yau8r\" rel=\"nofollow\" dir=\"ltr\" data-expanded-url=\"http://fb.me/31d1ufnxb\" data-url=\"http://fb.me/31d1ufnxb\" class=\"twitter_external_link dir-ltr tco-link\" target=\"_blank\" title=\"http://fb.me/31d1ufnxb\"\u003efb.me/31d1ufnxb\u003c/a\u003e\n\u003c/div\u003e"}
{"_id":{"$oid":"579069f62b16e510013c53df"},"username":"sangkurcaci","index":246,"data_id":"/sangkurcaci/status/582290695202816001?p=v","url":"582290695202816001","time_tweet":"29 Mar 15","text_tweet":"Seekor nyamuk terkena demam berdarah, diduga akibat di gigit temannya sendiri","original_tweet":"\u003cdiv class=\"dir-ltr\" dir=\"ltr\"\u003e  Seekor nyamuk terkena \u003cspan class=\"twitter-hit-highlight\"\u003edemam berdarah\u003c/span\u003e, diduga akibat di gigit temannya sendiri\n\u003c/div\u003e"}
{"_id":{"$oid":"579069f62b16e510013c53e0"},"username":"btnoemie","index":247,"data_id":"/btnoemie/status/582262921696272384?p=v","url":"582262921696272384","time_tweet":"29 Mar 15","text_tweet":"@lysflcm mdkssnjwbs'dbd","original_tweet":"\u003cdiv class=\"dir-ltr\" dir=\"ltr\"\u003e  @lysflcm mdkssnjwbs'\u003cspan class=\"twitter-hit-highlight\"\u003edbd\u003c/span\u003e\n\u003c/div\u003e"}
{"_id":{"$oid":"579069f62b16e510013c53e1"},"username":"MontseFak","index":248,"data_id":"/MontseFak/status/582253419794161664?p=v","url":"582253419794161664","time_tweet":"29 Mar 15","text_tweet":"[FOTO-GALERIA] #DHF KH-7 @BMGranollers vs Helvetia @bmalcobendas wp.me/p5uowB-15 #handball #DHFemenina pic.twitter.com/X09Jrv0Irj","original_tweet":"\u003cdiv class=\"dir-ltr\" dir=\"ltr\"\u003e  [FOTO-GALERIA] \u003ca href=\"/hashtag/DHF?src=hash\" data-query-source=\"hashtag_click\" class=\"twitter-hashtag dir-ltr\" dir=\"ltr\"\u003e#\u003cspan class=\"twitter-hit-highlight\"\u003eDHF\u003c/span\u003e\u003c/a\u003e KH-7 \u003ca href=\"/BMGranollers\" class=\"twitter-atreply dir-ltr\" dir=\"ltr\" data-mentioned-user-id=\"271868107\" data-screenname=\"BMGranollers\"\u003e@BMGranollers\u003c/a\u003e vs Helvetia \u003ca href=\"/bmalcobendas\" class=\"twitter-atreply dir-ltr\" dir=\"ltr\" data-mentioned-user-id=\"272021762\" data-screenname=\"bmalcobendas\"\u003e@bmalcobendas\u003c/a\u003e \u003ca href=\"http://t.co/BPnB1Jd0Hx\" rel=\"nofollow\" dir=\"ltr\" data-expanded-url=\"http://wp.me/p5uowB-15\" data-url=\"http://wp.me/p5uowB-15\" class=\"twitter_external_link dir-ltr tco-link\" target=\"_blank\" title=\"http://wp.me/p5uowB-15\"\u003ewp.me/p5uowB-15\u003c/a\u003e \u003ca href=\"/hashtag/handball?src=hash\" data-query-source=\"hashtag_click\" class=\"twitter-hashtag dir-ltr\" dir=\"ltr\"\u003e#handball\u003c/a\u003e \u003ca href=\"/hashtag/DHFemenina?src=hash\" data-query-source=\"hashtag_click\" class=\"twitter-hashtag dir-ltr\" dir=\"ltr\"\u003e#DHFemenina\u003c/a\u003e \u003ca href=\"http://t.co/X09Jrv0Irj\" data-pre-embedded=\"true\" rel=\"nofollow\" data-entity-id=\"582253394821324802\" dir=\"ltr\" data-url=\"http://twitter.com/MontseFak/status/582253419794161664/photo/1\" data-tco-id=\"X09Jrv0Irj\" class=\"twitter_external_link dir-ltr tco-link has-expanded-path\" target=\"_top\" data-expanded-path=\"/MontseFak/status/582253419794161664/photo/1\"\u003epic.twitter.com/X09Jrv0Irj\u003c/a\u003e\n\u003c/div\u003e"}
{"_id":{"$oid":"579069f62b16e510013c53e2"},"username":"jun__hoe","index":249,"data_id":"/jun__hoe/status/582237507154157570?p=v","url":"582237507154157570","time_tweet":"29 Mar 15","text_tweet":"\"@YGMINOT: Gua ultah? Mana kado ? Para penghuni tl oit\"dbd hyung!!!","original_tweet":"\u003cdiv class=\"dir-ltr\" dir=\"ltr\"\u003e  \"\u003ca href=\"/YGMINOT\" class=\"twitter-atreply dir-ltr\" dir=\"ltr\" data-mentioned-user-id=\"3223279208\" data-screenname=\"YGMINOT\"\u003e@YGMINOT\u003c/a\u003e: Gua ultah? Mana kado ? Para penghuni tl oit\"\u003cspan class=\"twitter-hit-highlight\"\u003edbd\u003c/span\u003e hyung!!!\n\u003c/div\u003e"}
{"_id":{"$oid":"579069f62b16e510013c53e3"},"username":"KampusPsikologi","index":250,"data_id":"/KampusPsikologi/status/582223291127054336?p=v","url":"582223291127054336","time_tweet":"29 Mar 15","text_tweet":"Jambu biji, pepaya, jeruk, atau mangga yang kaya cairan baik dikonsumsi untuk membantu pemulihan saat demam berdarah. #Psikologi","original_tweet":"\u003cdiv class=\"dir-ltr\" dir=\"ltr\"\u003e  Jambu biji, pepaya, jeruk, atau mangga yang kaya cairan baik dikonsumsi untuk membantu pemulihan saat \u003cspan class=\"twitter-hit-highlight\"\u003edemam berdarah\u003c/span\u003e. \u003ca href=\"/hashtag/Psikologi?src=hash\" data-query-source=\"hashtag_click\" class=\"twitter-hashtag dir-ltr\" dir=\"ltr\"\u003e#Psikologi\u003c/a\u003e\n\u003c/div\u003e"}
{"_id":{"$oid":"579069f62b16e510013c53e4"},"username":"MetroTerkini","index":251,"data_id":"/MetroTerkini/status/582219736911478784?p=v","url":"582219736911478784","time_tweet":"29 Mar 15","text_tweet":"metroterkini.comFirdaus MT : Gotong Royong Perkecil Kasus DBD dlvr.it/99H50n #metroterkini","original_tweet":"\u003cdiv class=\"dir-ltr\" dir=\"ltr\"\u003e  \u003ca href=\"http://t.co/nBlRHUQv4c\" rel=\"nofollow\" dir=\"ltr\" data-expanded-url=\"http://metroterkini.com\" data-url=\"http://metroterkini.com\" class=\"twitter_external_link dir-ltr tco-link\" target=\"_blank\" title=\"http://metroterkini.com\"\u003emetroterkini.com\u003c/a\u003e  Firdaus MT : Gotong Royong Perkecil Kasus \u003cspan class=\"twitter-hit-highlight\"\u003eDBD\u003c/span\u003e \u003ca href=\"http://t.co/YIZbgiUOfw\" rel=\"nofollow\" dir=\"ltr\" data-expanded-url=\"http://dlvr.it/99H50n\" data-url=\"http://dlvr.it/99H50n\" class=\"twitter_external_link dir-ltr tco-link\" target=\"_blank\" title=\"http://dlvr.it/99H50n\"\u003edlvr.it/99H50n\u003c/a\u003e \u003ca href=\"/hashtag/metroterkini?src=hash\" data-query-source=\"hashtag_click\" class=\"twitter-hashtag dir-ltr\" dir=\"ltr\"\u003e#metroterkini\u003c/a\u003e\n\u003c/div\u003e"}
{"_id":{"$oid":"579069fc2b16e510013c53e5"},"username":"inpojabar","index":252,"data_id":"/inpojabar/status/582219677574815744?p=v","url":"582219677574815744","time_tweet":"29 Mar 15","text_tweet":"Kabupaten Garut Waspada DBD dan Malaria - Tribun Jabar goo.gl/fb/kt2afJ #Garut","original_tweet":"\u003cdiv class=\"dir-ltr\" dir=\"ltr\"\u003e  Kabupaten Garut Waspada \u003cspan class=\"twitter-hit-highlight\"\u003eDBD\u003c/span\u003e dan Malaria - Tribun Jabar \u003ca href=\"http://t.co/idBkHtsrCN\" rel=\"nofollow\" dir=\"ltr\" data-expanded-url=\"http://goo.gl/fb/kt2afJ\" data-url=\"http://goo.gl/fb/kt2afJ\" class=\"twitter_external_link dir-ltr tco-link\" target=\"_blank\" title=\"http://goo.gl/fb/kt2afJ\"\u003egoo.gl/fb/kt2afJ\u003c/a\u003e \u003ca href=\"/hashtag/Garut?src=hash\" data-query-source=\"hashtag_click\" class=\"twitter-hashtag dir-ltr\" dir=\"ltr\"\u003e#Garut\u003c/a\u003e\n\u003c/div\u003e"}
{"_id":{"$oid":"579069fc2b16e510013c53e6"},"username":"EOCforum","index":253,"data_id":"/EOCforum/status/582209901243465728?p=v","url":"582209901243465728","time_tweet":"29 Mar 15","text_tweet":"Gejala Penyakit Demam Berdarah bit.ly/1nABF2v","original_tweet":"\u003cdiv class=\"dir-ltr\" dir=\"ltr\"\u003e  Gejala Penyakit \u003cspan class=\"twitter-hit-highlight\"\u003eDemam Berdarah\u003c/span\u003e \u003ca href=\"http://t.co/OmV74wKcmy\" rel=\"nofollow\" dir=\"ltr\" data-expanded-url=\"http://bit.ly/1nABF2v\" data-url=\"http://bit.ly/1nABF2v\" class=\"twitter_external_link dir-ltr tco-link\" target=\"_blank\" title=\"http://bit.ly/1nABF2v\"\u003ebit.ly/1nABF2v\u003c/a\u003e\n\u003c/div\u003e"}
{"_id":{"$oid":"579069fc2b16e510013c53e7"},"username":"JefryWillianto","index":254,"data_id":"/JefryWillianto/status/582205412587401216?p=v","url":"582205412587401216","time_tweet":"29 Mar 15","text_tweet":"Eva sakit DB+tipes no,dia lg d rawat d bakti asih ni...mnta doanyabiar cpt smbuh ya no..\"@Rini_harti: Loh eva sakit apa?dirawat dimana?","original_tweet":"\u003cdiv class=\"dir-ltr\" dir=\"ltr\"\u003e  Eva \u003cspan class=\"twitter-hit-highlight\"\u003esakit DB\u003c/span\u003e+tipes no,dia lg d rawat d bakti asih ni...mnta doanya  biar cpt smbuh ya no..\"\u003ca href=\"/Rini_harti\" class=\"twitter-atreply dir-ltr\" dir=\"ltr\" data-mentioned-user-id=\"322207251\" data-screenname=\"Rini_harti\"\u003e@Rini_harti\u003c/a\u003e: Loh eva sakit apa?dirawat dimana?\n\u003c/div\u003e"}
{"_id":{"$oid":"579069fc2b16e510013c53e8"},"username":"EndaLoves","index":255,"data_id":"/EndaLoves/status/582201666679672832?p=v","url":"582201666679672832","time_tweet":"29 Mar 15","text_tweet":"gara2 bbm naik gak kuat beli obat nyamuk...trus kena DBD bpjs di tolak rs. akhirnya matiberkurang jatah subsidi. gkkkgkk","original_tweet":"\u003cdiv class=\"dir-ltr\" dir=\"ltr\"\u003e  gara2 bbm naik gak kuat beli obat nyamuk...\ntrus kena \u003cspan class=\"twitter-hit-highlight\"\u003eDBD\u003c/span\u003e bpjs di tolak rs. akhirnya mati\nberkurang jatah subsidi. gkkkgkk\n\u003c/div\u003e"}
{"_id":{"$oid":"579069fc2b16e510013c53e9"},"username":"gkhnhoca","index":256,"data_id":"/gkhnhoca/status/582194845554475008?p=v","url":"582194845554475008","time_tweet":"29 Mar 15","text_tweet":"HD KALÄ°TESÄ°NDE GAZETE OKU Gazetemansetler.com pic.twitter.com/gGSIazys1r#NedenmiOkuluSevmiyorum #BazenDiyorumKi dBD","original_tweet":"\u003cdiv class=\"dir-ltr\" dir=\"ltr\"\u003e  HD KALÄ°TESÄ°NDE GAZETE OKU \u003ca href=\"http://t.co/G5MvPkXJFd\" rel=\"nofollow\" dir=\"ltr\" data-expanded-url=\"http://Gazetemansetler.com\" data-url=\"http://Gazetemansetler.com\" class=\"twitter_external_link dir-ltr tco-link\" target=\"_blank\" title=\"http://Gazetemansetler.com\"\u003eGazetemansetler.com\u003c/a\u003e \u003ca href=\"http://t.co/gGSIazys1r\" data-pre-embedded=\"true\" rel=\"nofollow\" data-entity-id=\"581698635139833856\" dir=\"ltr\" data-url=\"http://twitter.com/gazetemansetlr/status/581698652940402688/photo/1\" data-tco-id=\"gGSIazys1r\" class=\"twitter_external_link dir-ltr tco-link has-expanded-path\" target=\"_top\" data-expanded-path=\"/gazetemansetlr/status/581698652940402688/photo/1\"\u003epic.twitter.com/gGSIazys1r\u003c/a\u003e  \u003ca href=\"/hashtag/NedenmiOkuluSevmiyorum?src=hash\" data-query-source=\"hashtag_click\" class=\"twitter-hashtag dir-ltr\" dir=\"ltr\"\u003e#NedenmiOkuluSevmiyorum\u003c/a\u003e \u003ca href=\"/hashtag/BazenDiyorumKi?src=hash\" data-query-source=\"hashtag_click\" class=\"twitter-hashtag dir-ltr\" dir=\"ltr\"\u003e#BazenDiyorumKi\u003c/a\u003e \u003cspan class=\"twitter-hit-highlight\"\u003edBD\u003c/span\u003e\n\u003c/div\u003e"}
{"_id":{"$oid":"579069fc2b16e510013c53ea"},"username":"khayate","index":257,"data_id":"/khayate/status/582190864924971009?p=v","url":"582190864924971009","time_tweet":"29 Mar 15","text_tweet":"Bersyukur karena anaknya baru saja sembuh dari kritis akibat wabah demam berdarah dengue. *syukuran tetangga*","original_tweet":"\u003cdiv class=\"dir-ltr\" dir=\"ltr\"\u003e  Bersyukur karena anaknya baru saja sembuh dari kritis akibat wabah \u003cspan class=\"twitter-hit-highlight\"\u003edemam berdarah\u003c/span\u003e dengue. *syukuran tetangga*\n\u003c/div\u003e"}
{"_id":{"$oid":"579069fc2b16e510013c53eb"},"username":"Masker_Hijau","index":258,"data_id":"/Masker_Hijau/status/582177387376451586?p=v","url":"582177387376451586","time_tweet":"29 Mar 15","text_tweet":"Cengkeh dapat digunakan untuk menyingkirkan nyamuk demam berdarah dan berbagai nyamuk lainnya.","original_tweet":"\u003cdiv class=\"dir-ltr\" dir=\"ltr\"\u003e  Cengkeh dapat digunakan untuk menyingkirkan nyamuk \u003cspan class=\"twitter-hit-highlight\"\u003edemam berdarah\u003c/span\u003e dan berbagai nyamuk lainnya.\n\u003c/div\u003e"}
{"_id":{"$oid":"579069fc2b16e510013c53ec"},"username":"dineke_DBD","index":259,"data_id":"/dineke_DBD/status/582174395914797058?p=v","url":"582174395914797058","time_tweet":"29 Mar 15","text_tweet":"Naek motor kerumah nenek {} missyougrandma{}","original_tweet":"\u003cdiv class=\"dir-ltr\" dir=\"ltr\"\u003e  Naek motor kerumah nenek {} missyougrandma{}\n\u003c/div\u003e"}
{"_id":{"$oid":"579069fc2b16e510013c53ed"},"username":"dineke_DBD","index":260,"data_id":"/dineke_DBD/status/582174206466482176?p=v","url":"582174206466482176","time_tweet":"29 Mar 15","text_tweet":"Kaya mimpi tadi itu perjalanan 2 jam kerumah mu nek{}","original_tweet":"\u003cdiv class=\"dir-ltr\" dir=\"ltr\"\u003e  Kaya mimpi tadi itu perjalanan 2 jam kerumah mu nek{}\n\u003c/div\u003e"}
{"_id":{"$oid":"579069fc2b16e510013c53ee"},"username":"firdaoctafsafin","index":261,"data_id":"/firdaoctafsafin/status/582172594599653377?p=v","url":"582172594599653377","time_tweet":"29 Mar 15","text_tweet":"Semoga bukan dbd yaa;\u0026;","original_tweet":"\u003cdiv class=\"dir-ltr\" dir=\"ltr\"\u003e  Semoga bukan \u003cspan class=\"twitter-hit-highlight\"\u003edbd\u003c/span\u003e yaa;\u0026amp;\n\u003c/div\u003e"}
{"_id":{"$oid":"579069fc2b16e510013c53ef"},"username":"Suci_Ana_Mani","index":262,"data_id":"/Suci_Ana_Mani/status/582165891657252864?p=v","url":"582165891657252864","time_tweet":"29 Mar 15","text_tweet":"Terhindar dari demam berdarah, Seorang ABG kini terserang demam korea -____- #saya","original_tweet":"\u003cdiv class=\"dir-ltr\" dir=\"ltr\"\u003e  Terhindar dari \u003cspan class=\"twitter-hit-highlight\"\u003edemam berdarah\u003c/span\u003e, Seorang ABG kini terserang demam korea -____- \u003ca href=\"/hashtag/saya?src=hash\" data-query-source=\"hashtag_click\" class=\"twitter-hashtag dir-ltr\" dir=\"ltr\"\u003e#saya\u003c/a\u003e\n\u003c/div\u003e"}
{"_id":{"$oid":"579069fc2b16e510013c53f0"},"username":"soniaanggi","index":263,"data_id":"/soniaanggi/status/582164705868791808?p=v","url":"582164705868791808","time_tweet":"29 Mar 15","text_tweet":"Papa udah lepas infusan kemarin, udah sehat. Eh barusan drop lagi. Diinfus lagi. :(Seminggu ini 4 orang rumah aja kena DBD sama Thypus. ðŸ˜–","original_tweet":"\u003cdiv class=\"dir-ltr\" dir=\"ltr\"\u003e  Papa udah lepas infusan kemarin, udah sehat. Eh barusan drop lagi. Diinfus lagi. :(\nSeminggu ini 4 orang rumah aja kena \u003cspan class=\"twitter-hit-highlight\"\u003eDBD\u003c/span\u003e sama Thypus. ðŸ˜–\n\u003c/div\u003e"}
{"_id":{"$oid":"579069fc2b16e510013c53f1"},"username":"syahlanmaulana","index":264,"data_id":"/syahlanmaulana/status/582164035749044224?p=v","url":"582164035749044224","time_tweet":"29 Mar 15","text_tweet":"Gejala DBD , yaa allah jadikan lah hamba orang yg bersyukur :( pic.twitter.com/pOHrJQf2me","original_tweet":"\u003cdiv class=\"dir-ltr\" dir=\"ltr\"\u003e  Gejala \u003cspan class=\"twitter-hit-highlight\"\u003eDBD\u003c/span\u003e , yaa allah jadikan lah hamba orang yg bersyukur :( \u003ca href=\"http://t.co/pOHrJQf2me\" data-pre-embedded=\"true\" rel=\"nofollow\" data-entity-id=\"582164035623206912\" dir=\"ltr\" data-url=\"http://twitter.com/syahlanmaulana/status/582164035749044224/photo/1\" data-tco-id=\"pOHrJQf2me\" class=\"twitter_external_link dir-ltr tco-link has-expanded-path\" target=\"_top\" data-expanded-path=\"/syahlanmaulana/status/582164035749044224/photo/1\"\u003epic.twitter.com/pOHrJQf2me\u003c/a\u003e\n\u003c/div\u003e"}
{"_id":{"$oid":"579069fc2b16e510013c53f2"},"username":"B0YFRIEND","index":265,"data_id":"/B0YFRIEND/status/582157667164016640?p=v","url":"582157667164016640","time_tweet":"29 Mar 15","text_tweet":"DBD = Demam @BillyDavidson_ (salah satu kelompok korbannya @BillDavGallery) for #teambilly","original_tweet":"\u003cdiv class=\"dir-ltr\" dir=\"ltr\"\u003e  \u003cspan class=\"twitter-hit-highlight\"\u003eDBD\u003c/span\u003e = Demam \u003ca href=\"/BillyDavidson_\" class=\"twitter-atreply dir-ltr\" dir=\"ltr\" data-mentioned-user-id=\"231481730\" data-screenname=\"BillyDavidson_\"\u003e@BillyDavidson_\u003c/a\u003e (salah satu kelompok korbannya \u003ca href=\"/BillDavGallery\" class=\"twitter-atreply dir-ltr\" dir=\"ltr\" data-mentioned-user-id=\"2600724666\" data-screenname=\"BillDavGallery\"\u003e@BillDavGallery\u003c/a\u003e) for \u003ca href=\"/hashtag/teambilly?src=hash\" data-query-source=\"hashtag_click\" class=\"twitter-hashtag dir-ltr\" dir=\"ltr\"\u003e#teambilly\u003c/a\u003e\n\u003c/div\u003e"}
{"_id":{"$oid":"579069fc2b16e510013c53f3"},"username":"My_MahMoed","index":266,"data_id":"/My_MahMoed/status/582153464291176448?p=v","url":"582153464291176448","time_tweet":"29 Mar 15","text_tweet":"Ya Allah musibah apa lagi ini hadehhh...adk gw kena DBD lagi ya Allah smoga cpt sembuh Aamiin Ya Allah","original_tweet":"\u003cdiv class=\"dir-ltr\" dir=\"ltr\"\u003e  Ya Allah musibah apa lagi ini hadehhh...\nadk gw kena \u003cspan class=\"twitter-hit-highlight\"\u003eDBD\u003c/span\u003e lagi ya Allah smoga cpt sembuh Aamiin Ya Allah\n\u003c/div\u003e"}
{"_id":{"$oid":"579069fc2b16e510013c53f4"},"username":"miekejanustya","index":267,"data_id":"/miekejanustya/status/582147349817901056?p=v","url":"582147349817901056","time_tweet":"29 Mar 15","text_tweet":"Udah 2 jenguk pasien DHF hari ini ðŸ’ŠðŸ’‰ðŸ¥ (with Adietz at Wing Amerta International Hospital) â€” path.com/p/4DAkMq","original_tweet":"\u003cdiv class=\"dir-ltr\" dir=\"ltr\"\u003e  Udah 2 jenguk pasien \u003cspan class=\"twitter-hit-highlight\"\u003eDHF\u003c/span\u003e hari ini ðŸ’ŠðŸ’‰ðŸ¥ (with Adietz at Wing Amerta International Hospital) â€” \u003ca href=\"https://t.co/eirLcrZBrW\" rel=\"nofollow\" dir=\"ltr\" data-expanded-url=\"https://path.com/p/4DAkMq\" data-url=\"https://path.com/p/4DAkMq\" class=\"twitter_external_link dir-ltr tco-link\" target=\"_blank\" title=\"https://path.com/p/4DAkMq\"\u003epath.com/p/4DAkMq\u003c/a\u003e\n\u003c/div\u003e"}
{"_id":{"$oid":"579069fc2b16e510013c53f5"},"username":"ASetiawan05","index":268,"data_id":"/ASetiawan05/status/582143214309654528?p=v","url":"582143214309654528","time_tweet":"29 Mar 15","text_tweet":"#SGBTEAM Nyamuk menyebabkan 40 persen populasi dunia berisiko menderita demam berdarah.","original_tweet":"\u003cdiv class=\"dir-ltr\" dir=\"ltr\"\u003e  \u003ca href=\"/hashtag/SGBTEAM?src=hash\" data-query-source=\"hashtag_click\" class=\"twitter-hashtag dir-ltr\" dir=\"ltr\"\u003e#SGBTEAM\u003c/a\u003e Nyamuk menyebabkan 40 persen populasi dunia berisiko menderita \u003cspan class=\"twitter-hit-highlight\"\u003edemam berdarah\u003c/span\u003e.\n\u003c/div\u003e"}
{"_id":{"$oid":"579069fc2b16e510013c53f6"},"username":"_potterfx","index":269,"data_id":"/_potterfx/status/582139957340327936?p=v","url":"582139957340327936","time_tweet":"29 Mar 15","text_tweet":"Allahu harapnya baik baik saja. Risau kena dengue fever je dia ni ðŸ˜·ðŸ˜·","original_tweet":"\u003cdiv class=\"dir-ltr\" dir=\"ltr\"\u003e  Allahu harapnya baik baik saja. Risau kena \u003cspan class=\"twitter-hit-highlight\"\u003edengue fever\u003c/span\u003e je dia ni ðŸ˜·ðŸ˜·\n\u003c/div\u003e"}
{"_id":{"$oid":"579069fc2b16e510013c53f7"},"username":"agry_Rinaldo","index":270,"data_id":"/agry_Rinaldo/status/582138123640946688?p=v","url":"582138123640946688","time_tweet":"29 Mar 15","text_tweet":"Ayo dong DBD sembuhlah :(","original_tweet":"\u003cdiv class=\"dir-ltr\" dir=\"ltr\"\u003e  Ayo dong \u003cspan class=\"twitter-hit-highlight\"\u003eDBD\u003c/span\u003e sembuhlah :(\n\u003c/div\u003e"}
{"_id":{"$oid":"57906a042b16e510013c53f8"},"username":"Harianterbit_","index":271,"data_id":"/Harianterbit_/status/582135463537848320?p=v","url":"582135463537848320","time_tweet":"29 Mar 15","text_tweet":"Hati-Hati DBD Mengintai di Pergantian Musim goo.gl/fb/laK2qq","original_tweet":"\u003cdiv class=\"dir-ltr\" dir=\"ltr\"\u003e  Hati-Hati \u003cspan class=\"twitter-hit-highlight\"\u003eDBD\u003c/span\u003e Mengintai di Pergantian Musim \u003ca href=\"http://t.co/tT2ABatwXj\" rel=\"nofollow\" dir=\"ltr\" data-expanded-url=\"http://goo.gl/fb/laK2qq\" data-url=\"http://goo.gl/fb/laK2qq\" class=\"twitter_external_link dir-ltr tco-link\" target=\"_blank\" title=\"http://goo.gl/fb/laK2qq\"\u003egoo.gl/fb/laK2qq\u003c/a\u003e\n\u003c/div\u003e"}
{"_id":{"$oid":"57906a042b16e510013c53f9"},"username":"soniaanggi","index":272,"data_id":"/soniaanggi/status/582135033273524224?p=v","url":"582135033273524224","time_tweet":"29 Mar 15","text_tweet":"Si Adek sakit, kena DBD. Kok ya berasa sedih. Biasanya hyper-active, sekarang jadi pendiem. :'(","original_tweet":"\u003cdiv class=\"dir-ltr\" dir=\"ltr\"\u003e  Si Adek sakit, kena \u003cspan class=\"twitter-hit-highlight\"\u003eDBD\u003c/span\u003e. Kok ya berasa sedih. Biasanya hyper-active, sekarang jadi pendiem. :'(\n\u003c/div\u003e"}
{"_id":{"$oid":"57906a042b16e510013c53fa"},"username":"gex_ida","index":273,"data_id":"/gex_ida/status/582131542912176130?p=v","url":"582131542912176130","time_tweet":"29 Mar 15","text_tweet":"Semoga bermanfaat ya :)Waspada demam berdarah.. fb.me/72UxVt5ww","original_tweet":"\u003cdiv class=\"dir-ltr\" dir=\"ltr\"\u003e  Semoga bermanfaat ya :)\nWaspada \u003cspan class=\"twitter-hit-highlight\"\u003edemam berdarah\u003c/span\u003e.. \u003ca href=\"http://t.co/6xH75m0URC\" rel=\"nofollow\" dir=\"ltr\" data-expanded-url=\"http://fb.me/72UxVt5ww\" data-url=\"http://fb.me/72UxVt5ww\" class=\"twitter_external_link dir-ltr tco-link\" target=\"_blank\" title=\"http://fb.me/72UxVt5ww\"\u003efb.me/72UxVt5ww\u003c/a\u003e\n\u003c/div\u003e"}
{"_id":{"$oid":"57906a042b16e510013c53fb"},"username":"inpojabar","index":274,"data_id":"/inpojabar/status/582127640183705600?p=v","url":"582127640183705600","time_tweet":"29 Mar 15","text_tweet":"Kabupaten Garut Waspada DBD dan Malaria - Tribun Jabar goo.gl/fb/ki5qF9 #Garut","original_tweet":"\u003cdiv class=\"dir-ltr\" dir=\"ltr\"\u003e  Kabupaten Garut Waspada \u003cspan class=\"twitter-hit-highlight\"\u003eDBD\u003c/span\u003e dan Malaria - Tribun Jabar \u003ca href=\"http://t.co/kFUd7gdL7f\" rel=\"nofollow\" dir=\"ltr\" data-expanded-url=\"http://goo.gl/fb/ki5qF9\" data-url=\"http://goo.gl/fb/ki5qF9\" class=\"twitter_external_link dir-ltr tco-link\" target=\"_blank\" title=\"http://goo.gl/fb/ki5qF9\"\u003egoo.gl/fb/ki5qF9\u003c/a\u003e \u003ca href=\"/hashtag/Garut?src=hash\" data-query-source=\"hashtag_click\" class=\"twitter-hashtag dir-ltr\" dir=\"ltr\"\u003e#Garut\u003c/a\u003e\n\u003c/div\u003e"}
{"_id":{"$oid":"57906a042b16e510013c53fc"},"username":"Achan_AMB","index":275,"data_id":"/Achan_AMB/status/582126807111090176?p=v","url":"582126807111090176","time_tweet":"29 Mar 15","text_tweet":"Tangan gue kok bintik bintik merah banyak ya? Katanya tanda dbd gitu... Ga ga ga gue gamau 2 minggu lagi UN","original_tweet":"\u003cdiv class=\"dir-ltr\" dir=\"ltr\"\u003e  Tangan gue kok bintik bintik merah banyak ya? Katanya tanda \u003cspan class=\"twitter-hit-highlight\"\u003edbd\u003c/span\u003e gitu... Ga ga ga gue gamau 2 minggu lagi UN\n\u003c/div\u003e"}
{"_id":{"$oid":"57906a042b16e510013c53fd"},"username":"HelloDoctorID","index":276,"data_id":"/HelloDoctorID/status/582120020215398400?p=v","url":"582120020215398400","time_tweet":"29 Mar 15","text_tweet":"Musim penghujan telah tiba. Jaga kebersihan dan kesehatan untuk mencegah DBD! Yuk, ikutan Paket Sehat Hello... fb.me/76BTH1eUE","original_tweet":"\u003cdiv class=\"dir-ltr\" dir=\"ltr\"\u003e  Musim penghujan telah tiba. Jaga kebersihan dan kesehatan untuk mencegah \u003cspan class=\"twitter-hit-highlight\"\u003eDBD\u003c/span\u003e! Yuk, ikutan Paket Sehat Hello... \u003ca href=\"http://t.co/25PrGJ5SLo\" rel=\"nofollow\" dir=\"ltr\" data-expanded-url=\"http://fb.me/76BTH1eUE\" data-url=\"http://fb.me/76BTH1eUE\" class=\"twitter_external_link dir-ltr tco-link\" target=\"_blank\" title=\"http://fb.me/76BTH1eUE\"\u003efb.me/76BTH1eUE\u003c/a\u003e\n\u003c/div\u003e"}
{"_id":{"$oid":"57906a042b16e510013c53fe"},"username":"YugoSurya97","index":277,"data_id":"/YugoSurya97/status/582120000779104256?p=v","url":"582120000779104256","time_tweet":"29 Mar 15","text_tweet":"kesehatan memang mahal.. So lebih baik mencegah dari pada mengobati... Sakit semua badan.. #remuk#dbd","original_tweet":"\u003cdiv class=\"dir-ltr\" dir=\"ltr\"\u003e  kesehatan memang mahal.. So lebih baik mencegah dari pada mengobati... Sakit semua badan.. #remuk#\u003cspan class=\"twitter-hit-highlight\"\u003edbd\u003c/span\u003e\n\u003c/div\u003e"}
{"_id":{"$oid":"57906a042b16e510013c53ff"},"username":"RahmaSutarn","index":278,"data_id":"/RahmaSutarn/status/582119276456382464?p=v","url":"582119276456382464","time_tweet":"29 Mar 15","text_tweet":"Sakit hati (?) Rumah sakit kristen itu mah -_- â€” Becandalah :p DBD mbakHaha iya kok kamu tau sih ;) ya gapapa s... ask.fm/a/c51m0non","original_tweet":"\u003cdiv class=\"dir-ltr\" dir=\"ltr\"\u003e  Sakit hati (?) Rumah sakit kristen itu mah -_- â€” Becandalah :p \u003cspan class=\"twitter-hit-highlight\"\u003eDBD\u003c/span\u003e mbak\nHaha iya kok kamu tau sih ;) ya gapapa s... \u003ca href=\"http://t.co/HZC5cnjzHL\" rel=\"nofollow\" dir=\"ltr\" data-expanded-url=\"http://ask.fm/a/c51m0non\" data-url=\"http://ask.fm/a/c51m0non\" class=\"twitter_external_link dir-ltr tco-link\" target=\"_blank\" title=\"http://ask.fm/a/c51m0non\"\u003eask.fm/a/c51m0non\u003c/a\u003e\n\u003c/div\u003e"}
{"_id":{"$oid":"57906a042b16e510013c5400"},"username":"Risa_Zaky","index":279,"data_id":"/Risa_Zaky/status/582119137939357696?p=v","url":"582119137939357696","time_tweet":"29 Mar 15","text_tweet":"bangkee moment adalah lo lagi tidur sore yang enak tau2 ada kang fooging (penyemprotan demam berdarah) dateng tiba2 kan bangkeeeðŸ˜‘ðŸ˜‘ðŸ’©ðŸ’©ðŸ’©ðŸ’©ðŸ”¥ðŸ”¥ðŸ”¥ðŸ’”ðŸ’”ðŸ’”","original_tweet":"\u003cdiv class=\"dir-ltr\" dir=\"ltr\"\u003e  bangkee moment adalah lo lagi tidur sore yang enak tau2 ada kang fooging (penyemprotan \u003cspan class=\"twitter-hit-highlight\"\u003edemam berdarah\u003c/span\u003e) dateng tiba2 kan bangkeeeðŸ˜‘ðŸ˜‘ðŸ’©ðŸ’©ðŸ’©ðŸ’©ðŸ”¥ðŸ”¥ðŸ”¥ðŸ’”ðŸ’”ðŸ’”\n\u003c/div\u003e"}
{"_id":{"$oid":"57906a042b16e510013c5401"},"username":"mbah_Q","index":280,"data_id":"/mbah_Q/status/582113766629736448?p=v","url":"582113766629736448","time_tweet":"29 Mar 15","text_tweet":"Seekor nyamuk terkena demam berdarah, diduga akibat di gigit temannya sendiri","original_tweet":"\u003cdiv class=\"dir-ltr\" dir=\"ltr\"\u003e  Seekor nyamuk terkena \u003cspan class=\"twitter-hit-highlight\"\u003edemam berdarah\u003c/span\u003e, diduga akibat di gigit temannya sendiri\n\u003c/div\u003e"}
{"_id":{"$oid":"57906a042b16e510013c5402"},"username":"koranbaruonline","index":281,"data_id":"/koranbaruonline/status/582106282477391872?p=v","url":"582106282477391872","time_tweet":"29 Mar 15","text_tweet":"Jakarta Waspada DBD, Gubernur Ahok Sudah Terserang: Gubernur DKI Jakarta, Basuki Tjahajaâ€¦ goo.gl/fb/oMS6jp","original_tweet":"\u003cdiv class=\"dir-ltr\" dir=\"ltr\"\u003e  Jakarta Waspada \u003cspan class=\"twitter-hit-highlight\"\u003eDBD\u003c/span\u003e, Gubernur Ahok Sudah Terserang: Gubernur DKI Jakarta, Basuki Tjahajaâ€¦ \u003ca href=\"http://t.co/t7SPC1AsUl\" rel=\"nofollow\" dir=\"ltr\" data-expanded-url=\"http://goo.gl/fb/oMS6jp\" data-url=\"http://goo.gl/fb/oMS6jp\" class=\"twitter_external_link dir-ltr tco-link\" target=\"_blank\" title=\"http://goo.gl/fb/oMS6jp\"\u003egoo.gl/fb/oMS6jp\u003c/a\u003e\n\u003c/div\u003e"}
{"_id":{"$oid":"57906a042b16e510013c5403"},"username":"rdavapor","index":282,"data_id":"/rdavapor/status/582102403857666048?p=v","url":"582102403857666048","time_tweet":"29 Mar 15","text_tweet":"Jambu biji, pepaya, jeruk, atau mangga yang kaya cairan baik dikonsumsi untuk membantu pemulihan saat demam berdarah.","original_tweet":"\u003cdiv class=\"dir-ltr\" dir=\"ltr\"\u003e  Jambu biji, pepaya, jeruk, atau mangga yang kaya cairan baik dikonsumsi untuk membantu pemulihan saat \u003cspan class=\"twitter-hit-highlight\"\u003edemam berdarah\u003c/span\u003e.\n\u003c/div\u003e"}
{"_id":{"$oid":"57906a042b16e510013c5404"},"username":"NonaLyndha","index":283,"data_id":"/NonaLyndha/status/582084000530980864?p=v","url":"582084000530980864","time_tweet":"29 Mar 15","text_tweet":"Hebatnya si kecil PROPOLIS nie, demam berdarah az bisa sembuh..Koran az sudah meyakinkannya..Apaâ€¦ instagram.com/p/0zbBYcAaNa/","original_tweet":"\u003cdiv class=\"dir-ltr\" dir=\"ltr\"\u003e  Hebatnya si kecil PROPOLIS nie, \u003cspan class=\"twitter-hit-highlight\"\u003edemam berdarah\u003c/span\u003e az bisa sembuh..\nKoran az sudah meyakinkannya..\nApaâ€¦ \u003ca href=\"https://t.co/txBe0cdyAR\" rel=\"nofollow\" dir=\"ltr\" data-expanded-url=\"https://instagram.com/p/0zbBYcAaNa/\" data-url=\"https://instagram.com/p/0zbBYcAaNa/\" class=\"twitter_external_link dir-ltr tco-link\" target=\"_blank\" title=\"https://instagram.com/p/0zbBYcAaNa/\"\u003einstagram.com/p/0zbBYcAaNa/\u003c/a\u003e\n\u003c/div\u003e"}
{"_id":{"$oid":"57906a042b16e510013c5405"},"username":"AndaTahu","index":284,"data_id":"/AndaTahu/status/582081553179676672?p=v","url":"582081553179676672","time_tweet":"29 Mar 15","text_tweet":"Nyamuk menyebabkan 40 persen populasi dunia berisiko menderita demam berdarah.","original_tweet":"\u003cdiv class=\"dir-ltr\" dir=\"ltr\"\u003e  Nyamuk menyebabkan 40 persen populasi dunia berisiko menderita \u003cspan class=\"twitter-hit-highlight\"\u003edemam berdarah\u003c/span\u003e.\n\u003c/div\u003e"}
{"_id":{"$oid":"57906a0b2b16e510013c5406"},"username":"PromoShopMks","index":285,"data_id":"/PromoShopMks/status/582077627361415169?p=v","url":"582077627361415169","time_tweet":"29 Mar 15","text_tweet":"Yo(ã£Ë˜â–½Ë˜)ã£ @tian_dhfAyoBantu Retweet \u0026; Cekidot @TokoTamz pinBB:51B7ED23 Jual Aksesoris Cewek di Makassar ReadyStock\u0026;GratisOngkirMks","original_tweet":"\u003cdiv class=\"dir-ltr\" dir=\"ltr\"\u003e  Yo(ã£Ë˜â–½Ë˜)ã£ \u003ca href=\"/tian_dhf\" class=\"twitter-atreply dir-ltr\" dir=\"ltr\" data-mentioned-user-id=\"132887898\" data-screenname=\"tian_dhf\"\u003e@tian_\u003cspan class=\"twitter-hit-highlight\"\u003edhf\u003c/span\u003e\u003c/a\u003e  AyoBantu Retweet \u0026amp; Cekidot \u003ca href=\"/TokoTamz\" class=\"twitter-atreply dir-ltr\" dir=\"ltr\" data-mentioned-user-id=\"827387719\" data-screenname=\"TokoTamz\"\u003e@TokoTamz\u003c/a\u003e pinBB:51B7ED23 Jual Aksesoris Cewek di Makassar ReadyStock\u0026amp;GratisOngkirMks\n\u003c/div\u003e"}
{"_id":{"$oid":"57906a0b2b16e510013c5407"},"username":"philinashericka","index":286,"data_id":"/philinashericka/status/582077162259288064?p=v","url":"582077162259288064","time_tweet":"29 Mar 15","text_tweet":"Magkakasakitan lang kayo e. Hindi mo naman kaya yung sakit db?","original_tweet":"\u003cdiv class=\"dir-ltr\" dir=\"ltr\"\u003e  Magkakasakitan lang kayo e. Hindi mo naman kaya yung \u003cspan class=\"twitter-hit-highlight\"\u003esakit db\u003c/span\u003e?\n\u003c/div\u003e"}
{"_id":{"$oid":"57906a0b2b16e510013c5408"},"username":"inpojabar","index":287,"data_id":"/inpojabar/status/582077003777646592?p=v","url":"582077003777646592","time_tweet":"29 Mar 15","text_tweet":"Kabupaten Garut Waspada DBD dan Malaria - Tribun Jabar goo.gl/fb/Ce6qMk #Garut","original_tweet":"\u003cdiv class=\"dir-ltr\" dir=\"ltr\"\u003e  Kabupaten Garut Waspada \u003cspan class=\"twitter-hit-highlight\"\u003eDBD\u003c/span\u003e dan Malaria - Tribun Jabar \u003ca href=\"http://t.co/SErCpmGhBX\" rel=\"nofollow\" dir=\"ltr\" data-expanded-url=\"http://goo.gl/fb/Ce6qMk\" data-url=\"http://goo.gl/fb/Ce6qMk\" class=\"twitter_external_link dir-ltr tco-link\" target=\"_blank\" title=\"http://goo.gl/fb/Ce6qMk\"\u003egoo.gl/fb/Ce6qMk\u003c/a\u003e \u003ca href=\"/hashtag/Garut?src=hash\" data-query-source=\"hashtag_click\" class=\"twitter-hashtag dir-ltr\" dir=\"ltr\"\u003e#Garut\u003c/a\u003e\n\u003c/div\u003e"}
