{"_id":{"$oid":"57cba7db7fea4b15b7513e19"},"username":"Renialexis","url":"/Renialexis/status/575681663075643394?p=v","text_tweet":"Sakit DBD Dadakan Beresin Data nya","time":"11 Mar 15","id":"575681663075643394"}
{"_id":{"$oid":"57cba7db7fea4b15b7513e1a"},"username":"dineke_DBD","url":"/dineke_DBD/status/575650876154605568?p=v","text_tweet":"bikin pisah smansaka","time":"11 Mar 15","id":"575650876154605568"}
{"_id":{"$oid":"57cba7db7fea4b15b7513e1b"},"username":"dineke_DBD","url":"/dineke_DBD/status/575650876154605568?p=v","text_tweet":"Kenangan di sma celcious kangen ban","time":"11 Mar 15","id":"575650876154605568"}
{"_id":{"$oid":"57cba7db7fea4b15b7513e1c"},"username":"ghazal_dhf","url":"/ghazal_dhf/status/575699539513995264?p=v","text_tweet":"tolong kaa curhat bkn curhat cerita","time":"11 Mar 15","id":"575699539513995264"}
{"_id":{"$oid":"57cba7db7fea4b15b7513e1d"},"username":"ghazal_dhf","url":"/ghazal_dhf/status/575699539513995264?p=v","text_tweet":"wkwkk","time":"11 Mar 15","id":"575699539513995264"}
{"_id":{"$oid":"57cba7db7fea4b15b7513e1e"},"username":"dineke_DBD","url":"/dineke_DBD/status/575649868980617216?p=v","text_tweet":"snmptn milih","time":"11 Mar 15","id":"575649868980617216"}
{"_id":{"$oid":"57cba7db7fea4b15b7513e1f"},"username":"dineke_DBD","url":"/dineke_DBD/status/575649868980617216?p=v","text_tweet":"Unila jau2 doain ya O","time":"11 Mar 15","id":"575649868980617216"}
{"_id":{"$oid":"57cba7db7fea4b15b7513e20"},"username":"dineke_DBD","url":"/dineke_DBD/status/575657058713923586?p=v","text_tweet":"selingkuhin edo gak","time":"11 Mar 15","id":"575657058713923586"}
{"_id":{"$oid":"57cba7db7fea4b15b7513e21"},"username":"dineke_DBD","url":"/dineke_DBD/status/575657058713923586?p=v","text_tweet":"Alhamdulillah pernahO","time":"11 Mar 15","id":"575657058713923586"}
{"_id":{"$oid":"57cba7db7fea4b15b7513e22"},"username":"dineke_DBD","url":"/dineke_DBD/status/575660318313046016?p=v","text_tweet":"pengen sampe nikah tah edo","time":"11 Mar 15","id":"575660318313046016"}
{"_id":{"$oid":"57cba7db7fea4b15b7513e23"},"username":"dineke_DBD","url":"/dineke_DBD/status/575660318313046016?p=v","text_tweet":"pengen pengen banget amin yaAllah O","time":"11 Mar 15","id":"575660318313046016"}
{"_id":{"$oid":"57cba7db7fea4b15b7513e24"},"username":"ghazal_dhf","url":"/ghazal_dhf/status/575682434014052353?p=v","text_tweet":"pap berdua lita kopelan yesh hahaha","time":"11 Mar 15","id":"575682434014052353"}
{"_id":{"$oid":"57cba7db7fea4b15b7513e25"},"username":"ghazal_dhf","url":"/ghazal_dhf/status/575683429645348865?p=v","text_tweet":"pap berdua lita kopelan yes haha jgn lupa dilike nih yg ask wkwk","time":"11 Mar 15","id":"575683429645348865"}
{"_id":{"$oid":"57cba7db7fea4b15b7513e26"},"username":"ghazal_dhf","url":"/ghazal_dhf/status/575699765528240128?p=v","text_tweet":"numpang ketawa ya ka HAHAHAHAHAHAHAHHAHAHAHAHA maaf de blom isi formulir jd blm ketawa lebar2 wlwllwlwl","time":"11 Mar 15","id":"575699765528240128"}
{"_id":{"$oid":"57cba7db7fea4b15b7513e27"},"username":"ghazal_dhf","url":"/ghazal_dhf/status/575683929950285824?p=v","text_tweet":"pake jazz","time":"11 Mar 15","id":"575683929950285824"}
{"_id":{"$oid":"57cba7db7fea4b15b7513e28"},"username":"ghazal_dhf","url":"/ghazal_dhf/status/575683929950285824?p=v","text_tweet":"yaris kemana","time":"11 Mar 15","id":"575683929950285824"}
{"_id":{"$oid":"57cba7db7fea4b15b7513e29"},"username":"ghazal_dhf","url":"/ghazal_dhf/status/575683929950285824?p=v","text_tweet":"tau","time":"11 Mar 15","id":"575683929950285824"}
{"_id":{"$oid":"57cba7db7fea4b15b7513e2a"},"username":"salda_esa","url":"/salda_esa/status/575579645925539840?p=v","text_tweet":"lgi musim lip mah sabar ya iya sa gatau DBD kaya nya","time":"11 Mar 15","id":"575579645925539840"}
{"_id":{"$oid":"57cba7db7fea4b15b7513e2b"},"username":"ghazal_dhf","url":"/ghazal_dhf/status/575691413280702464?p=v","text_tweet":"knapa bertahan lita yg","time":"11 Mar 15","id":"575691413280702464"}
{"_id":{"$oid":"57cba7db7fea4b15b7513e2c"},"username":"ghazal_dhf","url":"/ghazal_dhf/status/575691413280702464?p=v","text_tweet":"selera brayy","time":"11 Mar 15","id":"575691413280702464"}
{"_id":{"$oid":"57cba7db7fea4b15b7513e2d"},"username":"ghazal_dhf","url":"/ghazal_dhf/status/575694028718673920?p=v","text_tweet":"ka kk suka kentut sembarangan yaaa iya nih sampe kehabisan lapak kentut KADANG SAYA","time":"11 Mar 15","id":"575694028718673920"}
{"_id":{"$oid":"57cba7db7fea4b15b7513e2e"},"username":"AlievMuchlisin","url":"/AlievMuchlisin/status/575565402618609664?p=v","text_tweet":"iya sa gatau DBD kaya nya AlievMuchlisin ya ampun ibumu masuk rumh sakit lip sakit lo emang","time":"11 Mar 15","id":"575565402618609664"}
{"_id":{"$oid":"57cba7db7fea4b15b7513e2f"},"username":"AlievMuchlisin","url":"/AlievMuchlisin/status/575596282917613568?p=v","text_tweet":"iya lgi musim lip mah sabar ya AlievMuchlisin iya sa gatau DBD kaya nya","time":"11 Mar 15","id":"575596282917613568"}
{"_id":{"$oid":"57cba7db7fea4b15b7513e30"},"username":"dineke_DBD","url":"/dineke_DBD/status/575656947401297921?p=v","text_tweet":"impersonate Ine edo nyebelin Tadi ya ceritanya gini Bodo lo ikutan Iya tah ya","time":"11 Mar 15","id":"575656947401297921"}
{"_id":{"$oid":"57cba7db7fea4b15b7513e31"},"username":"Putrivada","url":"/Putrivada/status/575559925763555328?p=v","text_tweet":"hahaha Ahok Sakit Demam Berdarah Lulung Semoga Cepat Sembuh","time":"11 Mar 15","id":"575559925763555328"}
{"_id":{"$oid":"57cba7dc7fea4b15b7513e32"},"username":"arisyarkowi12","url":"/arisyarkowi12/status/575565376953561089?p=v","text_tweet":"ekstrak propolis percepat rawat inap pasien dbd","time":"11 Mar 15","id":"575565376953561089"}
{"_id":{"$oid":"57cba7dc7fea4b15b7513e33"},"username":"10_cacink","url":"/10_cacink/status/575640145057153024?p=v","text_tweet":"dokter penyakitnya terdeteksi tipes DBD mudah mudahan masuk angin ya Allah amin","time":"11 Mar 15","id":"575640145057153024"}
{"_id":{"$oid":"57cba7dc7fea4b15b7513e34"},"username":"EnnaLoise","url":"/EnnaLoise/status/575585736575041536?p=v","text_tweet":"nyamuk sakit","time":"11 Mar 15","id":"575585736575041536"}
{"_id":{"$oid":"57cba7dc7fea4b15b7513e35"},"username":"EnnaLoise","url":"/EnnaLoise/status/575585736575041536?p=v","text_tweet":"DBD","time":"11 Mar 15","id":"575585736575041536"}
{"_id":{"$oid":"57cba7dc7fea4b15b7513e36"},"username":"dineke_DBD","url":"/dineke_DBD/status/575656408626110464?p=v","text_tweet":"desc temen deketnya jeng jen putih cerewet nyebelin diterima diuniversitas yg kam","time":"11 Mar 15","id":"575656408626110464"}
{"_id":{"$oid":"57cba7dc7fea4b15b7513e37"},"username":"ghazal_dhf","url":"/ghazal_dhf/status/575690958093819904?p=v","text_tweet":"desc imp lita Pendek lucu putih pesek rambut alay tukang ngambek oenyoe gajelas yyy trsrh k","time":"11 Mar 15","id":"575690958093819904"}
{"_id":{"$oid":"57cba7dc7fea4b15b7513e38"},"username":"dineke_DBD","url":"/dineke_DBD/status/575660205851152384?p=v","text_tweet":"sih banggain edo","time":"11 Mar 15","id":"575660205851152384"}
{"_id":{"$oid":"57cba7dc7fea4b15b7513e39"},"username":"dineke_DBD","url":"/dineke_DBD/status/575660205851152384?p=v","text_tweet":"Banyak orang tau","time":"11 Mar 15","id":"575660205851152384"}
{"_id":{"$oid":"57cba7dc7fea4b15b7513e3a"},"username":"dineke_DBD","url":"/dineke_DBD/status/575650024459231232?p=v","text_tweet":"anniv terahir dikasih","time":"11 Mar 15","id":"575650024459231232"}
{"_id":{"$oid":"57cba7dc7fea4b15b7513e3b"},"username":"dineke_DBD","url":"/dineke_DBD/status/575650024459231232?p=v","text_tweet":"dikasih pokoknya","time":"11 Mar 15","id":"575650024459231232"}
{"_id":{"$oid":"57cba7dc7fea4b15b7513e3c"},"username":"berita_politik","url":"/berita_politik/status/575687481024061440?p=v","text_tweet":"Tempo Catat Lima Wilayah Ini Rawan Nyamuk DBD","time":"11 Mar 15","id":"575687481024061440"}
{"_id":{"$oid":"57cba7dc7fea4b15b7513e3d"},"username":"pikiran_rakyat","url":"/pikiran_rakyat/status/575599252274970625?p=v","text_tweet":"Jawa Barat Tiga Orang Meninggal Akibat Demam Berdarah","time":"11 Mar 15","id":"575599252274970625"}
{"_id":{"$oid":"57cba7dc7fea4b15b7513e3e"},"username":"dedy_nurasyadi","url":"/dedy_nurasyadi/status/575639134456311808?p=v","text_tweet":"Yang Terjadi Anda Masuk Rumah Sakit terkena Penyakit Demam Berdarah","time":"11 Mar 15","id":"575639134456311808"}
{"_id":{"$oid":"57cba7dc7fea4b15b7513e3f"},"username":"dineke_DBD","url":"/dineke_DBD/status/575630020699258881?p=v","text_tweet":"YaAllah sakit badannya","time":"11 Mar 15","id":"575630020699258881"}
{"_id":{"$oid":"57cba7dc7fea4b15b7513e40"},"username":"mulgokizhary","url":"/mulgokizhary/status/575697535978770434?p=v","text_tweet":"Ya abis dbd digigit nyamuk dbd","time":"11 Mar 15","id":"575697535978770434"}
{"_id":{"$oid":"57cba7dc7fea4b15b7513e41"},"username":"MonicChaerur","url":"/MonicChaerur/status/575652104582332416?p=v","text_tweet":"Wkwkwk besok bawa kelambu biar gadigigit nyamuk kak RT kantor kebon DBD ud syukur gua","time":"11 Mar 15","id":"575652104582332416"}
{"_id":{"$oid":"57cba7dc7fea4b15b7513e42"},"username":"mahirdesain","url":"/mahirdesain/status/575574817321123840?p=v","text_tweet":"Waspada","time":"11 Mar 15","id":"575574817321123840"}
{"_id":{"$oid":"57cba7dc7fea4b15b7513e43"},"username":"mahirdesain","url":"/mahirdesain/status/575574817321123840?p=v","text_tweet":"Ini Gejala Demam Berdarah INILAHCOM Jakarta Pergantian musim panas hujan kerap menimbulkan ber","time":"11 Mar 15","id":"575574817321123840"}
{"_id":{"$oid":"57cba7dc7fea4b15b7513e44"},"username":"serbaserbiinfo","url":"/serbaserbiinfo/status/575567827907842048?p=v","text_tweet":"Waspada","time":"11 Mar 15","id":"575567827907842048"}
{"_id":{"$oid":"57cba7dc7fea4b15b7513e45"},"username":"serbaserbiinfo","url":"/serbaserbiinfo/status/575567827907842048?p=v","text_tweet":"Ini Gejala Demam Berdarah","time":"11 Mar 15","id":"575567827907842048"}
{"_id":{"$oid":"57cba7dc7fea4b15b7513e46"},"username":"BeritaKerenNih","url":"/BeritaKerenNih/status/575574787214479360?p=v","text_tweet":"Waspada","time":"11 Mar 15","id":"575574787214479360"}
{"_id":{"$oid":"57cba7dc7fea4b15b7513e47"},"username":"BeritaKerenNih","url":"/BeritaKerenNih/status/575574787214479360?p=v","text_tweet":"Ini Gejala Demam Berdarah","time":"11 Mar 15","id":"575574787214479360"}
{"_id":{"$oid":"57cba7dc7fea4b15b7513e48"},"username":"COMELdotID","url":"/COMELdotID/status/575574791698182144?p=v","text_tweet":"Waspada","time":"11 Mar 15","id":"575574791698182144"}
{"_id":{"$oid":"57cba7dc7fea4b15b7513e49"},"username":"COMELdotID","url":"/COMELdotID/status/575574791698182144?p=v","text_tweet":"Ini Gejala Demam Berdarah","time":"11 Mar 15","id":"575574791698182144"}
{"_id":{"$oid":"57cba7dc7fea4b15b7513e4a"},"username":"mediainformasib","url":"/mediainformasib/status/575567295533154304?p=v","text_tweet":"Waspada","time":"11 Mar 15","id":"575567295533154304"}
{"_id":{"$oid":"57cba7dc7fea4b15b7513e4b"},"username":"mediainformasib","url":"/mediainformasib/status/575567295533154304?p=v","text_tweet":"Ini Gejala Demam Berdarah","time":"11 Mar 15","id":"575567295533154304"}
{"_id":{"$oid":"57cba7dc7fea4b15b7513e4c"},"username":"idhamdams","url":"/idhamdams/status/575692747102797824?p=v","text_tweet":"Waspada RT Awas Kasus Demam Berdarah di Jakarta Selatan Tertinggi","time":"11 Mar 15","id":"575692747102797824"}
{"_id":{"$oid":"57cba7dc7fea4b15b7513e4d"},"username":"BlogEgi","url":"/BlogEgi/status/575573448895897600?p=v","text_tweet":"Waspada Demam Berdarah di Pergantian Musim","time":"11 Mar 15","id":"575573448895897600"}
{"_id":{"$oid":"57cba7dc7fea4b15b7513e4e"},"username":"liputan6dotcom","url":"/liputan6dotcom/status/575563287397535744?p=v","text_tweet":"Waspada Demam Berdarah di Pergantian Musim","time":"11 Mar 15","id":"575563287397535744"}
{"_id":{"$oid":"57cba7dc7fea4b15b7513e4f"},"username":"ElshintaDotCom","url":"/ElshintaDotCom/status/575567634609102849?p=v","text_tweet":"Warga Diminta Waspadai DBD ISPA","time":"11 Mar 15","id":"575567634609102849"}
{"_id":{"$oid":"57cba7dc7fea4b15b7513e50"},"username":"titanurmala","url":"/titanurmala/status/575652679621332993?p=v","text_tweet":"Wah ahok sakit kena DBD ditotolin nyamuk ama haji lulung wkwoowowkwowkwowkwoo","time":"11 Mar 15","id":"575652679621332993"}
{"_id":{"$oid":"57cba7dc7fea4b15b7513e51"},"username":"manawa_manawa","url":"/manawa_manawa/status/575675315998998528?p=v","text_tweet":"Waduh tipi sunyi koh mencret n DBD RINDU UCAPAN BAJINGAN dua di topi","time":"11 Mar 15","id":"575675315998998528"}
{"_id":{"$oid":"57cba7dc7fea4b15b7513e52"},"username":"bdgnewsphoto","url":"/bdgnewsphoto/status/575675580571512832?p=v","text_tweet":"Wabah DBD di Kabupaten Subang Tiga Orang Meninggal Dunia","time":"11 Mar 15","id":"575675580571512832"}
{"_id":{"$oid":"57cba7dc7fea4b15b7513e53"},"username":"suaradotcom","url":"/suaradotcom/status/575609075997806592?p=v","text_tweet":"Usai Sakit DBD Ahok Akan Dipanggil Tim Angket DPRD","time":"11 Mar 15","id":"575609075997806592"}
{"_id":{"$oid":"57cba7dc7fea4b15b7513e54"},"username":"abu_waras","url":"/abu_waras/status/575792189524987904?p=v","text_tweet":"Tolong diludahin Haji ludah mujarab Sakit DBD Ahok Dirawat di","time":"11 Mar 15","id":"575792189524987904"}
{"_id":{"$oid":"57cba7dd7fea4b15b7513e55"},"username":"the_geotimes","url":"/the_geotimes/status/575569423421038592?p=v","text_tweet":"Tiga Pasien DBD Meninggal Setelah Ditolak Puskesmas","time":"11 Mar 15","id":"575569423421038592"}
{"_id":{"$oid":"57cba7dd7fea4b15b7513e56"},"username":"the_geotimes","url":"/the_geotimes/status/575800983697162240?p=v","text_tweet":"Tiga Pasien DBD Meninggal Setelah Ditolak Puskesmas","time":"11 Mar 15","id":"575800983697162240"}
{"_id":{"$oid":"57cba7dd7fea4b15b7513e57"},"username":"mahirdesain","url":"/mahirdesain/status/575601417823498240?p=v","text_tweet":"Tiga Orang Meninggal Akibat Demam Berdarah SUBANG PRLM Tiga orang meninggal dunia akibat serangan penyak","time":"11 Mar 15","id":"575601417823498240"}
{"_id":{"$oid":"57cba7dd7fea4b15b7513e58"},"username":"fei_48","url":"/fei_48/status/575602137016573952?p=v","text_tweet":"Tiga Orang Meninggal Akibat Demam Berdarah SUBANG PRLM Tiga orang meninggal dunia akibat serangan penyak","time":"11 Mar 15","id":"575602137016573952"}
{"_id":{"$oid":"57cba7dd7fea4b15b7513e59"},"username":"theglobalinfo","url":"/theglobalinfo/status/575599267366092800?p=v","text_tweet":"Tiga Orang Meninggal Akibat Demam Berdarah SUBANG PRLM Tiga orang meninggal dunia akibat serangan penyak","time":"11 Mar 15","id":"575599267366092800"}
{"_id":{"$oid":"57cba7dd7fea4b15b7513e5a"},"username":"PikiranRakyat77","url":"/PikiranRakyat77/status/575602034537168897?p=v","text_tweet":"Tiga Orang Meninggal Akibat Demam Berdarah","time":"11 Mar 15","id":"575602034537168897"}
{"_id":{"$oid":"57cba7dd7fea4b15b7513e5b"},"username":"d_andjani","url":"/d_andjani/status/575623551148892160?p=v","text_tweet":"Terhindar demam berdarah Seorang ABG terserang demam korea","time":"11 Mar 15","id":"575623551148892160"}
{"_id":{"$oid":"57cba7dd7fea4b15b7513e5c"},"username":"SistaAgni","url":"/SistaAgni/status/575661561202630658?p=v","text_tweet":"Tambah borok kudis loh DBD","time":"11 Mar 15","id":"575661561202630658"}
{"_id":{"$oid":"57cba7dd7fea4b15b7513e5d"},"username":"SistaAgni","url":"/SistaAgni/status/575661561202630658?p=v","text_tweet":"DBD ada mulesnya","time":"11 Mar 15","id":"575661561202630658"}
{"_id":{"$oid":"57cba7dd7fea4b15b7513e5e"},"username":"SistaAgni","url":"/SistaAgni/status/575661561202630658?p=v","text_tweet":"Koh Hok mules","time":"11 Mar 15","id":"575661561202630658"}
{"_id":{"$oid":"57cba7dd7fea4b15b7513e5f"},"username":"masjipeng","url":"/masjipeng/status/575784741263163392?p=v","text_tweet":"Sudah pagi lupa obat nyamuknya disiapin yg tidur yg kerja waspada DBD","time":"11 Mar 15","id":"575784741263163392"}
{"_id":{"$oid":"57cba7dd7fea4b15b7513e60"},"username":"pontianakpost","url":"/pontianakpost/status/575693759154774017?p=v","text_tweet":"Sudah Tiga Hari Ahok Sakit Lulung Ingin Sangat Menjenguknya Begitu kena DBD demam berdarah dengue","time":"11 Mar 15","id":"575693759154774017"}
{"_id":{"$oid":"57cba7dd7fea4b15b7513e61"},"username":"lutfiabinufail","url":"/lutfiabinufail/status/575697942486503425?p=v","text_tweet":"Skt DBD loyal buta RT RT Mana Ahokers","time":"11 Mar 15","id":"575697942486503425"}
{"_id":{"$oid":"57cba7dd7fea4b15b7513e62"},"username":"lutfiabinufail","url":"/lutfiabinufail/status/575697942486503425?p=v","text_tweet":"gt Konsultan Ngaku Dibayar Seikhlasnya Garap","time":"11 Mar 15","id":"575697942486503425"}
{"_id":{"$oid":"57cba7dd7fea4b15b7513e63"},"username":"PutraSigit88","url":"/PutraSigit88/status/575578849922146304?p=v","text_tweet":"Semua jenis tanaman mengatasi sakit Demam Berdarah","time":"11 Mar 15","id":"575578849922146304"}
{"_id":{"$oid":"57cba7dd7fea4b15b7513e64"},"username":"PutraSigit88","url":"/PutraSigit88/status/575768904112308224?p=v","text_tweet":"Semua jenis tanaman mengatasi sakit Demam Berdarah","time":"11 Mar 15","id":"575768904112308224"}
{"_id":{"$oid":"57cba7dd7fea4b15b7513e65"},"username":"NabilaHandoko","url":"/NabilaHandoko/status/575684552196104193?p=v","text_tweet":"Semoga gejala dbd ya Allah","time":"11 Mar 15","id":"575684552196104193"}
{"_id":{"$oid":"57cba7dd7fea4b15b7513e66"},"username":"dineke_DBD","url":"/dineke_DBD/status/575804218033893376?p=v","text_tweet":"Selamatpagiedo","time":"11 Mar 15","id":"575804218033893376"}
{"_id":{"$oid":"57cba7dd7fea4b15b7513e67"},"username":"dineke_DBD","url":"/dineke_DBD/status/575801936907124736?p=v","text_tweet":"Selamatpagiedo","time":"11 Mar 15","id":"575801936907124736"}
{"_id":{"$oid":"57cba7dd7fea4b15b7513e68"},"username":"dineke_DBD","url":"/dineke_DBD/status/575660819301560321?p=v","text_tweet":"Selamatmalam","time":"11 Mar 15","id":"575660819301560321"}
{"_id":{"$oid":"57cba7dd7fea4b15b7513e69"},"username":"dineke_DBD","url":"/dineke_DBD/status/575662000543375361?p=v","text_tweet":"Selamatmalam","time":"11 Mar 15","id":"575662000543375361"}
{"_id":{"$oid":"57cba7dd7fea4b15b7513e6a"},"username":"VildhanZeus","url":"/VildhanZeus/status/575661852484468737?p=v","text_tweet":"Selamat malam jugak Selamatmalam","time":"11 Mar 15","id":"575661852484468737"}
{"_id":{"$oid":"57cba7dd7fea4b15b7513e6b"},"username":"dineke_DBD","url":"/dineke_DBD/status/575672452631523328?p=v","text_tweet":"Selamat malam selamat tidur edoku muah","time":"11 Mar 15","id":"575672452631523328"}
{"_id":{"$oid":"57cba7dd7fea4b15b7513e6c"},"username":"Jatinangorku","url":"/Jatinangorku/status/575634700745617408?p=v","text_tweet":"Sejak Januari di Kab","time":"11 Mar 15","id":"575634700745617408"}
{"_id":{"$oid":"57cba7dd7fea4b15b7513e6d"},"username":"Jatinangorku","url":"/Jatinangorku/status/575634700745617408?p=v","text_tweet":"Sumedang 4 Orang Meninggal Akibat","time":"11 Mar 15","id":"575634700745617408"}
{"_id":{"$oid":"57cba7dd7fea4b15b7513e6e"},"username":"lutviansyah1","url":"/lutviansyah1/status/575662033766584320?p=v","text_tweet":"Saya suka Ahok dikabarkan kena DBD Ini Pernyataan Dinas Kesehatan DKI","time":"11 Mar 15","id":"575662033766584320"}
{"_id":{"$oid":"57cba7dd7fea4b15b7513e6f"},"username":"dineke_DBD","url":"/dineke_DBD/status/575672851040075777?p=v","text_tweet":"Sama lemanya","time":"11 Mar 15","id":"575672851040075777"}
{"_id":{"$oid":"57cba7dd7fea4b15b7513e70"},"username":"dineke_DBD","url":"/dineke_DBD/status/575563248390508544?p=v","text_tweet":"Sama lema","time":"11 Mar 15","id":"575563248390508544"}
{"_id":{"$oid":"57cba7dd7fea4b15b7513e71"},"username":"Rentinaa","url":"/Rentinaa/status/575640795094581248?p=v","text_tweet":"Sakit DBD Jentik Nyamuk di Rumah Ahok di Dispenser Jakarta mobile","time":"11 Mar 15","id":"575640795094581248"}
{"_id":{"$oid":"57cba7dd7fea4b15b7513e72"},"username":"AniHerjani","url":"/AniHerjani/status/575609560402034688?p=v","text_tweet":"Sakit DBD Dadakan Beresin Data nya AHOK Chirpstory","time":"11 Mar 15","id":"575609560402034688"}
{"_id":{"$oid":"57cba7dd7fea4b15b7513e73"},"username":"alfatih005","url":"/alfatih005/status/575798338060091392?p=v","text_tweet":"Sakit DBD Dadakan Beresin Data nya","time":"11 Mar 15","id":"575798338060091392"}
{"_id":{"$oid":"57cba7dd7fea4b15b7513e74"},"username":"bagibagipagi","url":"/bagibagipagi/status/575601051807563776?p=v","text_tweet":"SUBANG PRLM Tiga orang meninggal dunia akibat serangan penyakit demam berdarah rentang dua bu","time":"11 Mar 15","id":"575601051807563776"}
{"_id":{"$oid":"57cba7dd7fea4b15b7513e75"},"username":"irfanst85","url":"/irfanst85/status/575654244142854144?p=v","text_tweet":"Ready Q Guava gaess 5rb aja untk nilai Kewirausahaan","time":"11 Mar 15","id":"575654244142854144"}
{"_id":{"$oid":"57cba7dd7fea4b15b7513e76"},"username":"irfanst85","url":"/irfanst85/status/575654244142854144?p=v","text_tweet":"Ayoo dibeli","time":"11 Mar 15","id":"575654244142854144"}
{"_id":{"$oid":"57cba7dd7fea4b15b7513e77"},"username":"irfanst85","url":"/irfanst85/status/575654244142854144?p=v","text_tweet":"Anda DBD","time":"11 Mar 15","id":"575654244142854144"}
{"_id":{"$oid":"57cba7dd7fea4b15b7513e78"},"username":"irfanst85","url":"/irfanst85/status/575654244142854144?p=v","text_tweet":"Minuuuum Q Guava PM or COD","time":"11 Mar 15","id":"575654244142854144"}
{"_id":{"$oid":"57cba7dd7fea4b15b7513e79"},"username":"irfanst85","url":"/irfanst85/status/575654244142854144?p=v","text_tweet":"thanks2","time":"11 Mar 15","id":"575654244142854144"}
{"_id":{"$oid":"57cba7de7fea4b15b7513e7a"},"username":"AvanMohammad","url":"/AvanMohammad/status/575553577835446274?p=v","text_tweet":"Raja Namrud lalim dzolim memusuhi Abraham mati ditelan bumi seekor nyamuk dbd kah","time":"11 Mar 15","id":"575553577835446274"}
{"_id":{"$oid":"57cba7de7fea4b15b7513e7b"},"username":"bdgorama","url":"/bdgorama/status/575698575818158080?p=v","text_tweet":"RTKOPO BANDUNG PROMO KopoBDG Menteri Kesehatan Apresiasi Gertak Lawan DBD Sulawesi Utara Trib","time":"11 Mar 15","id":"575698575818158080"}
{"_id":{"$oid":"57cba7de7fea4b15b7513e7c"},"username":"bdgorama","url":"/bdgorama/status/575702297340215296?p=v","text_tweet":"RTBandung O Rama bdgorama KOPO BANDUNG PROMO KopoBDG Menteri Kesehatan Apresiasi Gertak Lawan DBD Sulawesi Utara","time":"11 Mar 15","id":"575702297340215296"}
{"_id":{"$oid":"57cba7de7fea4b15b7513e7d"},"username":"arisyarkowi12","url":"/arisyarkowi12/status/575698499909496834?p=v","text_tweet":"RT ekstrak propolis percepat rawat inap pasien dbd","time":"11 Mar 15","id":"575698499909496834"}
{"_id":{"$oid":"57cba7de7fea4b15b7513e7e"},"username":"Bangwanasaja","url":"/Bangwanasaja/status/575734937661235201?p=v","text_tweet":"RT Skt DBD loyal buta RT RT Mana Ahokers","time":"11 Mar 15","id":"575734937661235201"}
{"_id":{"$oid":"57cba7de7fea4b15b7513e7f"},"username":"BalakarMenteng","url":"/BalakarMenteng/status/575767019586387968?p=v","text_tweet":"RT Musim Pancaroba Waspada DBD ISPA","time":"11 Mar 15","id":"575767019586387968"}
{"_id":{"$oid":"57cba7de7fea4b15b7513e80"},"username":"Bukittinggi_Ku","url":"/Bukittinggi_Ku/status/575720705637019648?p=v","text_tweet":"RSUD Pasaman Rawat 6 Orang Pasien DBD Kasus Demam Berdarah Dangue DBD menye","time":"11 Mar 15","id":"575720705637019648"}
{"_id":{"$oid":"57cba7de7fea4b15b7513e81"},"username":"MDXcare","url":"/MDXcare/status/575562976436027392?p=v","text_tweet":"RSPAD Siap Hadapi Peningkatan Kasus DBD","time":"11 Mar 15","id":"575562976436027392"}
{"_id":{"$oid":"57cba7de7fea4b15b7513e82"},"username":"elzazazu","url":"/elzazazu/status/575552955912450049?p=v","text_tweet":"Perubahan Iklim Bisa Sebabkan DBD","time":"11 Mar 15","id":"575552955912450049"}
{"_id":{"$oid":"57cba7de7fea4b15b7513e83"},"username":"PalingAktual","url":"/PalingAktual/status/575634823345139714?p=v","text_tweet":"Perubahan Iklim Bisa Sebabkan DBD","time":"11 Mar 15","id":"575634823345139714"}
{"_id":{"$oid":"57cba7de7fea4b15b7513e84"},"username":"TweetAneukAceh","url":"/TweetAneukAceh/status/575660249350205441?p=v","text_tweet":"Pengendalian DBD Bupati Bireuen Sebarkan Surat Ke Sekolah","time":"11 Mar 15","id":"575660249350205441"}
{"_id":{"$oid":"57cba7de7fea4b15b7513e85"},"username":"beritaaceh","url":"/beritaaceh/status/575657477464682497?p=v","text_tweet":"Pengendalian DBD Bupati Bireuen Sebarkan Surat Ke Sekolah","time":"11 Mar 15","id":"575657477464682497"}
{"_id":{"$oid":"57cba7de7fea4b15b7513e86"},"username":"dailynewsaceh","url":"/dailynewsaceh/status/575662778439966720?p=v","text_tweet":"Pengendalian DBD Bupati Bireuen Sebarkan Surat Ke Sekolah","time":"11 Mar 15","id":"575662778439966720"}
{"_id":{"$oid":"57cba7de7fea4b15b7513e87"},"username":"inpormasi","url":"/inpormasi/status/575788406678024192?p=v","text_tweet":"Peneliti UNAIR berhasil menemukan antidengue demam berdarah Indonesia negara di dunia yg menemukan obat","time":"11 Mar 15","id":"575788406678024192"}
{"_id":{"$oid":"57cba7de7fea4b15b7513e88"},"username":"suaradotcom","url":"/suaradotcom/status/575671313563394048?p=v","text_tweet":"Penderita DBD di Lebak Capai 56 Orang","time":"11 Mar 15","id":"575671313563394048"}
{"_id":{"$oid":"57cba7de7fea4b15b7513e89"},"username":"berita3jambi","url":"/berita3jambi/status/575715025484021761?p=v","text_tweet":"Pasien Yang Dikabarkan di Tolak Puskemas Ternyata Tidak Menderita DBD JAMBI Sy Fasha puskesmas","time":"11 Mar 15","id":"575715025484021761"}
{"_id":{"$oid":"57cba7de7fea4b15b7513e8a"},"username":"SR28jambinews","url":"/SR28jambinews/status/575630935774777344?p=v","text_tweet":"Pasien Bukan Terkena DBD Tapi Kekurangan","time":"11 Mar 15","id":"575630935774777344"}
{"_id":{"$oid":"57cba7de7fea4b15b7513e8b"},"username":"artaazzam","url":"/artaazzam/status/575594138227245057?p=v","text_tweet":"Org yg ngamuk marah2 kena stroke atawa darah ya kena Demam Berdarah gejala neh","time":"11 Mar 15","id":"575594138227245057"}
{"_id":{"$oid":"57cba7de7fea4b15b7513e8c"},"username":"gath24","url":"/gath24/status/575595208953499648?p=v","text_tweet":"Ooo Sakit DBD Dadakan Beresin Data nya AHOK Chirpstory","time":"11 Mar 15","id":"575595208953499648"}
{"_id":{"$oid":"57cba7de7fea4b15b7513e8d"},"username":"kedaibeejuice","url":"/kedaibeejuice/status/575663420713795584?p=v","text_tweet":"Nyamuknya disihir kedaibeejuice aji lulung ebaddd Ahok ampek DBD","time":"11 Mar 15","id":"575663420713795584"}
{"_id":{"$oid":"57cba7de7fea4b15b7513e8e"},"username":"kedaibeejuice","url":"/kedaibeejuice/status/575663420713795584?p=v","text_tweet":"Saluttttt","time":"11 Mar 15","id":"575663420713795584"}
{"_id":{"$oid":"57cba7de7fea4b15b7513e8f"},"username":"LinaNurayni","url":"/LinaNurayni/status/575783587632529408?p=v","text_tweet":"Nyamuk membawa penyakit malaria demam berdarah dll","time":"11 Mar 15","id":"575783587632529408"}
{"_id":{"$oid":"57cba7de7fea4b15b7513e90"},"username":"LinaNurayni","url":"/LinaNurayni/status/575783587632529408?p=v","text_tweet":"nyamuknya membunuh penyakit dibawanya","time":"11 Mar 15","id":"575783587632529408"}
{"_id":{"$oid":"57cba7de7fea4b15b7513e91"},"username":"nurani_td","url":"/nurani_td/status/575641583170670592?p=v","text_tweet":"Nyamuk aldonadia pan dbd mah udh wkwk Nyamuk DBD ye hahaha Jadi nyamuk tai haha","time":"11 Mar 15","id":"575641583170670592"}
{"_id":{"$oid":"57cba7de7fea4b15b7513e92"},"username":"abu_waras","url":"/abu_waras/status/575792886219849728?p=v","text_tweet":"Ngomong doang sok jagoan pake teriak2 marah2 digigit nyamuk sdh nyungsep Ahok Kena DBD","time":"11 Mar 15","id":"575792886219849728"}
{"_id":{"$oid":"57cba7de7fea4b15b7513e93"},"username":"warta_daerah","url":"/warta_daerah/status/575561711748538368?p=v","text_tweet":"Musim Pancaroba Waspada DBD ISPA Memasuki musim pancaroba peralihan musim penghujan musim","time":"11 Mar 15","id":"575561711748538368"}
{"_id":{"$oid":"57cba7de7fea4b15b7513e94"},"username":"BeritaJakarta","url":"/BeritaJakarta/status/575595658444328960?p=v","text_tweet":"Musim Pancaroba Waspada DBD ISPA","time":"11 Mar 15","id":"575595658444328960"}
{"_id":{"$oid":"57cba7de7fea4b15b7513e95"},"username":"updateBINTARO","url":"/updateBINTARO/status/575561702491754496?p=v","text_tweet":"Musim Pancaroba Waspada DBD ISPA","time":"11 Mar 15","id":"575561702491754496"}
{"_id":{"$oid":"57cba7df7fea4b15b7513e96"},"username":"fahiraidris","url":"/fahiraidris/status/575627496684580864?p=v","text_tweet":"Musim Pancaroba Waspada DBD ISPA gt","time":"11 Mar 15","id":"575627496684580864"}
{"_id":{"$oid":"57cba7df7fea4b15b7513e97"},"username":"FaritOde","url":"/FaritOde/status/575730800118796288?p=v","text_tweet":"Mungkin sakitnya bohong diare DBDkok kolaborasi","time":"11 Mar 15","id":"575730800118796288"}
{"_id":{"$oid":"57cba7df7fea4b15b7513e98"},"username":"FaritOde","url":"/FaritOde/status/575730800118796288?p=v","text_tweet":"gejala depresi depresi penyakit","time":"11 Mar 15","id":"575730800118796288"}
{"_id":{"$oid":"57cba7df7fea4b15b7513e99"},"username":"fricegurll","url":"/fricegurll/status/575621932499910656?p=v","text_tweet":"Monggo Pak sungkem sesepuh biar kali digigit nyamuk nyamuknya yg kena DBD","time":"11 Mar 15","id":"575621932499910656"}
{"_id":{"$oid":"57cba7df7fea4b15b7513e9a"},"username":"LavieBaby","url":"/LavieBaby/status/575556268133343232?p=v","text_tweet":"Moms yuk lindungi serangan nyamuk demam berdarah memakaikan telon cream beberoosie","time":"11 Mar 15","id":"575556268133343232"}
{"_id":{"$oid":"57cba7df7fea4b15b7513e9b"},"username":"Tribun_Manado","url":"/Tribun_Manado/status/575684348059348993?p=v","text_tweet":"Menteri Kesehatan Apresiasi Gertak Lawan DBD Sulawesi Utara","time":"11 Mar 15","id":"575684348059348993"}
{"_id":{"$oid":"57cba7df7fea4b15b7513e9c"},"username":"KotaManado","url":"/KotaManado/status/575695204356857856?p=v","text_tweet":"Menteri Kesehatan Apresiasi Gertak Lawan DBD Sulawesi Utara","time":"11 Mar 15","id":"575695204356857856"}
{"_id":{"$oid":"57cba7df7fea4b15b7513e9d"},"username":"Tribun_Manado","url":"/Tribun_Manado/status/575679977905127424?p=v","text_tweet":"Menteri Kesehatan Apresiasi Gertak Lawan DBD Sulawesi Utara Menteri Kesehatan Prof Dr dr","time":"11 Mar 15","id":"575679977905127424"}
{"_id":{"$oid":"57cba7df7fea4b15b7513e9e"},"username":"ObatAsma","url":"/ObatAsma/status/575704264368001024?p=v","text_tweet":"Menteri Kesehatan Apresiasi Gertak Lawan DBD Sulawesi Utara Tribun Manado","time":"11 Mar 15","id":"575704264368001024"}
{"_id":{"$oid":"57cba7df7fea4b15b7513e9f"},"username":"media_berita","url":"/media_berita/status/575566699702972416?p=v","text_tweet":"Media Berita Waspada","time":"11 Mar 15","id":"575566699702972416"}
{"_id":{"$oid":"57cba7df7fea4b15b7513ea0"},"username":"media_berita","url":"/media_berita/status/575566699702972416?p=v","text_tweet":"Ini Gejala Demam Berdarah INILAHCOM Jakarta Pergantian musim panas hujan kerap","time":"11 Mar 15","id":"575566699702972416"}
{"_id":{"$oid":"57cba7df7fea4b15b7513ea1"},"username":"apotik_antar","url":"/apotik_antar/status/575621527623745537?p=v","text_tweet":"Manfaat Sari Kurma Sahara Meningkatkan stamina Membantu proses pemulihan demam berdarah","time":"11 Mar 15","id":"575621527623745537"}
{"_id":{"$oid":"57cba7df7fea4b15b7513ea2"},"username":"TPMinAction","url":"/TPMinAction/status/575614198270464000?p=v","text_tweet":"Malam doanya ya utk teman di rawat terkena DBD di RS PMC di RSIJ","time":"11 Mar 15","id":"575614198270464000"}
{"_id":{"$oid":"57cba7df7fea4b15b7513ea3"},"username":"hanna_perfect","url":"/hanna_perfect/status/575577324235677696?p=v","text_tweet":"Lupus fistula DBD tipes satu sekarangOpname teroosss","time":"11 Mar 15","id":"575577324235677696"}
{"_id":{"$oid":"57cba7df7fea4b15b7513ea4"},"username":"josant212","url":"/josant212/status/575643316433199104?p=v","text_tweet":"Lulung jenguk Ahok nyamuk DBDnya langsung kena DBD","time":"11 Mar 15","id":"575643316433199104"}
{"_id":{"$oid":"57cba7df7fea4b15b7513ea5"},"username":"SorotBantul","url":"/SorotBantul/status/575556061027000320?p=v","text_tweet":"Lima Orang Tewas Akibat Demam Berdarahbaca selengkapnya di","time":"11 Mar 15","id":"575556061027000320"}
{"_id":{"$oid":"57cba7df7fea4b15b7513ea6"},"username":"edofumikooo","url":"/edofumikooo/status/575663187980259328?p=v","text_tweet":"Lagi musim demam berdarah waspada","time":"11 Mar 15","id":"575663187980259328"}
{"_id":{"$oid":"57cba7df7fea4b15b7513ea7"},"username":"abidin_prank","url":"/abidin_prank/status/575653796300255232?p=v","text_tweet":"Lagi musim DBD nyamuk tobatlah Kasihan vampire hahahah","time":"11 Mar 15","id":"575653796300255232"}
{"_id":{"$oid":"57cba7df7fea4b15b7513ea8"},"username":"dineke_DBD","url":"/dineke_DBD/status/575579140818100224?p=v","text_tweet":"Lagi gak enak badan","time":"11 Mar 15","id":"575579140818100224"}
{"_id":{"$oid":"57cba7df7fea4b15b7513ea9"},"username":"MDXcare","url":"/MDXcare/status/575562542568849409?p=v","text_tweet":"Kurangi Angka Kematian DBD RSPAD Lakukan Penelitian Propoelix","time":"11 Mar 15","id":"575562542568849409"}
{"_id":{"$oid":"57cba7df7fea4b15b7513eaa"},"username":"herjunowidi","url":"/herjunowidi/status/575652384380088320?p=v","text_tweet":"Ki DPRD tekan dbd ahok hahaha mah pize","time":"11 Mar 15","id":"575652384380088320"}
{"_id":{"$oid":"57cba7df7fea4b15b7513eab"},"username":"Dicky_F","url":"/Dicky_F/status/575607975429058563?p=v","text_tweet":"Khawatir kena DBD Parah ya Rupiah kian melorot gontok2an di TL hehehe Pak Presiden sehat","time":"11 Mar 15","id":"575607975429058563"}
{"_id":{"$oid":"57cba7df7fea4b15b7513eac"},"username":"BeritaTerkini1_","url":"/BeritaTerkini1_/status/575570817343471616?p=v","text_tweet":"Kereta Commuter Tabrak Truk Waspada Demam Berdarah","time":"11 Mar 15","id":"575570817343471616"}
{"_id":{"$oid":"57cba7df7fea4b15b7513ead"},"username":"KosmetikDinda","url":"/KosmetikDinda/status/575803944019984384?p=v","text_tweet":"Kena laknat ALLAH sok jagoanteriak2 amp marah2 digigit nyamuk KO Ahok Kena DBD","time":"11 Mar 15","id":"575803944019984384"}
{"_id":{"$oid":"57cba7df7fea4b15b7513eae"},"username":"rietmaniezt","url":"/rietmaniezt/status/575673469049819137?p=v","text_tweet":"Kebocoran Plasma Pada Demam Berdarah","time":"11 Mar 15","id":"575673469049819137"}
{"_id":{"$oid":"57cba7df7fea4b15b7513eaf"},"username":"KontanNews","url":"/KontanNews/status/575678849607860224?p=v","text_tweet":"Kasus DBD tertinggi ada di Jakarta","time":"11 Mar 15","id":"575678849607860224"}
{"_id":{"$oid":"57cba7df7fea4b15b7513eb0"},"username":"RafiKurniatama","url":"/RafiKurniatama/status/575680599580540933?p=v","text_tweet":"Kasus DBD tertinggi ada di Jakarta Selatan","time":"11 Mar 15","id":"575680599580540933"}
{"_id":{"$oid":"57cba7df7fea4b15b7513eb1"},"username":"SENA_Fashion","url":"/SENA_Fashion/status/575659589783318529?p=v","text_tweet":"Kasus DBD di Jaksel Tertinggi di Jakarta","time":"11 Mar 15","id":"575659589783318529"}
{"_id":{"$oid":"57cba7df7fea4b15b7513eb2"},"username":"kompascom","url":"/kompascom/status/575649934797484033?p=v","text_tweet":"Kasus DBD Tertinggi di Jakarta","time":"11 Mar 15","id":"575649934797484033"}
{"_id":{"$oid":"57cba7df7fea4b15b7513eb3"},"username":"AreaBintaro","url":"/AreaBintaro/status/575717497074114560?p=v","text_tweet":"Kasus DBD Tertinggi di Jakarta Selatan","time":"11 Mar 15","id":"575717497074114560"}
{"_id":{"$oid":"57cba7e07fea4b15b7513eb4"},"username":"Jakarta_Today","url":"/Jakarta_Today/status/575667979003674624?p=v","text_tweet":"Kasus DBD Tertinggi di Jakarta Selatan","time":"11 Mar 15","id":"575667979003674624"}
{"_id":{"$oid":"57cba7e07fea4b15b7513eb5"},"username":"apr_doang","url":"/apr_doang/status/575576087968747520?p=v","text_tweet":"Kasus DBD Tertinggi Ada di Jakarta Selatan","time":"11 Mar 15","id":"575576087968747520"}
{"_id":{"$oid":"57cba7e07fea4b15b7513eb6"},"username":"AreaBintaro","url":"/AreaBintaro/status/575599200617959425?p=v","text_tweet":"Kasus DBD Tertinggi Ada di Jakarta Selatan Warta Kota","time":"11 Mar 15","id":"575599200617959425"}
{"_id":{"$oid":"57cba7e07fea4b15b7513eb7"},"username":"merantionline","url":"/merantionline/status/575632306674606081?p=v","text_tweet":"Kasus DBD Di Meranti Cenderung Meningkat","time":"11 Mar 15","id":"575632306674606081"}
{"_id":{"$oid":"57cba7e07fea4b15b7513eb8"},"username":"SenatorJakarta","url":"/SenatorJakarta/status/575680128367222784?p=v","text_tweet":"Kasus Tertinggi Ada di gt","time":"11 Mar 15","id":"575680128367222784"}
{"_id":{"$oid":"57cba7e07fea4b15b7513eb9"},"username":"OliviaFitrah","url":"/OliviaFitrah/status/575575967827103744?p=v","text_tweet":"Kasian dgr ahok kena dbd","time":"11 Mar 15","id":"575575967827103744"}
{"_id":{"$oid":"57cba7e07fea4b15b7513eba"},"username":"Sa_midzi","url":"/Sa_midzi/status/575671016011227137?p=v","text_tweet":"Kasian banget di anggurin","time":"11 Mar 15","id":"575671016011227137"}
{"_id":{"$oid":"57cba7e07fea4b15b7513ebb"},"username":"Sa_midzi","url":"/Sa_midzi/status/575671016011227137?p=v","text_tweet":"Pemilik kmu DBD ya","time":"11 Mar 15","id":"575671016011227137"}
{"_id":{"$oid":"57cba7e07fea4b15b7513ebc"},"username":"InfoSULUT_","url":"/InfoSULUT_/status/575574681673203713?p=v","text_tweet":"KLB DBD Belum Dicabut Manado Post","time":"11 Mar 15","id":"575574681673203713"}
{"_id":{"$oid":"57cba7e07fea4b15b7513ebd"},"username":"InfoSULUT_","url":"/InfoSULUT_/status/575612227027406849?p=v","text_tweet":"KLB DBD Belum Dicabut Manado Post","time":"11 Mar 15","id":"575612227027406849"}
{"_id":{"$oid":"57cba7e07fea4b15b7513ebe"},"username":"InfoSULUT_","url":"/InfoSULUT_/status/575593868873302016?p=v","text_tweet":"KLB DBD Belum Dicabut Manado Post","time":"11 Mar 15","id":"575593868873302016"}
{"_id":{"$oid":"57cba7e07fea4b15b7513ebf"},"username":"OliviaFitrah","url":"/OliviaFitrah/status/575576246207180800?p=v","text_tweet":"Jd inget minggu kmrn kena dbd","time":"11 Mar 15","id":"575576246207180800"}
{"_id":{"$oid":"57cba7e07fea4b15b7513ec0"},"username":"OliviaFitrah","url":"/OliviaFitrah/status/575576246207180800?p=v","text_tweet":"Asli gak enak bgt ih","time":"11 Mar 15","id":"575576246207180800"}
{"_id":{"$oid":"57cba7e07fea4b15b7513ec1"},"username":"faktaastro","url":"/faktaastro/status/575787349302362112?p=v","text_tweet":"Jambu biji pepaya jeruk mangga kaya cairan dikonsumsi membantu pemulihan demam berdarah","time":"11 Mar 15","id":"575787349302362112"}
{"_id":{"$oid":"57cba7e07fea4b15b7513ec2"},"username":"koranbaruonline","url":"/koranbaruonline/status/575582698221268993?p=v","text_tweet":"Jakarta Waspada DBD Gubernur Ahok Sudah Terserang","time":"11 Mar 15","id":"575582698221268993"}
{"_id":{"$oid":"57cba7e07fea4b15b7513ec3"},"username":"jakartakita","url":"/jakartakita/status/575561228606705664?p=v","text_tweet":"Jakarta Masuk Kedalam Waspada DBD ISPA","time":"11 Mar 15","id":"575561228606705664"}
{"_id":{"$oid":"57cba7e07fea4b15b7513ec4"},"username":"dineke_DBD","url":"/dineke_DBD/status/575631344564224002?p=v","text_tweet":"Iya ya wijes hp gak ntar difollowback ko sabar ya udah flw nih tinggal flwbck nih","time":"11 Mar 15","id":"575631344564224002"}
{"_id":{"$oid":"57cba7e07fea4b15b7513ec5"},"username":"aprillydisi_","url":"/aprillydisi_/status/575627323875028992?p=v","text_tweet":"Itu pertanda kematian kek asap foging demam berdarah deh","time":"11 Mar 15","id":"575627323875028992"}
{"_id":{"$oid":"57cba7e07fea4b15b7513ec6"},"username":"evelarv","url":"/evelarv/status/575585875301531648?p=v","text_tweet":"Ini perasaan lho mz sampah yg dipendam nyegah dbd","time":"11 Mar 15","id":"575585875301531648"}
{"_id":{"$oid":"57cba7e07fea4b15b7513ec7"},"username":"nafifahaa","url":"/nafifahaa/status/575654283581857792?p=v","text_tweet":"Ini perasaan sampah dipendem dalem dalem mencegah bibit nyamuk dbd","time":"11 Mar 15","id":"575654283581857792"}
{"_id":{"$oid":"57cba7e07fea4b15b7513ec8"},"username":"cuz_mya","url":"/cuz_mya/status/575574782030274561?p=v","text_tweet":"INILAHCOM Jakarta Nyamuk Aedes Aegypti menyebabkan penyakit deman berdarah dangue DBD","time":"11 Mar 15","id":"575574782030274561"}
{"_id":{"$oid":"57cba7e07fea4b15b7513ec9"},"username":"cuz_mya","url":"/cuz_mya/status/575574782030274561?p=v","text_tweet":"Untuk masyarkat waspada","time":"11 Mar 15","id":"575574782030274561"}
{"_id":{"$oid":"57cba7e07fea4b15b7513eca"},"username":"agus8firmansyah","url":"/agus8firmansyah/status/575797161629110272?p=v","text_tweet":"Hbd hwd dbd bang lt Pcepet nikah ya D","time":"11 Mar 15","id":"575797161629110272"}
{"_id":{"$oid":"57cba7e07fea4b15b7513ecb"},"username":"cincanGke21","url":"/cincanGke21/status/575603814004195328?p=v","text_tweet":"Hati dgn nymk setanG krn mnyebbkn pnykit dbd bawa derita","time":"11 Mar 15","id":"575603814004195328"}
{"_id":{"$oid":"57cba7e07fea4b15b7513ecc"},"username":"cincanGke21","url":"/cincanGke21/status/575603814004195328?p=v","text_tweet":"Yg dr nymk setang silahkan panggil tmn kmu jdi nymuk","time":"11 Mar 15","id":"575603814004195328"}
{"_id":{"$oid":"57cba7e07fea4b15b7513ecd"},"username":"ahnhani92_VT","url":"/ahnhani92_VT/status/575673558828892160?p=v","text_tweet":"Haji lulung kena demam berdarah nyamuk nya yg masuk rumah sakit","time":"11 Mar 15","id":"575673558828892160"}
{"_id":{"$oid":"57cba7e07fea4b15b7513ece"},"username":"tiarameliia","url":"/tiarameliia/status/575638400604106753?p=v","text_tweet":"Haji lulung digigit nyamuk nyamuknya demam berdarah","time":"11 Mar 15","id":"575638400604106753"}
{"_id":{"$oid":"57cba7e07fea4b15b7513ecf"},"username":"JualanMaskerX","url":"/JualanMaskerX/status/575563072607272960?p=v","text_tweet":"Hai Pengen Putih Kinclong bebas jerawat pake masker spirulina","time":"11 Mar 15","id":"575563072607272960"}
{"_id":{"$oid":"57cba7e07fea4b15b7513ed0"},"username":"JualanMaskerX","url":"/JualanMaskerX/status/575563072607272960?p=v","text_tweet":"Murah Alami Aman Banget Minat","time":"11 Mar 15","id":"575563072607272960"}
{"_id":{"$oid":"57cba7e07fea4b15b7513ed1"},"username":"JualanMaskerX","url":"/JualanMaskerX/status/575563072607272960?p=v","text_tweet":"Invite PIN 26A18967","time":"11 Mar 15","id":"575563072607272960"}
{"_id":{"$oid":"57cba7e07fea4b15b7513ed2"},"username":"romioktavians","url":"/romioktavians/status/575596672601870336?p=v","text_tweet":"Gubernur DKI kena DBD nyamuknya lolos protokoler balaikota","time":"11 Mar 15","id":"575596672601870336"}
{"_id":{"$oid":"57cba7e17fea4b15b7513ed3"},"username":"Restyies","url":"/Restyies/status/575721400268259328?p=v","text_tweet":"Gk tau mas mudah2 aja tuh org yg kena DBD kbr","time":"11 Mar 15","id":"575721400268259328"}
{"_id":{"$oid":"57cba7e17fea4b15b7513ed4"},"username":"Infotamiang","url":"/Infotamiang/status/575552673589628928?p=v","text_tweet":"Foto KUNJUNGI PASIEN DBD","time":"11 Mar 15","id":"575552673589628928"}
{"_id":{"$oid":"57cba7e17fea4b15b7513ed5"},"username":"TheFlaviviruses","url":"/TheFlaviviruses/status/575562108294799360?p=v","text_tweet":"Flavivirus news Dengue Fever Takes the Plunge Santa Barbara Independent Santa Barbara Indep","time":"11 Mar 15","id":"575562108294799360"}
{"_id":{"$oid":"57cba7e17fea4b15b7513ed6"},"username":"Sepakbolabdg","url":"/Sepakbolabdg/status/575701519405809665?p=v","text_tweet":"FOTO Wabah DBD di Kabupaten Subang Tiga Orang Meninggal Dunia See more at","time":"11 Mar 15","id":"575701519405809665"}
{"_id":{"$oid":"57cba7e17fea4b15b7513ed7"},"username":"MDXcare","url":"/MDXcare/status/575581169334484992?p=v","text_tweet":"Ekstrak Propolis Percepat Kesembuhan Penderita DBD via","time":"11 Mar 15","id":"575581169334484992"}
{"_id":{"$oid":"57cba7e17fea4b15b7513ed8"},"username":"Nilam11Z","url":"/Nilam11Z/status/575609567150632961?p=v","text_tweet":"Dukunnya aja tuh cemeen hahaha udh jls sktnya DBD","time":"11 Mar 15","id":"575609567150632961"}
{"_id":{"$oid":"57cba7e17fea4b15b7513ed9"},"username":"infoPekanbaru","url":"/infoPekanbaru/status/575632346378059776?p=v","text_tweet":"Duh DBD di Pekanbaru Capai 293 Kasus","time":"11 Mar 15","id":"575632346378059776"}
{"_id":{"$oid":"57cba7e17fea4b15b7513eda"},"username":"detikriau","url":"/detikriau/status/575618357690523648?p=v","text_tweet":"Duh DBD di Pekanbaru Capai 293 Kasus","time":"11 Mar 15","id":"575618357690523648"}
{"_id":{"$oid":"57cba7e17fea4b15b7513edb"},"username":"Pahlevivi_","url":"/Pahlevivi_/status/575619085943377920?p=v","text_tweet":"Di rsihdytlh","time":"11 Mar 15","id":"575619085943377920"}
{"_id":{"$oid":"57cba7e17fea4b15b7513edc"},"username":"Pahlevivi_","url":"/Pahlevivi_/status/575619085943377920?p=v","text_tweet":"Dbd dhe hiks hiks Pahlevivi sakit kak","time":"11 Mar 15","id":"575619085943377920"}
{"_id":{"$oid":"57cba7e17fea4b15b7513edd"},"username":"Pahlevivi_","url":"/Pahlevivi_/status/575619085943377920?p=v","text_tweet":"Bismillah Semoga Hari Ini Saya Sehat","time":"11 Mar 15","id":"575619085943377920"}
{"_id":{"$oid":"57cba7e17fea4b15b7513ede"},"username":"FluViruses","url":"/FluViruses/status/575554398635622401?p=v","text_tweet":"Dengue Fever Takes the Plunge Santa Barbara Independent","time":"11 Mar 15","id":"575554398635622401"}
{"_id":{"$oid":"57cba7e17fea4b15b7513edf"},"username":"ubetbons","url":"/ubetbons/status/575802969020456960?p=v","text_tweet":"Denger kabar nyamuk nya kena DBD pic","time":"11 Mar 15","id":"575802969020456960"}
{"_id":{"$oid":"57cba7e17fea4b15b7513ee0"},"username":"BlogEgi","url":"/BlogEgi/status/575565424777117696?p=v","text_tweet":"Demam Berdarah Bisa Dicegah Deteksi Dini","time":"11 Mar 15","id":"575565424777117696"}
{"_id":{"$oid":"57cba7e17fea4b15b7513ee1"},"username":"Boneka_Lilin","url":"/Boneka_Lilin/status/575567654053900288?p=v","text_tweet":"Demam Berdarah Bisa Dicegah Deteksi Dini","time":"11 Mar 15","id":"575567654053900288"}
{"_id":{"$oid":"57cba7e17fea4b15b7513ee2"},"username":"abri_ku","url":"/abri_ku/status/575590471407267843?p=v","text_tweet":"Dbd dhe hiks hiks sakit kak","time":"11 Mar 15","id":"575590471407267843"}
{"_id":{"$oid":"57cba7e17fea4b15b7513ee3"},"username":"abri_ku","url":"/abri_ku/status/575590471407267843?p=v","text_tweet":"Bismillah Semoga Hari Ini Saya Sehat","time":"11 Mar 15","id":"575590471407267843"}
{"_id":{"$oid":"57cba7e17fea4b15b7513ee4"},"username":"jambifm","url":"/jambifm/status/575691927087001600?p=v","text_tweet":"Dari Berita3Jambi Pasien Yang Dikabarkan di Tolak Puskemas Ternyata Tidak Menderita DBD","time":"11 Mar 15","id":"575691927087001600"}
{"_id":{"$oid":"57cba7e17fea4b15b7513ee5"},"username":"jambifm","url":"/jambifm/status/575696981689040896?p=v","text_tweet":"Dari Berita3Jambi Pasien Yang Dikabarkan di Tolak Puskemas Ternyata Tidak Menderita DBD","time":"11 Mar 15","id":"575696981689040896"}
{"_id":{"$oid":"57cba7e17fea4b15b7513ee6"},"username":"FPIBINTARO","url":"/FPIBINTARO/status/575778147762728960?p=v","text_tweet":"DBD Ahok Makin Parah Dukun TionghoaSudah Angkat Tangan Kualat SamaRakyat","time":"11 Mar 15","id":"575778147762728960"}
{"_id":{"$oid":"57cba7e17fea4b15b7513ee7"},"username":"assaff_koto","url":"/assaff_koto/status/575551762989510656?p=v","text_tweet":"DBD Ahok Makin Parah Dukun Tionghoa Sudah Angkat Tangan Kualat Sama Rakyat","time":"11 Mar 15","id":"575551762989510656"}
{"_id":{"$oid":"57cba7e17fea4b15b7513ee8"},"username":"assaff_koto","url":"/assaff_koto/status/575551762989510656?p=v","text_tweet":"Kondisi kesehatan Gubernur","time":"11 Mar 15","id":"575551762989510656"}
{"_id":{"$oid":"57cba7e17fea4b15b7513ee9"},"username":"suaranews","url":"/suaranews/status/575570135022501888?p=v","text_tweet":"DBD Ahok Makin Parah Dukun Tionghoa Sudah Angkat Tangan Kualat Sama Rakyat","time":"11 Mar 15","id":"575570135022501888"}
{"_id":{"$oid":"57cba7e17fea4b15b7513eea"},"username":"duniaislam","url":"/duniaislam/status/575559564596232192?p=v","text_tweet":"DBD Ahok Makin Parah Dukun Tionghoa Sudah Angkat Tangan Kualat Sama Rakyat","time":"11 Mar 15","id":"575559564596232192"}
{"_id":{"$oid":"57cba7e17fea4b15b7513eeb"},"username":"duniaislam","url":"/duniaislam/status/575568331635363840?p=v","text_tweet":"DBD Ahok Makin Parah Dukun Tionghoa Sudah Angkat Tangan Kualat Sama Rakyat","time":"11 Mar 15","id":"575568331635363840"}
{"_id":{"$oid":"57cba7e17fea4b15b7513eec"},"username":"anggie30996","url":"/anggie30996/status/575630264312840193?p=v","text_tweet":"DBD Ahok Makin Parah Dukun Tionghoa Sudah Angkat Tangan Kualat Sama Rakyat","time":"11 Mar 15","id":"575630264312840193"}
{"_id":{"$oid":"57cba7e17fea4b15b7513eed"},"username":"adeliaputri","url":"/adeliaputri/status/575652533806354432?p=v","text_tweet":"Cuma Ahok yg pulih demam berdarah dlm 3","time":"11 Mar 15","id":"575652533806354432"}
{"_id":{"$oid":"57cba7e17fea4b15b7513eee"},"username":"adeliaputri","url":"/adeliaputri/status/575652533806354432?p=v","text_tweet":"Bener emang manusia","time":"11 Mar 15","id":"575652533806354432"}
{"_id":{"$oid":"57cba7e17fea4b15b7513eef"},"username":"mahirdesain","url":"/mahirdesain/status/575681231146196992?p=v","text_tweet":"Catat Lima Wilayah Ini Rawan Nyamuk DBD Ratusan orang korban demam berdarah di Subang","time":"11 Mar 15","id":"575681231146196992"}
{"_id":{"$oid":"57cba7e27fea4b15b7513ef0"},"username":"allin1indonews","url":"/allin1indonews/status/575678501245829120?p=v","text_tweet":"Catat Lima Wilayah Ini Rawan Nyamuk DBD","time":"11 Mar 15","id":"575678501245829120"}
{"_id":{"$oid":"57cba7e27fea4b15b7513ef1"},"username":"dila_dwi","url":"/dila_dwi/status/575587584333586432?p=v","text_tweet":"Bukan dbd tipes menyiksa","time":"11 Mar 15","id":"575587584333586432"}
{"_id":{"$oid":"57cba7e27fea4b15b7513ef2"},"username":"AhyariNet","url":"/AhyariNet/status/575578842116456448?p=v","text_tweet":"Banyak Warga di Pemukiman Elit Terserang DBD","time":"11 Mar 15","id":"575578842116456448"}
{"_id":{"$oid":"57cba7e27fea4b15b7513ef3"},"username":"MentionSatu","url":"/MentionSatu/status/575576738199138306?p=v","text_tweet":"Banyak Warga di Pemukiman Elit Terserang DBD","time":"11 Mar 15","id":"575576738199138306"}
{"_id":{"$oid":"57cba7e27fea4b15b7513ef4"},"username":"JKT_LIFE","url":"/JKT_LIFE/status/575568218951172097?p=v","text_tweet":"Awas Kasus Demam Berdarah di Jakarta Selatan Tertinggi","time":"11 Mar 15","id":"575568218951172097"}
{"_id":{"$oid":"57cba7e27fea4b15b7513ef5"},"username":"AreaBintaro","url":"/AreaBintaro/status/575562859125538817?p=v","text_tweet":"Awas Kasus Demam Berdarah di Jakarta Selatan Tertinggi","time":"11 Mar 15","id":"575562859125538817"}
{"_id":{"$oid":"57cba7e27fea4b15b7513ef6"},"username":"wahyu_cfk1","url":"/wahyu_cfk1/status/575629082966294528?p=v","text_tweet":"Awake panas alias demam kenadbd kayane","time":"11 Mar 15","id":"575629082966294528"}
{"_id":{"$oid":"57cba7e27fea4b15b7513ef7"},"username":"AmaliaEmelly_II","url":"/AmaliaEmelly_II/status/575589740826771456?p=v","text_tweet":"Alhamdulillah cek lab dbd hepa dll negatif","time":"11 Mar 15","id":"575589740826771456"}
{"_id":{"$oid":"57cba7e27fea4b15b7513ef8"},"username":"AmaliaEmelly_II","url":"/AmaliaEmelly_II/status/575589740826771456?p=v","text_tweet":"cepet sembuh ya po","time":"11 Mar 15","id":"575589740826771456"}
{"_id":{"$oid":"57cba7e27fea4b15b7513ef9"},"username":"ryupaslahcahya","url":"/ryupaslahcahya/status/575647148907237376?p=v","text_tweet":"Akhir e pacak dk ngusir nyamuk agk lh b operasi","time":"11 Mar 15","id":"575647148907237376"}
{"_id":{"$oid":"57cba7e27fea4b15b7513efa"},"username":"ryupaslahcahya","url":"/ryupaslahcahya/status/575647148907237376?p=v","text_tweet":"Sndk pkp anti nyamuk DBD","time":"11 Mar 15","id":"575647148907237376"}
{"_id":{"$oid":"57cba7e27fea4b15b7513efb"},"username":"aghamirzaukail","url":"/aghamirzaukail/status/575553806265618432?p=v","text_tweet":"Ahok anaknya dah masuk hitungan lum tuh","time":"11 Mar 15","id":"575553806265618432"}
{"_id":{"$oid":"57cba7e27fea4b15b7513efc"},"username":"aghamirzaukail","url":"/aghamirzaukail/status/575553806265618432?p=v","text_tweet":"2 Bulan 88 Warga Jakbar Terkena DBD","time":"11 Mar 15","id":"575553806265618432"}
{"_id":{"$oid":"57cba7e27fea4b15b7513efd"},"username":"yanni_kawaii","url":"/yanni_kawaii/status/575754354877071360?p=v","text_tweet":"Ahok kena dbd komp rumahnya di pluit di fogging slalu menolak ada ptugas dr kelurahan fogging","time":"11 Mar 15","id":"575754354877071360"}
{"_id":{"$oid":"57cba7e27fea4b15b7513efe"},"username":"imanuari","url":"/imanuari/status/575785077868724226?p=v","text_tweet":"Ahok kena DBD gak kali","time":"11 Mar 15","id":"575785077868724226"}
{"_id":{"$oid":"57cba7e27fea4b15b7513eff"},"username":"imanuari","url":"/imanuari/status/575785077868724226?p=v","text_tweet":"Kalau santet ane percaya","time":"11 Mar 15","id":"575785077868724226"}
{"_id":{"$oid":"57cba7e27fea4b15b7513f00"},"username":"IwanWahyudi1","url":"/IwanWahyudi1/status/575662491885174785?p=v","text_tweet":"Ahok Demam Brdarah apakh pola hidupnya g bersih lingkungan g sehat Gubernur dg fasilitas hidup VIP aja kena DBD aplgi rakyat jelatanya","time":"11 Mar 15","id":"575662491885174785"}
{"_id":{"$oid":"57cba7e27fea4b15b7513f01"},"username":"dineke_DBD","url":"/dineke_DBD/status/575597965563183104?p=v","text_tweet":"Ah","time":"11 Mar 15","id":"575597965563183104"}
{"_id":{"$oid":"57cba7e27fea4b15b7513f02"},"username":"n00eR","url":"/n00eR/status/575678121917091840?p=v","text_tweet":"kangen adekku yg kmren Bru sakit DB typus cepet pulih ya dek semangat menjalani ujian susulan MID semesternya","time":"11 Mar 15","id":"575678121917091840"}
{"_id":{"$oid":"57cba7e27fea4b15b7513f03"},"username":"MassCuu","url":"/MassCuu/status/575663691862953985?p=v","text_tweet":"DBD nya DBD Tapi DemamBeberesData Mencret daahh","time":"11 Mar 15","id":"575663691862953985"}
{"_id":{"$oid":"57cba7e27fea4b15b7513f04"},"username":"GEMAWAHYUH","url":"/GEMAWAHYUH/status/575607822727143425?p=v","text_tweet":"Tiga Orang Meninggal Akibat Demam Berdarah","time":"11 Mar 15","id":"575607822727143425"}
{"_id":{"$oid":"57cba7e27fea4b15b7513f05"},"username":"abu_waras","url":"/abu_waras/status/575618084242767874?p=v","text_tweet":"Bang Haji Apakah abang digigitnyamuk Aides nyamuknya yg kena DBD","time":"11 Mar 15","id":"575618084242767874"}
{"_id":{"$oid":"57cba7e27fea4b15b7513f06"},"username":"abu_waras","url":"/abu_waras/status/575618084242767874?p=v","text_tweet":"Ajarin Ilmunya Ahok bang","time":"11 Mar 15","id":"575618084242767874"}
{"_id":{"$oid":"57cba7e27fea4b15b7513f07"},"username":"abu_waras","url":"/abu_waras/status/575791065392812033?p=v","text_tweet":"Haji Lulung meludah kena Demam Berdarah sembuh","time":"11 Mar 15","id":"575791065392812033"}
{"_id":{"$oid":"57cba7e27fea4b15b7513f08"},"username":"YunaFira","url":"/YunaFira/status/575604206486224896?p=v","text_tweet":"yaelah cewek gitu sih wkwk dbd","time":"11 Mar 15","id":"575604206486224896"}
{"_id":{"$oid":"57cba7e27fea4b15b7513f09"},"username":"YunaFira","url":"/YunaFira/status/575604206486224896?p=v","text_tweet":"Gk aja bg tifes v","time":"11 Mar 15","id":"575604206486224896"}
{"_id":{"$oid":"57cba7e27fea4b15b7513f0a"},"username":"sendy_pt21","url":"/sendy_pt21/status/575601398315905024?p=v","text_tweet":"DBD enjel enjel ulangtahun 19 selamatmenempuh dunia semoga amal ibadahnya diterima","time":"11 Mar 15","id":"575601398315905024"}
{"_id":{"$oid":"57cba7e27fea4b15b7513f0b"},"username":"sendy_pt21","url":"/sendy_pt21/status/575601398315905024?p=v","text_tweet":"Amin","time":"11 Mar 15","id":"575601398315905024"}
{"_id":{"$oid":"57cba7e27fea4b15b7513f0c"},"username":"ShaTwo","url":"/ShaTwo/status/575562976809320448?p=v","text_tweet":"RT Sakit DBD Dadakan Beresin Data nya AHOK","time":"11 Mar 15","id":"575562976809320448"}
{"_id":{"$oid":"57cba7e27fea4b15b7513f0d"},"username":"DebbyRegiaaa","url":"/DebbyRegiaaa/status/575644620534607874?p=v","text_tweet":"oh gitu kalo sakit dbd keknya Yamudahanay cpt sembuh","time":"11 Mar 15","id":"575644620534607874"}
{"_id":{"$oid":"57cba7e27fea4b15b7513f0e"},"username":"indrajja_llah","url":"/indrajja_llah/status/575692564617031680?p=v","text_tweet":"kokoh sakit DBD kirain lg fit kokoh makan nyamuk aja drpd kokoh diseot nyamuk","time":"11 Mar 15","id":"575692564617031680"}
{"_id":{"$oid":"57cba7e27fea4b15b7513f0f"},"username":"ed_moorcy","url":"/ed_moorcy/status/575629939560439808?p=v","text_tweet":"Hok kena demam berdarah","time":"11 Mar 15","id":"575629939560439808"}
{"_id":{"$oid":"57cba7e27fea4b15b7513f10"},"username":"ed_moorcy","url":"/ed_moorcy/status/575629939560439808?p=v","text_tweet":"Pake KIS berobat gih","time":"11 Mar 15","id":"575629939560439808"}
{"_id":{"$oid":"57cba7e27fea4b15b7513f11"},"username":"ed_moorcy","url":"/ed_moorcy/status/575629939560439808?p=v","text_tweet":"Ntr mati kalo tlat","time":"11 Mar 15","id":"575629939560439808"}
{"_id":{"$oid":"57cba7e37fea4b15b7513f12"},"username":"ghazal_dhf","url":"/ghazal_dhf/status/575690501405417472?p=v","text_tweet":"25 fact ur gf","time":"11 Mar 15","id":"575690501405417472"}
{"_id":{"$oid":"57cba7e37fea4b15b7513f13"},"username":"ghazal_dhf","url":"/ghazal_dhf/status/575690501405417472?p=v","text_tweet":"udh","time":"11 Mar 15","id":"575690501405417472"}
{"_id":{"$oid":"57cba7e37fea4b15b7513f14"},"username":"BeritaJakarta","url":"/BeritaJakarta/status/575603220850081793?p=v","text_tweet":"2 Bulan 88 Warga Jakbar Terkena DBD","time":"11 Mar 15","id":"575603220850081793"}
{"_id":{"$oid":"57cba7e37fea4b15b7513f15"},"username":"galihasoygeboy","url":"/galihasoygeboy/status/575610961261826049?p=v","text_tweet":"1 orang byr 50rb 1 pasien sakit db 7jt seminggu ada brp pasien di indo","time":"11 Mar 15","id":"575610961261826049"}
{"_id":{"$oid":"57cba7e37fea4b15b7513f16"},"username":"galihasoygeboy","url":"/galihasoygeboy/status/575610961261826049?p=v","text_tweet":"gak nyucuk","time":"11 Mar 15","id":"575610961261826049"}
{"_id":{"$oid":"57cba7e37fea4b15b7513f17"},"username":"StockNewsWires","url":"/StockNewsWires/status/575714056587382784?p=v","text_tweet":"DBD SEC Filing for DBD Form DEF 14A No","time":"11 Mar 15","id":"575714056587382784"}
{"_id":{"$oid":"57cba7e37fea4b15b7513f18"},"username":"sulutnetwork","url":"/sulutnetwork/status/575687990497972224?p=v","text_tweet":"Menteri Kesehatan Apresiasi Gertak Lawan DBD Sulawesi Utara","time":"11 Mar 15","id":"575687990497972224"}
{"_id":{"$oid":"57cba7e37fea4b15b7513f19"},"username":"Berita9TV","url":"/Berita9TV/status/575687544400035840?p=v","text_tweet":"Ratusan orang korban demam berdarah di Subang","time":"11 Mar 15","id":"575687544400035840"}
{"_id":{"$oid":"57cba7e37fea4b15b7513f1a"},"username":"Berita9TV","url":"/Berita9TV/status/575614944047054848?p=v","text_tweet":"Gubernur DKI Jakarta Basuki Tjahaja Purnama Ahok sakit demam berdarah","time":"11 Mar 15","id":"575614944047054848"}
{"_id":{"$oid":"57cba7e37fea4b15b7513f1b"},"username":"Berita9TV","url":"/Berita9TV/status/575614944047054848?p=v","text_tweet":"Bukannya bersimpati","time":"11 Mar 15","id":"575614944047054848"}
{"_id":{"$oid":"57cba7e37fea4b15b7513f1c"},"username":"GspRadio","url":"/GspRadio/status/575802689419767808?p=v","text_tweet":"Orang Meninggal Akibat Demam Berdarah","time":"11 Mar 15","id":"575802689419767808"}
{"_id":{"$oid":"57cba7e37fea4b15b7513f1d"},"username":"itsmeRahmat","url":"/itsmeRahmat/status/575661837364023296?p=v","text_tweet":"Kasus DBD di Jaksel Tertinggi di Jakarta Kasus demam berdarah ada di Jakarta","time":"11 Mar 15","id":"575661837364023296"}
{"_id":{"$oid":"57cba7e37fea4b15b7513f1e"},"username":"itsmeRahmat","url":"/itsmeRahmat/status/575574798278987777?p=v","text_tweet":"Kasus DBD Tertinggi Ada di Jakarta Selatan Bahaya penyakit demam berdarah mengha","time":"11 Mar 15","id":"575574798278987777"}
{"_id":{"$oid":"57cba7e37fea4b15b7513f1f"},"username":"PondokCabeilir","url":"/PondokCabeilir/status/575573227516354560?p=v","text_tweet":"Kasus DBD Tertinggi Ada di Jakarta Selatan Wartakota","time":"11 Mar 15","id":"575573227516354560"}
{"_id":{"$oid":"57cba7e37fea4b15b7513f20"},"username":"Assadiqulhaq","url":"/Assadiqulhaq/status/575555999433625600?p=v","text_tweet":"2 Bulan 88 Warga Jakbar Terkena DBD","time":"11 Mar 15","id":"575555999433625600"}
{"_id":{"$oid":"57cba7e37fea4b15b7513f21"},"username":"merantionline","url":"/merantionline/status/575636795863474176?p=v","text_tweet":"Kasus DBD Di Meranti Cenderung Meningkat","time":"11 Mar 15","id":"575636795863474176"}
{"_id":{"$oid":"57cba7e37fea4b15b7513f22"},"username":"bungtomsss","url":"/bungtomsss/status/575602183091019776?p=v","text_tweet":"Tiga Orang Meninggal Akibat Demam Berdarah","time":"11 Mar 15","id":"575602183091019776"}
{"_id":{"$oid":"57cba7e37fea4b15b7513f23"},"username":"haloJakarta","url":"/haloJakarta/status/575658912487243776?p=v","text_tweet":"Kasus DBD di Jaksel Tertinggi di Jakarta","time":"11 Mar 15","id":"575658912487243776"}
{"_id":{"$oid":"57cba7e37fea4b15b7513f24"},"username":"haloJakarta","url":"/haloJakarta/status/575582755079200769?p=v","text_tweet":"Kasus DBD Tertinggi Ada di Jakarta Selatan","time":"11 Mar 15","id":"575582755079200769"}
{"_id":{"$oid":"57cba7e37fea4b15b7513f25"},"username":"DengueNews","url":"/DengueNews/status/575660325694918656?p=v","text_tweet":"News Dengue Fever Takes the Plunge Santa Barbara Independent","time":"11 Mar 15","id":"575660325694918656"}
{"_id":{"$oid":"57cba7e37fea4b15b7513f26"},"username":"DengueNews","url":"/DengueNews/status/575639414531047424?p=v","text_tweet":"News Dengue Fever Takes the Plunge Santa Barbara Independent","time":"11 Mar 15","id":"575639414531047424"}
{"_id":{"$oid":"57cba7e37fea4b15b7513f27"},"username":"DengueNews","url":"/DengueNews/status/575764676820099072?p=v","text_tweet":"News Dengue Fever Takes the Plunge Santa Barbara Independent","time":"11 Mar 15","id":"575764676820099072"}
{"_id":{"$oid":"57cba7e37fea4b15b7513f28"},"username":"DengueNews","url":"/DengueNews/status/575680821283057664?p=v","text_tweet":"News Dengue Fever Takes the Plunge Santa Barbara Independent","time":"11 Mar 15","id":"575680821283057664"}
{"_id":{"$oid":"57cba7e37fea4b15b7513f29"},"username":"DengueNews","url":"/DengueNews/status/575619268630310912?p=v","text_tweet":"News Dengue Fever Takes the Plunge Santa Barbara Independent","time":"11 Mar 15","id":"575619268630310912"}
{"_id":{"$oid":"57cba7e37fea4b15b7513f2a"},"username":"DengueNews","url":"/DengueNews/status/575600966281510913?p=v","text_tweet":"News Dengue Fever Takes the Plunge Santa Barbara Independent","time":"11 Mar 15","id":"575600966281510913"}
{"_id":{"$oid":"57cba7e37fea4b15b7513f2b"},"username":"DengueNews","url":"/DengueNews/status/575581722005401600?p=v","text_tweet":"News Dengue Fever Takes the Plunge Santa Barbara Independent","time":"11 Mar 15","id":"575581722005401600"}
{"_id":{"$oid":"57cba7e37fea4b15b7513f2c"},"username":"DengueNews","url":"/DengueNews/status/575802425384157185?p=v","text_tweet":"News Dengue Fever Takes the Plunge Santa Barbara Independent","time":"11 Mar 15","id":"575802425384157185"}
{"_id":{"$oid":"57cba7e37fea4b15b7513f2d"},"username":"rdi971","url":"/rdi971/status/575644891482484736?p=v","text_tweet":"nemenin pagi jam 6 10 Senin Jumat di Tempat Kamu persembahan ENTROSTOP","time":"11 Mar 15","id":"575644891482484736"}
{"_id":{"$oid":"57cba7e37fea4b15b7513f2e"},"username":"rullyarmein","url":"/rullyarmein/status/575572635091865600?p=v","text_tweet":"RT Rupiah kena DBD Rupiah Semakin Melemah","time":"11 Mar 15","id":"575572635091865600"}
{"_id":{"$oid":"57cba7e37fea4b15b7513f2f"},"username":"LAPOR1708","url":"/LAPOR1708/status/575560496994250753?p=v","text_tweet":"Apakah Penyakit DBD Ditanggung Oleh BPJS Kesehatan","time":"11 Mar 15","id":"575560496994250753"}
{"_id":{"$oid":"57cba7e37fea4b15b7513f30"},"username":"LAPOR1708","url":"/LAPOR1708/status/575560496994250753?p=v","text_tweet":"via","time":"11 Mar 15","id":"575560496994250753"}
{"_id":{"$oid":"57cba7e47fea4b15b7513f31"},"username":"SastroPurwanto","url":"/SastroPurwanto/status/575651649718366208?p=v","text_tweet":"Setelah Hak Angket DPRD Persoalkan Ahok Center takut A DBD","time":"11 Mar 15","id":"575651649718366208"}
{"_id":{"$oid":"57cba7e47fea4b15b7513f32"},"username":"GheaaaNona","url":"/GheaaaNona/status/575672126562115585?p=v","text_tweet":"Waspada Demam Berdarah di Pergantian Musim","time":"11 Mar 15","id":"575672126562115585"}
{"_id":{"$oid":"57cba7e47fea4b15b7513f33"},"username":"SurabayaUmroh","url":"/SurabayaUmroh/status/575595942570688512?p=v","text_tweet":"Dituduh Sembunyikan Data DBD Bupati Jombang Dilaporkan Gubernur gt","time":"11 Mar 15","id":"575595942570688512"}
{"_id":{"$oid":"57cba7e47fea4b15b7513f34"},"username":"SurabayaUmroh","url":"/SurabayaUmroh/status/575595647237128192?p=v","text_tweet":"Data DBD Diduga Fiktif Repdem Laporkan Bupati Jombang Gubernur gt","time":"11 Mar 15","id":"575595647237128192"}
{"_id":{"$oid":"57cba7e47fea4b15b7513f35"},"username":"ian_foenk","url":"/ian_foenk/status/575568891277144064?p=v","text_tweet":"hpnya terkena DBD","time":"11 Mar 15","id":"575568891277144064"}
{"_id":{"$oid":"57cba7e47fea4b15b7513f36"},"username":"ian_foenk","url":"/ian_foenk/status/575568891277144064?p=v","text_tweet":"ha3","time":"11 Mar 15","id":"575568891277144064"}
